Q0085	P00854	0
Q0130	P61829	1
YAL001C	P34111	2
YAL002W	P39702	3
YAL003W	P32471	4
YAL004W	P39703	5
YAL005C	P10591	6
YAL007C	P39704	7
YAL009W	P18410	8
YAL010C	P18409	9
YAL011W	P31376	10
YAL012W	P31373	11
YAL013W	P31385	12
YAL014C	P31377	13
YAL015C	P31378	14
YAL016W	P31383	15
YAL017W	P31374	16
YAL018C	P31379	17
YAL019W	P31380	18
YAL021C	P31384	19
YAL022C	P31381	20
YAL023C	P31382	21
YAL024C	P07866	22
YAL025C	P10962	23
YAL026C	P39524	24
YAL027W	P39735	25
YAL028W	P39734	26
YAL029C	P32492	27
YAL030W	P31109	28
YAL031C	P39732	29
YAL032C	P28004	30
YAL033W	P28005	31
YAL034C	P28003	32
YAL034W-A	P39731	33
YAL035W	P39730	34
YAL036C	P39729	35
YAL038W	P00549	36
YAL040C	P13365	37
YAL041W	P11433	38
YAL042W	P39727	39
YAL043C	Q01329	40
YAL045C	P39725	41
YAL047C	P39723	42
YAL049C	P39721	43
YAL051W	P39720	44
YAL053W	P39719	45
YAL054C	Q01574	46
YAL055W	P39718	47
YAL056W	P39717	48
YAL058W	P27825	49
YAL059W	P39715	50
YAL061W	P39713	51
YAL062W	P39708	52
YAL064W	O13512	53
YAL066W	P39710	54
YAL067C	P39709	55
YAR002C-A	Q05359	56
YAR002W	P39705	57
YAR003W	P39706	58
YAR007C	P22336	59
YAR008W	P39707	60
YAR014C	P27637	61
YAR018C	P22209	62
YAR019C	P27636	63
YAR020C	P39545	64
YAR023C	D6VPM8	65
YAR027W	P39547	66
YAR028W	P39548	67
YAR030C	P39550	68
YAR031W	P39551	69
YAR033W	P39552	70
YAR035W	P80235	71
YAR042W	P35845	72
YAR044W	P35845	73
YAR047C	P39557	74
YAR060C	P0CX88	75
YAR066W	P0CX18	76
YAR069C	P0CX92	77
YAR071W	P35842	78
YAR073W	P39567	79
YBL001C	P35195	80
YBL002W	P02294	81
YBL003C	P04912	82
YBL004W	P35194	83
YBL005W	Q12490	84
YBL006C	P38210	85
YBL007C	P32790	86
YBL008W	P32479	87
YBL009W	P32789	88
YBL010C	P32788	89
YBL014C	P32786	90
YBL015W	P32316	91
YBL016W	P16892	92
YBL017C	P32319	93
YBL018C	P38208	94
YBL019W	P38207	95
YBL020W	P38206	96
YBL021C	P13434	97
YBL022C	P36775	98
YBL023C	P29469	99
YBL024W	P38205	100
YBL025W	P38204	101
YBL026W	P38203	102
YBL029W	P38201	103
YBL030C	P18239	104
YBL031W	P38200	105
YBL032W	P38199	106
YBL033C	P38066	107
YBL034C	P38198	108
YBL035C	P38121	109
YBL036C	P38197	110
YBL037W	P38065	111
YBL038W	P38064	112
YBL039C	P28274	113
YBL040C	P18414	114
YBL041W	P23724	115
YBL043W	P38195	116
YBL044W	P38194	117
YBL045C	P07256	118
YBL046W	P38193	119
YBL047C	P34216	120
YBL049W	P38191	121
YBL050W	P32602	122
YBL051C	P34217	123
YBL052C	P34218	124
YBL053W	P38190	125
YBL056W	P34221	126
YBL058W	P34223	127
YBL059W	P34224	128
YBL061C	P34226	129
YBL063W	P28742	130
YBL064C	P34227	131
YBL065W	P38188	132
YBL066C	P34228	133
YBL067C	P38187	134
YBL068W	P38063	135
YBL071C	P38185	136
YBL074C	P32357	137
YBL075C	P09435	138
YBL076C	P09436	139
YBL078C	P38182	140
YBL079W	P38181	141
YBL080C	P33893	142
YBL082C	P38179	143
YBL085W	P38041	144
YBL088C	P38110	145
YBL089W	P38176	146
YBL090W	P38175	147
YBL091C	P38174	148
YBL092W	P38061	149
YBL093C	P25046	150
YBL094C	P38173	151
YBL095W	P38172	152
YBL097W	P38170	153
YBL098W	P38169	154
YBL099W	P07251	155
YBL100C	P38168	156
YBL101C	P38167	157
YBL102W	P38166	158
YBL103C	P38165	159
YBL104C	P38164	160
YBL105C	P24583	161
YBL106C	P38163	162
YBL107C	P38162	163
YBL108W	P38161	164
YBR003W	P18900	165
YBR004C	P38211	166
YBR006W	P38067	167
YBR008C	P38124	168
YBR010W	P61830	169
YBR011C	P00817	170
YBR012C	P38214	171
YBR017C	P38217	172
YBR018C	P08431	173
YBR019C	P04397	174
YBR020W	P04385	175
YBR021W	P05316	176
YBR023C	P29465	177
YBR024W	P38072	178
YBR025C	P38219	179
YBR027C	P38220	180
YBR028C	P38070	181
YBR029C	P38221	182
YBR033W	P38073	183
YBR034C	P38074	184
YBR035C	P38075	185
YBR036C	P35206	186
YBR037C	P23833	187
YBR038W	P14180	188
YBR039W	P38077	189
YBR040W	P38224	190
YBR041W	P38225	191
YBR043C	P38227	192
YBR044C	P38228	193
YBR045C	P38229	194
YBR047W	P38231	195
YBR049C	P21538	196
YBR050C	P38232	197
YBR054W	P38079	198
YBR055C	P19735	199
YBR056W	P38081	200
YBR057C	P38236	201
YBR058C	P38237	202
YBR059C	P38080	203
YBR060C	P32833	204
YBR061C	P38238	205
YBR063C	P38083	206
YBR064W	P38240	207
YBR065C	P38241	208
YBR066C	P38082	209
YBR067C	P27654	210
YBR068C	P38084	211
YBR069C	P38085	212
YBR070C	P38242	213
YBR072W	P15992	214
YBR073W	P38086	215
YBR074W	P38244	216
YBR076W	P38246	217
YBR077C	P38247	218
YBR078W	P38248	219
YBR079C	P38249	220
YBR080C	P18759	221
YBR081C	P35177	222
YBR083W	P18412	223
YBR084W	P09440	224
YBR085W	P18238	225
YBR086C	P38250	226
YBR087W	P38251	227
YBR088C	P15873	228
YBR089W	P38252	229
YBR091C	P32830	230
YBR094W	P38254	231
YBR095C	P38255	232
YBR096W	P38256	233
YBR097W	P22219	234
YBR098W	P38257	235
YBR099C	P38258	236
YBR101C	P38260	237
YBR102C	P38261	238
YBR103W	P38262	239
YBR105C	P38263	240
YBR106W	P38264	241
YBR107C	P38265	242
YBR108W	P38266	243
YBR109C	P06787	244
YBR110W	P16661	245
YBR112C	P14922	246
YBR113W	P38267	247
YBR114W	P31244	248
YBR115C	P07702	249
YBR116C	P38268	250
YBR117C	P33315	251
YBR119W	P32605	252
YBR120C	P07253	253
YBR121C	P38088	254
YBR122C	P36531	255
YBR123C	P32367	256
YBR124W	P38269	257
YBR125C	P38089	258
YBR126C	Q00764	259
YBR127C	P16140	260
YBR128C	P38270	261
YBR129C	P38271	262
YBR130C	P38272	263
YBR131W	P38273	264
YBR133C	P38274	265
YBR134W	P38275	266
YBR135W	P20486	267
YBR136W	P38111	268
YBR137W	P38276	269
YBR138C	P38277	270
YBR139W	P38109	271
YBR140C	P18963	272
YBR141C	P38278	273
YBR142W	P38112	274
YBR143C	P12385	275
YBR144C	P34215	276
YBR145W	P38113	277
YBR146W	P38120	278
YBR152W	P38282	279
YBR154C	P20434	280
YBR155W	P33313	281
YBR156C	P38283	282
YBR157C	P38284	283
YBR158W	P38285	284
YBR159W	P38286	285
YBR160W	P00546	286
YBR161W	P38287	287
YBR162C	P38288	288
YBR162W-A	P38374	289
YBR166C	P20049	290
YBR167C	P38291	291
YBR168W	P38292	292
YBR169C	P32590	293
YBR170C	P33755	294
YBR171W	P33754	295
YBR172C	P32909	296
YBR173C	P38293	297
YBR174C	P38294	298
YBR175W	P38123	299
YBR176W	P38122	300
YBR178W	P38296	301
YBR179C	P38297	302
YBR180W	P38125	303
YBR183W	P38298	304
YBR184W	P38299	305
YBR186W	P38126	306
YBR187W	P38301	307
YBR188C	P38302	308
YBR190W	P38303	309
YBR192W	P38127	310
YBR193C	P38304	311
YBR194W	P38305	312
YBR195C	P13712	313
YBR196C	P12709	314
YBR198C	P38129	315
YBR199W	P38131	316
YBR200W	P29366	317
YBR201W	P38307	318
YBR202W	P38132	319
YBR203W	P38308	320
YBR204C	P38139	321
YBR205W	P38130	322
YBR207W	P38310	323
YBR208C	P32528	324
YBR209W	P38311	325
YBR211C	P38313	326
YBR212W	P32831	327
YBR213W	P15807	328
YBR214W	P38314	329
YBR215W	Q01448	330
YBR216C	P38315	331
YBR217W	P38316	332
YBR218C	P32327	333
YBR220C	P38318	334
YBR221C	P32473	335
YBR222C	P38137	336
YBR223C	P38319	337
YBR225W	P38321	338
YBR226C	P38322	339
YBR227C	P38323	340
YBR228W	P38324	341
YBR229C	P38138	342
YBR230C	P38325	343
YBR231C	P38326	344
YBR233W	P69850	345
YBR234C	P38328	346
YBR235W	P38329	347
YBR236C	P32783	348
YBR237W	P21372	349
YBR238C	P38330	350
YBR239C	P38140	351
YBR240C	P38141	352
YBR241C	P38142	353
YBR242W	P38331	354
YBR243C	P07286	355
YBR244W	P38143	356
YBR245C	P38144	357
YBR246W	P38332	358
YBR247C	P38333	359
YBR248C	P33734	360
YBR249C	P32449	361
YBR250W	P33757	362
YBR251W	P33759	363
YBR252W	P33317	364
YBR253W	P32570	365
YBR254C	P38334	366
YBR255W	P38335	367
YBR257W	P38336	368
YBR258C	P38337	369
YBR260C	P38339	370
YBR264C	P38146	371
YBR265W	P38342	372
YBR266C	P38343	373
YBR267W	P38344	374
YBR269C	P38345	375
YBR270C	P38346	376
YBR271W	P38347	377
YBR272C	P38348	378
YBR273C	P38349	379
YBR274W	P38147	380
YBR275C	P29539	381
YBR278W	P27344	382
YBR279W	P38351	383
YBR280C	P38352	384
YBR281C	P38149	385
YBR282W	P36526	386
YBR283C	P38353	387
YBR284W	P38150	388
YBR285W	P38354	389
YBR286W	P37302	390
YBR287W	P38355	391
YBR288C	P38153	392
YBR289W	P18480	393
YBR290W	P38356	394
YBR291C	P38152	395
YBR293W	P38358	396
YBR295W	P38360	397
YBR296C	P38361	398
YBR298C	P38156	399
YBR300C	P38362	400
YBR301W	P38155	401
YBR302C	P0CX12	402
YCL005W	Q3E7B6	403
YCL007C	P25603	404
YCL008C	P25604	405
YCL009C	P25605	406
YCL010C	P25554	407
YCL011C	P25555	408
YCL014W	P25558	409
YCL016C	P25559	410
YCL017C	P25374	411
YCL022C	P25562	412
YCL023C	P25563	413
YCL024W	P25389	414
YCL025C	P25376	415
YCL026C-A	P37261	416
YCL027W	P11710	417
YCL028W	P25367	418
YCL029C	P11709	419
YCL030C	P00815	420
YCL031C	P25368	421
YCL032W	P25344	422
YCL033C	P25566	423
YCL034W	P25369	424
YCL035C	P25373	425
YCL037C	P25567	426
YCL038C	P25568	427
YCL039W	P25569	428
YCL040W	P17709	429
YCL042W	P25572	430
YCL043C	P17967	431
YCL044C	P25573	432
YCL045C	P25574	433
YCL046W	P25575	434
YCL049C	P25577	435
YCL050C	P16550	436
YCL051W	P25579	437
YCL052C	P25580	438
YCL054W	P25582	439
YCL055W	P25583	440
YCL056C	P25584	441
YCL057W	P25375	442
YCL058C	P25585	443
YCL059C	P25586	444
YCL061C	P25588	445
YCL063W	P25591	446
YCL065W	P37264	447
YCL066W	P0CY07	448
YCL076W	P25602	449
YCR001W	P25347	450
YCR002C	P25342	451
YCR003W	P25348	452
YCR004C	P25349	453
YCR005C	P08679	454
YCR007C	P25354	455
YCR008W	P25333	456
YCR009C	P25343	457
YCR010C	P25613	458
YCR011C	P25371	459
YCR012W	P00560	460
YCR014C	P25615	461
YCR015C	P25616	462
YCR016W	P25617	463
YCR020C-A	P23059	464
YCR021C	P25619	465
YCR022C	P25620	466
YCR023C	P25351	467
YCR024C	P25345	468
YCR024C-A	P32903	469
YCR027C	P25378	470
YCR028C	P25621	471
YCR028C-A	P32445	472
YCR030C	P25623	473
YCR033W	P25357	474
YCR034W	P25358	475
YCR035C	P25359	476
YCR036W	P25332	477
YCR038C	P25300	478
YCR041W	P37265	479
YCR042C	P23255	480
YCR044C	P25625	481
YCR045C	P25381	482
YCR046C	P25626	483
YCR047C	P25627	484
YCR048W	P25628	485
YCR050C	P25630	486
YCR052W	P25632	487
YCR054C	P25355	488
YCR057C	P25635	489
YCR059C	P25637	490
YCR061W	P25639	491
YCR063W	P25337	492
YCR065W	P25364	493
YCR066W	P10862	494
YCR067C	P25365	495
YCR068W	P25641	496
YCR071C	P25642	497
YCR072C	P25382	498
YCR073C	P25390	499
YCR075C	P17261	500
YCR076C	P25659	501
YCR077C	P25644	502
YCR079W	P25646	503
YCR081W	P25648	504
YCR082W	P25649	505
YCR084C	P16649	506
YCR086W	P25651	507
YCR087C-A	P37263	508
YCR087W	P25652	509
YCR088W	P15891	510
YCR091W	P25341	511
YCR092C	P25336	512
YCR093W	P25655	513
YCR094W	P25656	514
YCR095C	P25366	515
YCR096C	P0CY13	516
YCR097W	P0CY11	517
YCR098C	P25346	518
YCR099C	P25657	519
YCR100C	P25606	520
YCR101C	P25607	521
YCR106W	P25611	522
YDL001W	Q03441	523
YDL002C	Q03435	524
YDL004W	Q12165	525
YDL005C	Q12124	526
YDL006W	P35182	527
YDL007W	P40327	528
YDL008W	Q12157	529
YDL011C	Q12023	530
YDL012C	Q12489	531
YDL014W	P15646	532
YDL015C	Q99190	533
YDL016C	Q12115	534
YDL017W	P06243	535
YDL019C	Q12451	536
YDL020C	Q03465	537
YDL022W	Q00055	538
YDL024C	P52290	539
YDL026W	Q12147	540
YDL028C	P54199	541
YDL029W	P32381	542
YDL030W	P19736	543
YDL031W	Q12389	544
YDL035C	Q12361	545
YDL036C	Q12069	546
YDL037C	Q12140	547
YDL041W	Q12352	548
YDL042C	P06700	549
YDL043C	Q07350	550
YDL044C	P10849	551
YDL045C	P38913	552
YDL046W	Q12408	553
YDL047W	P20604	554
YDL049C	P50112	555
YDL050C	Q07355	556
YDL051W	P33399	557
YDL052C	P33333	558
YDL053C	Q07362	559
YDL054C	Q07376	560
YDL055C	P41940	561
YDL056W	P39678	562
YDL058W	P25386	563
YDL059C	Q12223	564
YDL060W	Q07381	565
YDL061C	P41058	566
YDL064W	P50623	567
YDL065C	Q07418	568
YDL066W	P21954	569
YDL067C	P07255	570
YDL070W	Q07442	571
YDL071C	Q07438	572
YDL072C	Q07451	573
YDL074C	Q07457	574
YDL075W	P0C2H8	575
YDL076C	Q07458	576
YDL077C	Q07468	577
YDL078C	P32419	578
YDL080C	Q07471	579
YDL081C	P05318	580
YDL084W	Q07478	581
YDL085W	Q07500	582
YDL086W	Q07505	583
YDL087C	Q07508	584
YDL088C	Q05166	585
YDL089W	Q12066	586
YDL090C	P22007	587
YDL091C	Q12229	588
YDL092W	P38985	589
YDL093W	P52867	590
YDL094C	Q07509	591
YDL095W	P33775	592
YDL096C	Q07521	593
YDL097C	Q12377	594
YDL098C	Q12368	595
YDL099W	Q12191	596
YDL100C	Q12154	597
YDL101C	P39009	598
YDL102W	P15436	599
YDL103C	P43123	600
YDL105W	P43124	601
YDL106C	P07269	602
YDL108W	P06242	603
YDL110C	Q12513	604
YDL111C	Q12277	605
YDL112W	Q07527	606
YDL113C	Q07528	607
YDL114W	Q07530	608
YDL115C	Q07532	609
YDL116W	P52891	610
YDL117W	Q07533	611
YDL118W	Q07535	612
YDL121C	Q07541	613
YDL123W	Q07549	614
YDL124W	Q07551	615
YDL125C	Q04344	616
YDL126C	P25694	617
YDL127W	P25693	618
YDL128W	Q99385	619
YDL129W	Q07555	620
YDL130W	P10622	621
YDL132W	Q12018	622
YDL133W	Q12516	623
YDL134C	P23594	624
YDL135C	Q12434	625
YDL137W	P19146	626
YDL139C	Q12334	627
YDL140C	P04050	628
YDL143W	P39078	629
YDL144C	Q07589	630
YDL145C	P53622	631
YDL146W	Q12342	632
YDL147W	Q12250	633
YDL148C	Q99207	634
YDL149W	Q12142	635
YDL150W	P25441	636
YDL153C	Q12136	637
YDL154W	Q12175	638
YDL155W	P24870	639
YDL156W	Q12510	640
YDL157C	Q12082	641
YDL158C	Q12047	642
YDL159W	P06784	643
YDL160C	P39517	644
YDL161W	Q12518	645
YDL162C	Q12307	646
YDL164C	P04819	647
YDL165W	P06100	648
YDL166C	Q12055	649
YDL167C	P32770	650
YDL168W	P32771	651
YDL171C	Q12680	652
YDL173W	Q12515	653
YDL175C	Q12476	654
YDL178W	P46681	655
YDL180W	Q12301	656
YDL181W	P01097	657
YDL183C	P48569	658
YDL185W	P17255	659
YDL186W	P48568	660
YDL188C	P23595	661
YDL190C	P54860	662
YDL192W	P11076	663
YDL193W	Q12063	664
YDL196W	Q12187	665
YDL198C	P38988	666
YDL199C	Q12407	667
YDL200C	P26188	668
YDL203C	Q07622	669
YDL204W	Q12443	670
YDL206W	Q12424	671
YDL207W	Q12315	672
YDL208W	P32495	673
YDL209C	Q12046	674
YDL210W	P32837	675
YDL212W	Q02774	676
YDL213C	Q07623	677
YDL214C	Q12310	678
YDL215C	P33327	679
YDL216C	Q12468	680
YDL217C	Q12328	681
YDL219W	Q07648	682
YDL220C	P32797	683
YDL221W	Q07649	684
YDL224C	Q07655	685
YDL225W	Q07657	686
YDL226C	P35197	687
YDL230W	P25044	688
YDL231C	Q07660	689
YDL232W	Q99380	690
YDL233W	Q07684	691
YDL235C	Q07688	692
YDL236W	P19881	693
YDL237W	Q07716	694
YDL238C	Q07729	695
YDL239C	Q07732	696
YDL240W	P35688	697
YDL243C	Q07747	698
YDL247W	P0CD99	699
YDL248W	Q07788	700
YDR001C	P32356	701
YDR002W	P41920	702
YDR003W	Q03446	703
YDR004W	P25301	704
YDR005C	P41910	705
YDR006C	P40317	706
YDR007W	P00912	707
YDR009W	P13045	708
YDR010C	Q12426	709
YDR013W	Q12488	710
YDR016C	Q12248	711
YDR017C	Q12494	712
YDR018C	Q12185	713
YDR020C	Q12084	714
YDR021W	Q12099	715
YDR022C	Q12421	716
YDR023W	P07284	717
YDR026C	Q12457	718
YDR027C	Q12071	719
YDR028C	Q00816	720
YDR030C	Q12021	721
YDR031W	Q04341	722
YDR032C	Q12335	723
YDR034C	Q12472	724
YDR036C	P28817	725
YDR037W	P15180	726
YDR038C	Q12691	727
YDR039C	Q01896	728
YDR041W	Q03201	729
YDR042C	Q03205	730
YDR043C	Q03125	731
YDR044W	P11353	732
YDR045C	Q04307	733
YDR046C	P41815	734
YDR050C	P00942	735
YDR052C	P32325	736
YDR054C	P14682	737
YDR056C	Q12025	738
YDR060W	Q12176	739
YDR061W	Q12298	740
YDR062W	P40970	741
YDR063W	Q12156	742
YDR066C	Q12378	743
YDR067C	Q12454	744
YDR068W	P54858	745
YDR069C	P32571	746
YDR070C	Q12497	747
YDR071C	Q12447	748
YDR072C	P38954	749
YDR073W	P38956	750
YDR074W	P31688	751
YDR075W	P32345	752
YDR076W	P38953	753
YDR077W	Q01589	754
YDR078C	P38957	755
YDR079W	P38958	756
YDR080W	P38959	757
YDR082W	P38960	758
YDR084C	P38962	759
YDR085C	P33304	760
YDR086C	P35179	761
YDR087C	P35178	762
YDR088C	Q02775	763
YDR091C	Q03195	764
YDR092W	P52490	765
YDR093W	Q12675	766
YDR095C	Q03831	767
YDR097C	Q03834	768
YDR098C	Q03835	769
YDR099W	P34730	770
YDR100W	Q03860	771
YDR101C	Q03862	772
YDR102C	Q03864	773
YDR103W	P32917	774
YDR105C	Q12116	775
YDR106W	Q04549	776
YDR107C	Q04562	777
YDR108W	P46944	778
YDR110W	O13329	779
YDR111C	P52892	780
YDR113C	P40316	781
YDR115W	Q04598	782
YDR116C	Q04599	783
YDR118W	Q04601	784
YDR119W	Q2V2P9	785
YDR120C	P15565	786
YDR121W	Q04603	787
YDR122W	P13185	788
YDR123C	P26798	789
YDR126W	Q04629	790
YDR127W	P08566	791
YDR128W	Q03897	792
YDR129C	P32599	793
YDR130C	Q03898	794
YDR131C	Q03899	795
YDR132C	Q03900	796
YDR133C	Q03904	797
YDR135C	P39109	798
YDR136C	Q03913	799
YDR137W	P16664	800
YDR138W	P17629	801
YDR139C	Q03919	802
YDR140W	Q03920	803
YDR141C	Q03921	804
YDR142C	P39108	805
YDR143C	P22470	806
YDR144C	P53379	807
YDR145W	Q03761	808
YDR146C	P08153	809
YDR148C	P19262	810
YDR150W	Q00402	811
YDR151C	P47976	812
YDR152W	Q03768	813
YDR155C	P14832	814
YDR158W	P13663	815
YDR159W	P46674	816
YDR162C	Q12163	817
YDR164C	P30619	818
YDR166C	P89102	819
YDR167W	Q12030	820
YDR168W	P06101	821
YDR169C	Q12427	822
YDR170C	P11075	823
YDR171W	Q12329	824
YDR172W	P05453	825
YDR173C	P07250	826
YDR174W	Q03973	827
YDR175C	Q03976	828
YDR176W	P32494	829
YDR177W	P21734	830
YDR178W	P37298	831
YDR179C	Q03981	832
YDR180W	Q04002	833
YDR181C	Q04003	834
YDR183W	Q04004	835
YDR184C	Q04005	836
YDR186C	Q04007	837
YDR188W	P39079	838
YDR189W	P22213	839
YDR190C	Q03940	840
YDR192C	P49686	841
YDR194C	P15424	842
YDR195W	P42073	843
YDR196C	Q03941	844
YDR198C	Q03942	845
YDR200C	Q03944	846
YDR201W	Q03954	847
YDR202C	Q03956	848
YDR205W	Q03455	849
YDR206W	Q03466	850
YDR207C	P39001	851
YDR211W	P32501	852
YDR212W	P12612	853
YDR213W	Q12151	854
YDR214W	Q12449	855
YDR215C	Q12240	856
YDR216W	P07248	857
YDR217C	P14737	858
YDR218C	Q04921	859
YDR219C	Q04922	860
YDR223W	Q04930	861
YDR224C	P02293	862
YDR225W	P04911	863
YDR226W	P07170	864
YDR227W	P11978	865
YDR228C	P39081	866
YDR229W	Q04934	867
YDR231C	Q04935	868
YDR233C	Q04947	869
YDR235W	Q03776	870
YDR237W	P36519	871
YDR238C	P41810	872
YDR239C	Q03780	873
YDR240C	Q03782	874
YDR243C	P23394	875
YDR244W	P35056	876
YDR245W	P50108	877
YDR246W	Q03784	878
YDR247W	Q03785	879
YDR249C	Q03787	880
YDR250C	Q03788	881
YDR251W	P37304	882
YDR252W	P40314	883
YDR253C	Q12041	884
YDR254W	P38907	885
YDR255C	Q12508	886
YDR256C	P15202	887
YDR259C	Q03935	888
YDR260C	Q12379	889
YDR263C	Q12086	890
YDR264C	P39010	891
YDR265W	Q05568	892
YDR266C	Q05580	893
YDR267C	Q05583	894
YDR268W	P04803	895
YDR269C	P87281	896
YDR270W	P38995	897
YDR271C	P87282	898
YDR273W	Q05610	899
YDR274C	P87283	900
YDR275W	Q05611	901
YDR276C	P87284	902
YDR277C	P35198	903
YDR279W	Q05635	904
YDR280W	Q05636	905
YDR281C	Q05637	906
YDR283C	P15442	907
YDR284C	Q05521	908
YDR285W	P31111	909
YDR286C	Q05530	910
YDR287W	Q05533	911
YDR288W	Q05541	912
YDR289C	Q05543	913
YDR290W	P87280	914
YDR292C	P32916	915
YDR293C	P24276	916
YDR295C	Q06629	917
YDR296W	Q06630	918
YDR297W	P38992	919
YDR298C	P09457	920
YDR299W	Q06631	921
YDR300C	P32264	922
YDR301W	Q06632	923
YDR303C	Q06639	924
YDR304C	P35176	925
YDR306C	Q06640	926
YDR307W	Q06644	927
YDR308C	P47822	928
YDR309C	Q06648	929
YDR310C	P46676	930
YDR311W	P32776	931
YDR313C	Q06651	932
YDR314C	Q06665	933
YDR315C	Q06667	934
YDR316W	P0C2I2	935
YDR317W	Q06674	936
YDR318W	Q06675	937
YDR319C	Q06676	938
YDR320C	P69851	939
YDR321W	P38986	940
YDR322C-A	P81449	941
YDR322W	Q06678	942
YDR323C	P32609	943
YDR324C	Q06679	944
YDR326C	Q06681	945
YDR327W	P87288	946
YDR328C	P52286	947
YDR329C	P28795	948
YDR330W	Q06682	949
YDR331W	P49018	950
YDR332W	Q06683	951
YDR333C	Q05468	952
YDR334W	Q05471	953
YDR335W	P52918	954
YDR337W	P21771	955
YDR339C	Q05498	956
YDR340W	Q05503	957
YDR341C	Q05506	958
YDR342C	P39004	959
YDR343C	P39003	960
YDR344C	Q05510	961
YDR346C	Q05515	962
YDR347W	P10662	963
YDR348C	Q05518	964
YDR349C	Q06325	965
YDR350C	P50273	966
YDR351W	P42223	967
YDR353W	P29509	968
YDR356W	P32380	969
YDR357C	Q06333	970
YDR359C	Q06337	971
YDR361C	Q06338	972
YDR362C	Q06339	973
YDR363W	O94742	974
YDR363W-A	O94742	975
YDR364C	P40968	976
YDR365C	Q06344	977
YDR366C	P87287	978
YDR368W	Q12458	979
YDR369C	P33301	980
YDR370C	Q06349	981
YDR372C	Q06385	982
YDR373W	Q06389	983
YDR374C	Q06390	984
YDR376W	P48360	985
YDR377W	Q06405	986
YDR378C	Q06406	987
YDR379W	Q06407	988
YDR380W	Q06408	989
YDR381W	Q12159	990
YDR382W	P02400	991
YDR383C	Q12493	992
YDR384C	Q12359	993
YDR386W	Q04149	994
YDR387C	Q04162	995
YDR388W	P39743	996
YDR389W	P17121	997
YDR390C	P52488	998
YDR392W	P06844	999
YDR394W	P33298	1000
YDR395W	Q04175	1001
YDR397C	Q92317	1002
YDR398W	Q04177	1003
YDR399W	Q04178	1004
YDR400W	Q04179	1005
YDR403W	P21623	1006
YDR404C	P34087	1007
YDR405W	P32387	1008
YDR406W	Q04182	1009
YDR407C	Q04183	1010
YDR408C	P04161	1011
YDR409W	Q04195	1012
YDR410C	P32584	1013
YDR412W	Q04031	1014
YDR413C	P87266	1015
YDR415C	Q04033	1016
YDR416W	Q04048	1017
YDR418W	P0CX54	1018
YDR419W	Q04049	1019
YDR422C	P32578	1020
YDR423C	P24813	1021
YDR424C	Q02647	1022
YDR425W	Q04053	1023
YDR427W	Q04062	1024
YDR428C	Q04066	1025
YDR429C	Q04067	1026
YDR430C	P32898	1027
YDR431W	Q04069	1028
YDR433W	P87269	1029
YDR435C	Q04081	1030
YDR436W	P33329	1031
YDR438W	Q04083	1032
YDR439W	Q04087	1033
YDR440W	Q04089	1034
YDR441C	P36973	1035
YDR442W	P87270	1036
YDR443C	P38931	1037
YDR444W	Q04093	1038
YDR445C	Q04100	1039
YDR446W	Q04110	1040
YDR448W	Q02336	1041
YDR449C	Q02354	1042
YDR452W	Q04119	1043
YDR453C	Q04120	1044
YDR455C	P87271	1045
YDR456W	Q04121	1046
YDR457W	Q03280	1047
YDR459C	Q03289	1048
YDR460W	Q03290	1049
YDR461W	P34165	1050
YDR462W	P36527	1051
YDR463W	Q00947	1052
YDR464W	P38904	1053
YDR468C	Q03322	1054
YDR469W	Q03323	1055
YDR472W	Q03337	1056
YDR473C	Q03338	1057
YDR474C	Q03361	1058
YDR477W	P06782	1059
YDR478W	P40993	1060
YDR479C	Q03370	1061
YDR480W	Q03373	1062
YDR482C	Q03375	1063
YDR483W	P27809	1064
YDR484W	P39904	1065
YDR487C	Q99258	1066
YDR488C	P40960	1067
YDR489W	Q03406	1068
YDR490C	Q03407	1069
YDR494W	Q03430	1070
YDR496C	Q04373	1071
YDR497C	P30605	1072
YDR498C	P28791	1073
YDR499W	Q04377	1074
YDR500C	P51402	1075
YDR502C	P19358	1076
YDR503C	Q04396	1077
YDR504C	Q04398	1078
YDR505C	P50896	1079
YDR506C	Q04399	1080
YDR507C	Q12263	1081
YDR508C	P48813	1082
YDR509W	P87272	1083
YDR510W	Q12306	1084
YDR512C	Q04406	1085
YDR513W	P17695	1086
YDR514C	Q04408	1087
YDR515W	Q12034	1088
YDR516C	Q04409	1089
YDR517W	Q04410	1090
YDR520C	Q04411	1091
YDR523C	P08458	1092
YDR524C	Q04412	1093
YDR526C	P87274	1094
YDR527W	Q04418	1095
YDR528W	Q04429	1096
YDR529C	P00128	1097
YDR530C	P22108	1098
YDR532C	Q04431	1099
YDR533C	Q04432	1100
YDR534C	Q04433	1101
YDR536W	P39932	1102
YDR541C	Q03049	1103
YDR542W	Q03050	1104
YEL002C	P33767	1105
YEL003W	P40005	1106
YEL004W	P40004	1107
YEL005C	P40003	1108
YEL006W	P39953	1109
YEL008W	P40001	1110
YEL009C	P03069	1111
YEL011W	P32775	1112
YEL012W	P28263	1113
YEL013W	P39968	1114
YEL015W	P39998	1115
YEL016C	P39997	1116
YEL017C-A	P40975	1117
YEL017W	P39996	1118
YEL018W	P39995	1119
YEL019C	P38632	1120
YEL020C	P39994	1121
YEL020W-A	O74700	1122
YEL021W	P03962	1123
YEL022W	P39993	1124
YEL023C	P39992	1125
YEL024W	P08067	1126
YEL026W	P39990	1127
YEL027W	P25515	1128
YEL030W	P39987	1129
YEL031W	P39986	1130
YEL032W	P24279	1131
YEL034W	P23301	1132
YEL036C	P32629	1133
YEL037C	P32628	1134
YEL038W	P32626	1135
YEL039C	P00045	1136
YEL041W	P32622	1137
YEL042W	P32621	1138
YEL043W	P32618	1139
YEL046C	P37303	1140
YEL049W	P32612	1141
YEL050C	P32611	1142
YEL051W	P32610	1143
YEL053C	Q02197	1144
YEL055C	P39985	1145
YEL056W	P39984	1146
YEL057C	P39983	1147
YEL058W	P38628	1148
YEL059W	P39982	1149
YEL060C	P09232	1150
YEL061C	P27895	1151
YEL062W	P39923	1152
YEL063C	P04817	1153
YEL064C	P39981	1154
YEL065W	P39980	1155
YEL066W	P39979	1156
YEL068C	P39977	1157
YEL071W	P39976	1158
YEL072W	P39975	1159
YEL076W-C	P89888	1160
YER001W	P39106	1161
YER002W	P40007	1162
YER003C	P29952	1163
YER004W	P40008	1164
YER005W	P40009	1165
YER006W	P40010	1166
YER007C-A	P89886	1167
YER007W	P39937	1168
YER008C	P33332	1169
YER009W	P33331	1170
YER010C	P40011	1171
YER011W	P10863	1172
YER012W	P22141	1173
YER013W	P24384	1174
YER015W	P39518	1175
YER016W	P40013	1176
YER017C	P39925	1177
YER018C	P40014	1178
YER019C-A	P52871	1179
YER019W	P40015	1180
YER020W	P10823	1181
YER021W	P40016	1182
YER022W	P32569	1183
YER023W	P32263	1184
YER025W	P32481	1185
YER026C	P08456	1186
YER027C	Q04739	1187
YER028C	P39943	1188
YER029C	P40018	1189
YER030W	P40019	1190
YER031C	P38555	1191
YER032W	P40020	1192
YER035W	P40023	1193
YER036C	P40024	1194
YER037W	P40025	1195
YER038C	P40026	1196
YER039C	P0CE11	1197
YER040W	P18494	1198
YER041W	P40028	1199
YER043C	P39954	1200
YER044C	P29467	1201
YER045C	P39970	1202
YER047C	P39955	1203
YER048C	P39101	1204
YER049W	P40032	1205
YER051W	P40034	1206
YER052C	P10869	1207
YER053C	P40035	1208
YER054C	P40036	1209
YER056C	P17064	1210
YER057C	P40037	1211
YER058W	Q02771	1212
YER059W	P40038	1213
YER061C	P39525	1214
YER062C	P40106	1215
YER063W	P40040	1216
YER064C	P40041	1217
YER065C	P28240	1218
YER066C-A	P87263	1219
YER066W	P40042	1220
YER067W	P40043	1221
YER068W	P34909	1222
YER069W	Q01217	1223
YER070W	P21524	1224
YER071C	P40045	1225
YER073W	P40047	1226
YER075C	P40048	1227
YER076C	P40049	1228
YER077C	P40050	1229
YER078C	P40051	1230
YER079W	P40052	1231
YER081W	P40054	1232
YER082C	P40055	1233
YER083C	P40056	1234
YER084W	P40057	1235
YER086W	P00927	1236
YER087W	P39965	1237
YER088C	P40059	1238
YER089C	P39966	1239
YER090W	P00899	1240
YER091C	P05694	1241
YER092W	P40060	1242
YER093C	P40061	1243
YER094C	P25451	1244
YER095W	P25454	1245
YER096W	P39000	1246
YER098W	P39967	1247
YER099C	P38620	1248
YER100W	P33296	1249
YER101C	P39945	1250
YER103W	P22202	1251
YER104W	P40063	1252
YER105C	P40064	1253
YER106W	P40065	1254
YER107C	P40066	1255
YER109C	P40068	1256
YER110C	P40069	1257
YER111C	P25302	1258
YER112W	P40070	1259
YER113C	P40071	1260
YER114C	P39969	1261
YER115C	Q01684	1262
YER116C	P40072	1263
YER118C	P40073	1264
YER119C	P40074	1265
YER120W	P40075	1266
YER122C	P38682	1267
YER123W	P39962	1268
YER124C	P40077	1269
YER125W	P39940	1270
YER126C	P40078	1271
YER127W	P40079	1272
YER128W	P40080	1273
YER129W	P38990	1274
YER131W	P39939	1275
YER132C	P32634	1276
YER133W	P32598	1277
YER136W	P39958	1278
YER137C	P0CX71	1279
YER139C	P40084	1280
YER140W	P40085	1281
YER142C	P22134	1282
YER143W	P40087	1283
YER144C	P39944	1284
YER145C	P40088	1285
YER146W	P40089	1286
YER147C	P40090	1287
YER148W	P13393	1288
YER149C	P40091	1289
YER150W	P40092	1290
YER151C	Q01477	1291
YER154W	P39952	1292
YER155C	P39960	1293
YER156C	P40093	1294
YER157W	P40094	1295
YER158C	P40095	1296
YER159C	P40096	1297
YER161C	P06843	1298
YER162C	P14736	1299
YER163C	P32656	1300
YER164W	P32657	1301
YER166W	P32660	1302
YER167W	P33306	1303
YER168C	P21269	1304
YER169W	P39956	1305
YER170W	P26364	1306
YER171W	P06839	1307
YER172C	P32639	1308
YER173W	P32641	1309
YER174C	P32642	1310
YER176W	P32644	1311
YER177W	P29311	1312
YER178W	P16387	1313
YER179W	P25453	1314
YER180C	P32645	1315
YER181C	P40097	1316
YER182W	P40098	1317
YER184C	P39961	1318
YER186C	P40101	1319
YER188W	P40103	1320
YFL001W	P31115	1321
YFL002C	P25808	1322
YFL003C	P40965	1323
YFL004W	P43585	1324
YFL005W	P07560	1325
YFL006W	P43583	1326
YFL007W	P43583	1327
YFL008W	P32908	1328
YFL009W	P07834	1329
YFL010C	P43582	1330
YFL011W	P43581	1331
YFL012W	P43580	1332
YFL013C	P43579	1333
YFL014W	P22943	1334
YFL015C	P43578	1335
YFL016C	P35191	1336
YFL017C	P43577	1337
YFL017W-A	P40204	1338
YFL018C	P09624	1339
YFL020C	P43575	1340
YFL021W	P43574	1341
YFL022C	P15625	1342
YFL023W	P43573	1343
YFL024C	P43572	1344
YFL025C	P43571	1345
YFL026W	D6VTK4	1346
YFL027C	P43570	1347
YFL028C	P43569	1348
YFL029C	P43568	1349
YFL030W	P43567	1350
YFL031W	P41546	1351
YFL033C	P43565	1352
YFL034W	P43564	1353
YFL036W	P13433	1354
YFL037W	P02557	1355
YFL038C	P01123	1356
YFL039C	P60010	1357
YFL040W	P43562	1358
YFL041W	P43561	1359
YFL042C	P43560	1360
YFL044C	P43558	1361
YFL045C	P07283	1362
YFL047W	P43556	1363
YFL048C	P43555	1364
YFL049W	P43554	1365
YFL050C	P43553	1366
YFL051C	P43552	1367
YFL052W	P43551	1368
YFL053W	P43550	1369
YFL054C	P43549	1370
YFL055W	P43548	1371
YFL056C	P43547	1372
YFL062W	P43542	1373
YFL068W	P0CX99	1374
YFR001W	P43586	1375
YFR002W	P34077	1376
YFR003C	P43587	1377
YFR004W	P43588	1378
YFR007W	P43591	1379
YFR008W	P43592	1380
YFR009W	P43535	1381
YFR010W	P43593	1382
YFR011C	P43594	1383
YFR012W	P43595	1384
YFR013W	P43596	1385
YFR014C	P27466	1386
YFR015C	P23337	1387
YFR016C	P43597	1388
YFR017C	P43598	1389
YFR018C	P43599	1390
YFR019W	P34756	1391
YFR021W	P43601	1392
YFR022W	P43602	1393
YFR024C-A	P43603	1394
YFR026C	P43604	1395
YFR027W	P43605	1396
YFR028C	Q00684	1397
YFR031C	P0CX45	1398
YFR032C	P05747	1399
YFR033C	P00127	1400
YFR034C	P07270	1401
YFR036W	P14724	1402
YFR037C	P43609	1403
YFR038W	P43610	1404
YFR039C	P43611	1405
YFR040W	P43612	1406
YFR042W	P43614	1407
YFR043C	P43615	1408
YFR044C	P43616	1409
YFR045W	P43617	1410
YFR046C	P43618	1411
YFR047C	P43619	1412
YFR049W	P19955	1413
YFR050C	P30657	1414
YFR051C	P43621	1415
YFR052W	P32496	1416
YFR053C	P04806	1417
YFR054C	P43622	1418
YFR055W	P43623	1419
YFR057W	P43625	1420
YGL001C	P53199	1421
YGL003C	P53197	1422
YGL004C	P53196	1423
YGL005C	P53195	1424
YGL006W	P38929	1425
YGL008C	P05030	1426
YGL009C	P07264	1427
YGL010W	P25338	1428
YGL011C	P21243	1429
YGL012W	P25340	1430
YGL013C	P12383	1431
YGL014W	P25339	1432
YGL015C	P33199	1433
YGL016W	P32767	1434
YGL017W	P16639	1435
YGL019W	P43639	1436
YGL020C	P53192	1437
YGL021W	P43633	1438
YGL022W	P39007	1439
YGL023C	P53191	1440
YGL024W	P53190	1441
YGL025C	P40356	1442
YGL026C	P00931	1443
YGL027C	P53008	1444
YGL028C	P53189	1445
YGL029W	P53188	1446
YGL030W	P14120	1447
YGL032C	P32781	1448
YGL035C	P27705	1449
YGL036W	P53185	1450
YGL037C	P53184	1451
YGL038C	P31755	1452
YGL040C	P05373	1453
YGL042C	P53181	1454
YGL043W	P07273	1455
YGL044C	P25299	1456
YGL046W	P53179	1457
YGL048C	Q01939	1458
YGL049C	P39936	1459
YGL050W	P53177	1460
YGL051W	P53176	1461
YGL052W	P53175	1462
YGL053W	P53174	1463
YGL054C	P53173	1464
YGL055W	P21147	1465
YGL057C	P53171	1466
YGL058W	P06104	1467
YGL060W	P53169	1468
YGL061C	P53168	1469
YGL062W	P11154	1470
YGL063W	P53167	1471
YGL064C	P53166	1472
YGL065C	P43636	1473
YGL066W	P53165	1474
YGL068W	P53163	1475
YGL069C	P53162	1476
YGL070C	P27999	1477
YGL071W	P22149	1478
YGL073W	P10961	1479
YGL074C	P53160	1480
YGL075C	P53159	1481
YGL077C	P19807	1482
YGL079W	P53158	1483
YGL081W	P53156	1484
YGL083W	P53009	1485
YGL084C	P53154	1486
YGL086W	P40957	1487
YGL087C	P53152	1488
YGL090W	P53150	1489
YGL091C	P52920	1490
YGL092W	P49687	1491
YGL093W	P53148	1492
YGL094C	P53010	1493
YGL095C	P38932	1494
YGL096W	P53147	1495
YGL097W	P21827	1496
YGL098W	P53146	1497
YGL099W	P53145	1498
YGL100W	P53011	1499
YGL102C	P53143	1500
YGL104C	P53142	1501
YGL105W	P46672	1502
YGL106W	P53141	1503
YGL111W	P53136	1504
YGL112C	P53040	1505
YGL113W	P53135	1506
YGL115W	P12904	1507
YGL116W	P26309	1508
YGL117W	P53133	1509
YGL119W	P27697	1510
YGL120C	P53131	1511
YGL121C	P53130	1512
YGL122C	P32505	1513
YGL124C	P53129	1514
YGL126W	P53012	1515
YGL127C	P38633	1516
YGL128C	P52868	1517
YGL129C	Q01163	1518
YGL130W	Q01159	1519
YGL131C	P53127	1520
YGL132W	P53126	1521
YGL133W	P53125	1522
YGL134W	P53124	1523
YGL137W	P41811	1524
YGL139W	P53121	1525
YGL141W	P53119	1526
YGL142C	P30777	1527
YGL143C	P30775	1528
YGL145W	P33891	1529
YGL146C	P53117	1530
YGL147C	P05738	1531
YGL148W	P28777	1532
YGL149W	P53116	1533
YGL150C	P53115	1534
YGL151W	P53114	1535
YGL153W	P53112	1536
YGL154C	P50113	1537
YGL155W	P18898	1538
YGL156W	P22855	1539
YGL157W	P53111	1540
YGL158W	P38622	1541
YGL161C	P53108	1542
YGL162W	P53032	1543
YGL163C	P32863	1544
YGL165C	P53106	1545
YGL166W	P15315	1546
YGL168W	P45820	1547
YGL169W	P32579	1548
YGL170C	P45819	1549
YGL172W	Q02199	1550
YGL173C	P22147	1551
YGL174W	P46947	1552
YGL175C	P46946	1553
YGL178W	P39016	1554
YGL179C	P43637	1555
YGL180W	P53104	1556
YGL181W	P40956	1557
YGL183C	P53102	1558
YGL184C	P53101	1559
YGL185C	P53100	1560
YGL187C	P04037	1561
YGL189C	P39938	1562
YGL190C	Q00362	1563
YGL192W	P41833	1564
YGL194C	P53096	1565
YGL195W	P33892	1566
YGL197W	P53094	1567
YGL198W	P53093	1568
YGL200C	P32803	1569
YGL201C	P53091	1570
YGL202W	P53090	1571
YGL204C	P53089	1572
YGL205W	P13711	1573
YGL206C	P22137	1574
YGL207W	P32558	1575
YGL208W	P34164	1576
YGL210W	P51996	1577
YGL212W	P32912	1578
YGL213C	Q02793	1579
YGL215W	P35190	1580
YGL216W	P53086	1581
YGL217C	P53085	1582
YGL220W	P53082	1583
YGL221C	P53081	1584
YGL222C	P53080	1585
YGL223C	P53079	1586
YGL225W	P40107	1587
YGL226C-A	Q92316	1588
YGL226W	P53077	1589
YGL227W	P53076	1590
YGL229C	P53036	1591
YGL230C	P53074	1592
YGL233W	P22224	1593
YGL234W	P07244	1594
YGL236C	P53070	1595
YGL237C	P06774	1596
YGL238W	P33307	1597
YGL239C	P53069	1598
YGL240W	P53068	1599
YGL241W	P53067	1600
YGL244W	P53064	1601
YGL245W	P46655	1602
YGL246C	P53063	1603
YGL247W	P53062	1604
YGL249W	P53061	1605
YGL250W	P53060	1606
YGL251C	P51979	1607
YGL252C	P32608	1608
YGL254W	P32805	1609
YGL256W	P10127	1610
YGL258W	P53058	1611
YGL259W	P53057	1612
YGL261C	P0CE93	1613
YGL263W	P53053	1614
YGR002C	P53201	1615
YGR003W	P53202	1616
YGR004W	P53203	1617
YGR005C	P41896	1618
YGR006W	P33411	1619
YGR009C	P40357	1620
YGR010W	P53204	1621
YGR013W	P53207	1622
YGR014W	P32334	1623
YGR016W	P53209	1624
YGR017W	P53210	1625
YGR018C	P53211	1626
YGR021W	P53212	1627
YGR023W	P53214	1628
YGR024C	P53215	1629
YGR026W	P53217	1630
YGR028W	P28737	1631
YGR030C	P53218	1632
YGR031W	P53219	1633
YGR032W	P40989	1634
YGR033C	P53220	1635
YGR035C	P53222	1636
YGR036C	P53223	1637
YGR040W	P14681	1638
YGR041W	P53226	1639
YGR042W	P53227	1640
YGR045C	P53229	1641
YGR046W	P53230	1642
YGR047C	P33339	1643
YGR048W	P53044	1644
YGR049W	P32564	1645
YGR050C	P53231	1646
YGR052W	P53233	1647
YGR053C	P53234	1648
YGR054W	P53235	1649
YGR056W	P53236	1650
YGR057C	P53237	1651
YGR058W	P53238	1652
YGR059W	P41901	1653
YGR060W	P53045	1654
YGR061C	P38972	1655
YGR062C	P53239	1656
YGR063C	P32914	1657
YGR064W	P53240	1658
YGR065C	P53241	1659
YGR066C	P53242	1660
YGR067C	P53243	1661
YGR068C	P53244	1662
YGR070W	P53046	1663
YGR071C	P53246	1664
YGR073C	P53247	1665
YGR074W	Q02260	1666
YGR075C	Q00723	1667
YGR076C	P23369	1668
YGR077C	P53248	1669
YGR078C	P48363	1670
YGR079W	P53249	1671
YGR081C	P53251	1672
YGR082W	P35180	1673
YGR083C	P12754	1674
YGR084C	P12686	1675
YGR086C	P53252	1676
YGR087C	P26263	1677
YGR089W	P53253	1678
YGR090W	P53254	1679
YGR092W	P22204	1680
YGR094W	P07806	1681
YGR095C	P53256	1682
YGR097W	P48361	1683
YGR098C	Q03018	1684
YGR099W	P53038	1685
YGR100W	P53258	1686
YGR101W	P53259	1687
YGR102C	P53260	1688
YGR103W	P53261	1689
YGR104C	P32585	1690
YGR105W	P41806	1691
YGR107W	P53263	1692
YGR108W	P24868	1693
YGR110W	P53264	1694
YGR111W	P53265	1695
YGR113W	P53267	1696
YGR115C	P53269	1697
YGR116W	P23615	1698
YGR117C	P53270	1699
YGR119C	P48837	1700
YGR120C	P53271	1701
YGR121C	P40260	1702
YGR122W	P53272	1703
YGR123C	P53043	1704
YGR124W	P49090	1705
YGR126W	P53274	1706
YGR128C	P53276	1707
YGR129W	P53277	1708
YGR130C	P53278	1709
YGR132C	P40961	1710
YGR133W	P29340	1711
YGR134W	P53280	1712
YGR135W	P23638	1713
YGR136W	P53281	1714
YGR138C	P53283	1715
YGR139W	P53284	1716
YGR140W	P32504	1717
YGR141W	P53285	1718
YGR142W	P53286	1719
YGR143W	P33336	1720
YGR144W	P32318	1721
YGR145W	P48234	1722
YGR146C	P48235	1723
YGR148C	P24000	1724
YGR149W	P48236	1725
YGR150C	P48237	1726
YGR151C	P53287	1727
YGR152C	P13856	1728
YGR153W	P48238	1729
YGR154C	P48239	1730
YGR155W	P32582	1731
YGR156W	P39927	1732
YGR157W	P05374	1733
YGR158C	P48240	1734
YGR159C	P27476	1735
YGR160W	P53288	1736
YGR161C	Q12316	1737
YGR162W	P39935	1738
YGR163W	P53290	1739
YGR165W	P53292	1740
YGR166W	P32893	1741
YGR167W	P17891	1742
YGR168C	P53293	1743
YGR169C	P53294	1744
YGR172C	P53039	1745
YGR173W	P53295	1746
YGR174C	P37267	1747
YGR175C	P32476	1748
YGR178C	P53297	1749
YGR180C	P49723	1750
YGR181W	P53299	1751
YGR182C	P53300	1752
YGR184C	P19812	1753
YGR185C	P36421	1754
YGR186W	P41895	1755
YGR187C	P48362	1756
YGR188C	P41695	1757
YGR189C	P53301	1758
YGR191W	P06775	1759
YGR192C	P00359	1760
YGR193C	P16451	1761
YGR194C	P42826	1762
YGR195W	P46948	1763
YGR196C	P46949	1764
YGR197C	P46950	1765
YGR198W	P46951	1766
YGR199W	P42934	1767
YGR200C	P42935	1768
YGR201C	P42936	1769
YGR202C	P13259	1770
YGR203W	P42937	1771
YGR204W	P07245	1772
YGR205W	P42938	1773
YGR206W	P42939	1774
YGR207C	P42940	1775
YGR208W	P42941	1776
YGR209C	P22803	1777
YGR211W	P53303	1778
YGR213C	P53047	1779
YGR214W	P32905	1780
YGR215W	P53305	1781
YGR216C	P53306	1782
YGR218W	P30822	1783
YGR219W	P53307	1784
YGR220C	P31334	1785
YGR221C	P50078	1786
YGR222W	P10834	1787
YGR223C	P50079	1788
YGR224W	P50080	1789
YGR225W	P50082	1790
YGR228W	P53308	1791
YGR229C	P32566	1792
YGR232W	P50086	1793
YGR233C	P17442	1794
YGR234W	P39676	1795
YGR235C	P50087	1796
YGR236C	P50088	1797
YGR238C	P50090	1798
YGR239C	P50091	1799
YGR240C	P16861	1800
YGR241C	P53309	1801
YGR242W	P53310	1802
YGR243W	P53311	1803
YGR244C	P53312	1804
YGR245C	P53313	1805
YGR246C	P29056	1806
YGR247W	P53314	1807
YGR249W	P53050	1808
YGR250C	P53316	1809
YGR251W	P53317	1810
YGR252W	Q03330	1811
YGR253C	P32379	1812
YGR254W	P00924	1813
YGR256W	P53319	1814
YGR257C	P53320	1815
YGR258C	P07276	1816
YGR260W	P53322	1817
YGR261C	P46682	1818
YGR262C	P53323	1819
YGR263C	P53324	1820
YGR267C	P51601	1821
YGR268C	P40325	1822
YGR269W	P40326	1823
YGR270W	P40340	1824
YGR271W	P53327	1825
YGR274C	P46677	1826
YGR275W	P53330	1827
YGR276C	P53331	1828
YGR277C	P53332	1829
YGR278W	P53333	1830
YGR279C	P53334	1831
YGR280C	P53335	1832
YGR281W	P53049	1833
YGR282C	P15703	1834
YGR283C	P53336	1835
YGR284C	P53337	1836
YGR285C	P32527	1837
YGR289C	P53048	1838
YGR290W	P53339	1839
YGR291C	P53340	1840
YGR293C	P53342	1841
YGR294W	P53343	1842
YGR295C	P53344	1843
YHL001W	P38754	1844
YHL002W	P38753	1845
YHL003C	P38703	1846
YHL004W	P32902	1847
YHL005C	P38752	1848
YHL006C	P38751	1849
YHL007C	Q03497	1850
YHL008C	P38750	1851
YHL009C	P38749	1852
YHL010C	P38748	1853
YHL011C	P38689	1854
YHL015W	P38701	1855
YHL017W	P38745	1856
YHL018W	P38744	1857
YHL019C	P38700	1858
YHL020C	P21957	1859
YHL021C	P23180	1860
YHL022C	P23179	1861
YHL023C	P38742	1862
YHL024W	P38741	1863
YHL025W	P18888	1864
YHL026C	P38740	1865
YHL027W	P33400	1866
YHL029C	P38738	1867
YHL030W	P38737	1868
YHL031C	P38736	1869
YHL032C	P32190	1870
YHL033C	P17076	1871
YHL034C	P10080	1872
YHL035C	P38735	1873
YHL039W	P38732	1874
YHL042W	P38729	1875
YHL043W	P38728	1876
YHL044W	P38727	1877
YHL045W	P38726	1878
YHL046C	P38725	1879
YHL047C	P38724	1880
YHL048W	P38723	1881
YHL050C	P38721	1882
YHR001W	P37299	1883
YHR002W	P38702	1884
YHR003C	P38756	1885
YHR004C	P38757	1886
YHR005C	P08539	1887
YHR007C	P10614	1888
YHR008C	P00447	1889
YHR009C	P38758	1890
YHR011W	P38705	1891
YHR012W	P38759	1892
YHR013C	P07347	1893
YHR014W	P23624	1894
YHR015W	P38760	1895
YHR016C	P32793	1896
YHR018C	P04076	1897
YHR019C	P38707	1898
YHR020W	P38708	1899
YHR022C	P38763	1900
YHR023W	P08964	1901
YHR024C	P11914	1902
YHR025W	P17423	1903
YHR026W	P23968	1904
YHR027C	P38764	1905
YHR030C	Q00772	1906
YHR031C	P38766	1907
YHR032W	P38767	1908
YHR033W	P38690	1909
YHR034C	P38768	1910
YHR035W	P38769	1911
YHR036W	P38770	1912
YHR038W	P38771	1913
YHR039C	P48836	1914
YHR040W	P38772	1915
YHR041C	P34162	1916
YHR042W	P16603	1917
YHR043C	P38773	1918
YHR044C	P38774	1919
YHR045W	P38775	1920
YHR047C	P37898	1921
YHR048W	P38776	1922
YHR049W	P38777	1923
YHR050W	P38778	1924
YHR051W	P00427	1925
YHR053C	P0CX80	1926
YHR057C	P23285	1927
YHR058C	P38782	1928
YHR059W	P38783	1929
YHR060W	P38784	1930
YHR061C	P38785	1931
YHR062C	P38786	1932
YHR063C	P38787	1933
YHR064C	P38788	1934
YHR066W	P38789	1935
YHR067W	P38790	1936
YHR068W	P38791	1937
YHR069C	P38792	1938
YHR070W	P38793	1939
YHR071W	P38794	1940
YHR072W	P38604	1941
YHR073W	P38713	1942
YHR074W	P38795	1943
YHR075C	P38796	1944
YHR076W	P38797	1945
YHR077C	P38798	1946
YHR078W	P38799	1947
YHR079C	P32361	1948
YHR079C-A	P89114	1949
YHR080C	P38800	1950
YHR081W	P38801	1951
YHR082C	P38691	1952
YHR083W	P14693	1953
YHR084W	P13574	1954
YHR085W	P38803	1955
YHR086W	Q00539	1956
YHR087W	P38804	1957
YHR088W	P38805	1958
YHR089C	P28007	1959
YHR090C	P38806	1960
YHR091C	P38714	1961
YHR092C	P32467	1962
YHR094C	P32465	1963
YHR096C	P38695	1964
YHR098C	P38810	1965
YHR099W	P38811	1966
YHR100C	P38812	1967
YHR102W	P38692	1968
YHR103W	P38814	1969
YHR105W	P38815	1970
YHR107C	P32468	1971
YHR108W	P38817	1972
YHR109W	P38818	1973
YHR110W	P38819	1974
YHR111W	P38820	1975
YHR112C	P38716	1976
YHR113W	P38821	1977
YHR114W	P38822	1978
YHR116W	P38824	1979
YHR117W	P38825	1980
YHR118C	P38826	1981
YHR119W	P38827	1982
YHR120W	P25846	1983
YHR121W	P38828	1984
YHR122W	P38829	1985
YHR123W	P22140	1986
YHR127W	P38833	1987
YHR128W	P18562	1988
YHR129C	P38696	1989
YHR130C	P38834	1990
YHR132C	P38836	1991
YHR133C	P38837	1992
YHR134W	P38838	1993
YHR135C	P23291	1994
YHR136C	P38839	1995
YHR137W	P38840	1996
YHR138C	P38841	1997
YHR140W	P38842	1998
YHR142W	P38843	1999
YHR143W-A	P40422	2000
YHR144C	P06773	2001
YHR145C	O13537	2002
YHR147C	P32904	2003
YHR148W	P32899	2004
YHR149C	P32900	2005
YHR151C	P38849	2006
YHR152W	P17123	2007
YHR154W	P38850	2008
YHR156C	P38852	2009
YHR157W	P33323	2010
YHR158C	P38853	2011
YHR159W	P38854	2012
YHR160C	P38855	2013
YHR161C	P38856	2014
YHR163W	P38858	2015
YHR164C	P38859	2016
YHR165C	P33334	2017
YHR166C	P16522	2018
YHR167W	O13539	2019
YHR168W	P38860	2020
YHR169W	P38719	2021
YHR170W	P38861	2022
YHR171W	P38862	2023
YHR172W	P38863	2024
YHR175W	P38865	2025
YHR177W	P38867	2026
YHR178W	P38699	2027
YHR179W	Q03558	2028
YHR180W	P0C5N8	2029
YHR182W	P38870	2030
YHR183W	P38720	2031
YHR185C	P38872	2032
YHR186C	P38873	2033
YHR187W	P38874	2034
YHR188C	P38875	2035
YHR189W	P38876	2036
YHR190W	P29704	2037
YHR191C	P38877	2038
YHR193C	P38879	2039
YHR194W	P38880	2040
YHR195W	P38881	2041
YHR196W	P38882	2042
YHR197W	P38883	2043
YHR198C	P38884	2044
YHR199C	Q3E7Y6	2045
YHR200W	P38886	2046
YHR201C	P38698	2047
YHR204W	P38888	2048
YHR206W	P38889	2049
YHR207C	P38890	2050
YHR208W	P38891	2051
YHR209W	P38892	2052
YHR216W	P38697	2053
YIL001W	P40560	2054
YIL002C	P40559	2055
YIL004C	P22804	2056
YIL005W	P40557	2057
YIL007C	P40555	2058
YIL008W	P40554	2059
YIL009C-A	Q03096	2060
YIL009W	P39002	2061
YIL010W	P40553	2062
YIL011W	P40552	2063
YIL013C	P40550	2064
YIL014W	P40549	2065
YIL016W	P40548	2066
YIL017C	P40547	2067
YIL019W	P40546	2068
YIL020C	P40545	2069
YIL021W	P16370	2070
YIL022W	Q01852	2071
YIL023C	P40544	2072
YIL024C	P40543	2073
YIL025C	P40542	2074
YIL026C	P40541	2075
YIL027C	P40540	2076
YIL028W	P40539	2077
YIL029C	P40538	2078
YIL030C	P40318	2079
YIL031W	P40537	2080
YIL032C	P40536	2081
YIL033C	P07278	2082
YIL034C	P13517	2083
YIL035C	P15790	2084
YIL039W	P40533	2085
YIL040W	P40532	2086
YIL042C	P40530	2087
YIL044C	P40529	2088
YIL045W	P40187	2089
YIL046W	P39014	2090
YIL047C	P40528	2091
YIL048W	P40527	2092
YIL049W	P40526	2093
YIL050W	P40186	2094
YIL051C	P40185	2095
YIL052C	P40525	2096
YIL053W	P41277	2097
YIL054W	P40524	2098
YIL055C	P40523	2099
YIL056W	P40522	2100
YIL057C	P40188	2101
YIL059C	P40520	2102
YIL060W	P40519	2103
YIL061C	Q00916	2104
YIL062C	P40518	2105
YIL063C	P40517	2106
YIL064W	P40516	2107
YIL065C	P40515	2108
YIL066C	P21672	2109
YIL068C	P32844	2110
YIL070C	P40513	2111
YIL071C	P40512	2112
YIL072W	P20050	2113
YIL074C	P40510	2114
YIL075C	P32565	2115
YIL076W	P40509	2116
YIL077C	P40508	2117
YIL078W	P04801	2118
YIL079C	P40507	2119
YIL084C	P40505	2120
YIL085C	P40504	2121
YIL086C	P40503	2122
YIL088C	P40501	2123
YIL092W	P40497	2124
YIL093C	P40496	2125
YIL094C	P40495	2126
YIL095W	P40494	2127
YIL096C	P40493	2128
YIL097W	P40492	2129
YIL098C	P40491	2130
YIL101C	P40489	2131
YIL103W	P40487	2132
YIL104C	P40486	2133
YIL105C	P40485	2134
YIL106W	P40484	2135
YIL108W	P40483	2136
YIL109C	P40482	2137
YIL110W	P40481	2138
YIL111W	P00425	2139
YIL112W	P40480	2140
YIL113W	P40479	2141
YIL114C	P40478	2142
YIL115C	P40477	2143
YIL117C	P40476	2144
YIL118W	Q00245	2145
YIL120W	P40475	2146
YIL122W	P40473	2147
YIL124W	P40471	2148
YIL125W	P20967	2149
YIL126W	P32597	2150
YIL128W	P40469	2151
YIL129C	P40468	2152
YIL130W	P40467	2153
YIL131C	P40466	2154
YIL132C	P40465	2155
YIL134W	P40464	2156
YIL135C	P40463	2157
YIL136W	P16547	2158
YIL137C	P40462	2159
YIL138C	P40414	2160
YIL139C	P38927	2161
YIL140W	P38928	2162
YIL141W	P40461	2163
YIL142W	P39076	2164
YIL143C	Q00578	2165
YIL144W	P40460	2166
YIL145C	P40459	2167
YIL147C	P39928	2168
YIL148W	P0CH08	2169
YIL149C	P40457	2170
YIL150C	P32354	2171
YIL151C	P40456	2172
YIL152W	P40455	2173
YIL153W	P40454	2174
YIL154C	P32351	2175
YIL156W	P40453	2176
YIL157C	P40452	2177
YIL158W	P40451	2178
YIL159W	P40450	2179
YIL160C	P27796	2180
YIL162W	P00724	2181
YIL163C	P40448	2182
YIL166C	P40445	2183
YIL171W	P40440	2184
YIL177C	P40434	2185
YIR001C	P40561	2186
YIR002C	P40562	2187
YIR003W	P40563	2188
YIR004W	P40564	2189
YIR005W	P40565	2190
YIR006C	P32521	2191
YIR008C	P10363	2192
YIR009W	P40567	2193
YIR010W	P40568	2194
YIR011C	P38637	2195
YIR012W	P35184	2196
YIR013C	P40569	2197
YIR014W	P40570	2198
YIR016W	P40572	2199
YIR017C	P40573	2200
YIR018W	P40574	2201
YIR021W	P07266	2202
YIR022W	P15367	2203
YIR023W	P21657	2204
YIR024C	P40576	2205
YIR025W	P40577	2206
YIR026C	Q02256	2207
YIR027C	P32375	2208
YIR028W	Q04895	2209
YIR031C	P21826	2210
YIR032C	P32459	2211
YIR033W	P40578	2212
YIR034C	P38998	2213
YIR035C	P40579	2214
YIR036C	P40580	2215
YIR037W	P40581	2216
YIR038C	P40582	2217
YIR039C	P40583	2218
YIR042C	P40586	2219
YIR044C	P40588	2220
YJL001W	P38624	2221
YJL002C	P41543	2222
YJL004C	P41544	2223
YJL005W	P08678	2224
YJL006C	P46962	2225
YJL008C	P47079	2226
YJL010C	P47077	2227
YJL011C	P47076	2228
YJL012C	P47075	2229
YJL013C	P47074	2230
YJL014W	P39077	2231
YJL015C	P47073	2232
YJL017W	P47072	2233
YJL018W	P47069	2234
YJL019W	P47069	2235
YJL020C	P47068	2236
YJL021C	P47068	2237
YJL023C	P47065	2238
YJL024C	P47064	2239
YJL025W	P40992	2240
YJL026W	P09938	2241
YJL029C	P47061	2242
YJL030W	P40958	2243
YJL031C	Q00618	2244
YJL032W	P47059	2245
YJL033W	P20448	2246
YJL034W	P16474	2247
YJL035C	P47058	2248
YJL036W	P47057	2249
YJL039C	P47054	2250
YJL041W	P14907	2251
YJL042W	P43638	2252
YJL043W	P47053	2253
YJL044C	P32806	2254
YJL045W	P47052	2255
YJL047C	P47050	2256
YJL048C	P47049	2257
YJL050W	P47047	2258
YJL052W	P00360	2259
YJL053W	P40335	2260
YJL054W	P47045	2261
YJL055W	P47044	2262
YJL056C	P47043	2263
YJL057C	P47042	2264
YJL058C	P47041	2265
YJL059W	P47040	2266
YJL060W	P47039	2267
YJL061W	P40368	2268
YJL062W	P40367	2269
YJL063C	P22353	2270
YJL064W	P47038	2271
YJL065C	P40366	2272
YJL066C	P40364	2273
YJL067W	P40365	2274
YJL068C	P40363	2275
YJL069C	P40362	2276
YJL070C	P40361	2277
YJL071W	P40360	2278
YJL072C	P40359	2279
YJL074C	P47037	2280
YJL075C	P47036	2281
YJL078C	P47033	2282
YJL079C	P47032	2283
YJL080C	P06105	2284
YJL081C	P80428	2285
YJL082W	P47031	2286
YJL084C	P47029	2287
YJL085W	P19658	2288
YJL086C	P47028	2289
YJL087C	P09880	2290
YJL088W	P05150	2291
YJL089W	P46954	2292
YJL090C	P47027	2293
YJL091C	P47026	2294
YJL092W	P12954	2295
YJL093C	P40310	2296
YJL094C	P40309	2297
YJL095W	Q01389	2298
YJL096W	P40858	2299
YJL097W	P40857	2300
YJL098W	P40856	2301
YJL099W	P40955	2302
YJL100W	P42951	2303
YJL102W	P39677	2304
YJL106W	P32581	2305
YJL107C	P42947	2306
YJL108C	P42946	2307
YJL109C	P42945	2308
YJL110C	P42944	2309
YJL111W	P42943	2310
YJL112W	P47025	2311
YJL115W	P32447	2312
YJL117W	P46956	2313
YJL120W	P47020	2314
YJL122W	P47019	2315
YJL124C	P47017	2316
YJL125C	P46959	2317
YJL128C	P08018	2318
YJL129C	P12685	2319
YJL131C	P47015	2320
YJL133W	P10566	2321
YJL134W	P47013	2322
YJL135W	P47012	2323
YJL137C	P47011	2324
YJL138C	P10081	2325
YJL139C	P26725	2326
YJL140W	P20433	2327
YJL141C	P14680	2328
YJL142C	P47010	2329
YJL143W	P39515	2330
YJL149W	P47005	2331
YJL151C	P14359	2332
YJL152W	P47003	2333
YJL153C	P11986	2334
YJL154C	P34110	2335
YJL155C	P32604	2336
YJL157C	P21268	2337
YJL158C	P47001	2338
YJL159W	P32478	2339
YJL160C	P46999	2340
YJL162C	P46997	2341
YJL163C	P46996	2342
YJL164C	P06244	2343
YJL165C	P38970	2344
YJL166W	P08525	2345
YJL167W	P08524	2346
YJL168C	P46995	2347
YJL170C	P46993	2348
YJL172W	P27614	2349
YJL173C	P26755	2350
YJL174W	P39005	2351
YJL175W	P46991	2352
YJL176C	P32591	2353
YJL178C	P46989	2354
YJL179W	P46988	2355
YJL180C	P22135	2356
YJL182C	P46986	2357
YJL183W	P46985	2358
YJL184W	P46984	2359
YJL185C	P46983	2360
YJL187C	P32944	2361
YJL189W	P04650	2362
YJL190C	P0C0W1	2363
YJL191W	P39516	2364
YJL192C	P39543	2365
YJL194W	P09119	2366
YJL196C	P39540	2367
YJL197W	P39538	2368
YJL199C	P39534	2369
YJL200C	P39533	2370
YJL202C	P39532	2371
YJL203W	P32524	2372
YJL204C	P39531	2373
YJL207C	P39526	2374
YJL208C	P08466	2375
YJL210W	P32800	2376
YJL211C	P40898	2377
YJL212C	P40897	2378
YJL213W	P40896	2379
YJL214W	P40886	2380
YJL215C	P40895	2381
YJL218W	P40892	2382
YJL219W	P40885	2383
YJL222W	P40890	2384
YJR001W	P47082	2385
YJR002W	P47083	2386
YJR003C	P47084	2387
YJR005W	P27351	2388
YJR007W	P20459	2389
YJR008W	P47085	2390
YJR009C	P00358	2391
YJR010C-A	P46965	2392
YJR010W	P08536	2393
YJR012C	P47087	2394
YJR014W	P47089	2395
YJR015W	P47090	2396
YJR016C	P39522	2397
YJR017C	P22696	2398
YJR019C	P41903	2399
YJR020W	P47092	2400
YJR021C	P21651	2401
YJR022W	P47093	2402
YJR023C	P47094	2403
YJR025C	P47096	2404
YJR030C	P47101	2405
YJR031C	P47102	2406
YJR032W	P47103	2407
YJR033C	P47104	2408
YJR034W	Q02772	2409
YJR035W	P40352	2410
YJR037W	P47105	2411
YJR038C	P47106	2412
YJR040W	P37020	2413
YJR041C	P47108	2414
YJR042W	P46673	2415
YJR043C	P47110	2416
YJR045C	P0CS90	2417
YJR048W	P00044	2418
YJR049C	P21373	2419
YJR050W	P21374	2420
YJR051W	P21375	2421
YJR052W	P06779	2422
YJR053W	P47113	2423
YJR055W	P46973	2424
YJR056C	P47115	2425
YJR058C	Q00381	2426
YJR059W	P47116	2427
YJR060W	P17106	2428
YJR061W	P40355	2429
YJR062C	P40354	2430
YJR063W	P32529	2431
YJR064W	P40413	2432
YJR065C	P47117	2433
YJR066W	P35169	2434
YJR067C	P47118	2435
YJR068W	P40348	2436
YJR069C	P47119	2437
YJR070C	P47120	2438
YJR072C	P47122	2439
YJR073C	P05375	2440
YJR074W	P47123	2441
YJR075W	P47124	2442
YJR076C	P32458	2443
YJR077C	P23641	2444
YJR079W	P47126	2445
YJR080C	P47127	2446
YJR082C	P47128	2447
YJR083C	P47129	2448
YJR084W	P47130	2449
YJR086W	P18852	2450
YJR087W	P47132	2451
YJR089W	P47134	2452
YJR090C	P24814	2453
YJR091C	P47135	2454
YJR092W	P47136	2455
YJR093C	P45976	2456
YJR094C	P21190	2457
YJR095W	P33303	2458
YJR098C	P47139	2459
YJR100C	P47140	2460
YJR101W	P47141	2461
YJR102C	P47142	2462
YJR103W	P38627	2463
YJR104C	P00445	2464
YJR105W	P47143	2465
YJR106W	P47144	2466
YJR108W	P47146	2467
YJR109C	P03965	2468
YJR110W	P47147	2469
YJR112W	P47149	2470
YJR113C	P47150	2471
YJR115W	P47152	2472
YJR116W	P47153	2473
YJR117W	P47154	2474
YJR119C	P47156	2475
YJR121W	P00830	2476
YJR123W	P26783	2477
YJR124C	P47159	2478
YJR125C	P47160	2479
YJR126C	P47161	2480
YJR127C	P46974	2481
YJR130C	P47164	2482
YJR131W	P32906	2483
YJR132W	P46970	2484
YJR133W	P47165	2485
YJR134C	P47166	2486
YJR135C	P47167	2487
YJR136C	P47168	2488
YJR138W	P47170	2489
YJR139C	P31116	2490
YJR140C	P47171	2491
YJR141W	P47172	2492
YJR143C	P46971	2493
YJR144W	P32787	2494
YJR145C	P0CX35	2495
YJR146W	P47174	2496
YJR148W	P47176	2497
YJR152W	P15365	2498
YJR159W	P35497	2499
YJR160C	P0CE00	2500
YJR161C	P47187	2501
YJR162C	P47188	2502
YKL001C	Q02196	2503
YKL002W	P36108	2504
YKL004W	P36107	2505
YKL006C-A	P43682	2506
YKL007W	P28495	2507
YKL008C	P28496	2508
YKL009W	P33201	2509
YKL010C	P33202	2510
YKL011C	Q03702	2511
YKL012W	P33203	2512
YKL013C	P33204	2513
YKL014C	P34241	2514
YKL015W	P25502	2515
YKL016C	P30902	2516
YKL017C	P34243	2517
YKL018W	P36104	2518
YKL019W	P29703	2519
YKL020C	P35210	2520
YKL021C	P20484	2521
YKL022C	P09798	2522
YKL023W	P36103	2523
YKL024C	P15700	2524
YKL025C	P36102	2525
YKL026C	P36014	2526
YKL028W	P36100	2527
YKL029C	P36013	2528
YKL033W	P36097	2529
YKL035W	P32861	2530
YKL036C	P32859	2531
YKL038W	P32862	2532
YKL039W	P32857	2533
YKL042W	P36094	2534
YKL043W	P36093	2535
YKL045W	P20457	2536
YKL048C	P32801	2537
YKL049C	P36012	2538
YKL050C	P35736	2539
YKL051W	P35735	2540
YKL052C	P35734	2541
YKL054C	P35732	2542
YKL055C	P35731	2543
YKL056C	P35691	2544
YKL057C	P35729	2545
YKL058W	P32774	2546
YKL059C	P35728	2547
YKL060C	P14540	2548
YKL061W	P35727	2549
YKL062W	P33749	2550
YKL063C	P35725	2551
YKL064W	P35724	2552
YKL065C	P35723	2553
YKL067W	P36010	2554
YKL068W	Q02629	2555
YKL069W	P36088	2556
YKL070W	P36087	2557
YKL072W	P36085	2558
YKL073W	P36016	2559
YKL074C	P36084	2560
YKL075C	P36083	2561
YKL076C	P36082	2562
YKL077W	P36081	2563
YKL078W	P36009	2564
YKL079W	P32364	2565
YKL080W	P31412	2566
YKL081W	P36008	2567
YKL082C	P36080	2568
YKL085W	P17505	2569
YKL086W	P36077	2570
YKL087C	Q00873	2571
YKL088W	P36076	2572
YKL090W	P36075	2573
YKL095W	P28320	2574
YKL098W	P34246	2575
YKL101W	P34244	2576
YKL102C	P34249	2577
YKL103C	P14904	2578
YKL104C	P14742	2579
YKL105C	P34250	2580
YKL106W	Q01802	2581
YKL107W	P34251	2582
YKL108W	P34252	2583
YKL109W	P14064	2584
YKL110C	P34253	2585
YKL111C	P36074	2586
YKL112W	P14164	2587
YKL113C	P26793	2588
YKL114C	P22936	2589
YKL116C	P28708	2590
YKL117W	P28707	2591
YKL119C	P32341	2592
YKL120W	P32332	2593
YKL122C	P32342	2594
YKL124W	P32343	2595
YKL125W	P36070	2596
YKL126W	P12688	2597
YKL127W	P33401	2598
YKL129C	P36006	2599
YKL130C	P36068	2600
YKL133C	P36066	2601
YKL134C	P35999	2602
YKL135C	P36000	2603
YKL137W	P36064	2604
YKL138C	P69852	2605
YKL139W	Q03957	2606
YKL140W	P34163	2607
YKL141W	P33421	2608
YKL142W	P35719	2609
YKL143W	P34078	2610
YKL144C	P35718	2611
YKL145W	P33299	2612
YKL146W	P36062	2613
YKL148C	Q00711	2614
YKL150W	P36060	2615
YKL152C	P00950	2616
YKL153W	P36058	2617
YKL154W	P36057	2618
YKL155C	P36056	2619
YKL157W	P32454	2620
YKL160W	P36053	2621
YKL161C	P36005	2622
YKL163W	Q03180	2623
YKL164C	Q03178	2624
YKL165C	P36051	2625
YKL166C	P05986	2626
YKL167C	P32388	2627
YKL168C	P36004	2628
YKL171W	P36003	2629
YKL172W	P36049	2630
YKL173W	P36048	2631
YKL174C	P36029	2632
YKL175W	P34240	2633
YKL176C	P34239	2634
YKL178C	P06783	2635
YKL179C	P34237	2636
YKL180W	P05740	2637
YKL181W	P32895	2638
YKL182W	P07149	2639
YKL183W	P34234	2640
YKL186C	P34232	2641
YKL188C	P34230	2642
YKL189W	P32464	2643
YKL190W	P25296	2644
YKL191W	P32461	2645
YKL192C	P32463	2646
YKL193C	P36047	2647
YKL194C	P07236	2648
YKL195W	P36046	2649
YKL196C	P36015	2650
YKL197C	P24004	2651
YKL201C	P36044	2652
YKL203C	P32600	2653
YKL204W	P36041	2654
YKL205W	P33418	2655
YKL206C	P36040	2656
YKL208W	P36038	2657
YKL209C	P12866	2658
YKL210W	P22515	2659
YKL211C	P00937	2660
YKL212W	P32368	2661
YKL213C	P36037	2662
YKL214C	P36036	2663
YKL215C	P28273	2664
YKL217W	P36035	2665
YKL218C	P36007	2666
YKL219W	P36034	2667
YKL220C	P36033	2668
YKL221W	P36032	2669
YKL222C	P35995	2670
YKL224C	P35994	2671
YKR001C	P21576	2672
YKR002W	P29468	2673
YKR006C	Q02204	2674
YKR007W	Q02205	2675
YKR010C	Q02208	2676
YKR011C	Q02209	2677
YKR014C	P36018	2678
YKR016W	P36112	2679
YKR017C	P36113	2680
YKR020W	P36116	2681
YKR021W	P36117	2682
YKR022C	P36118	2683
YKR023W	P36119	2684
YKR024C	P36120	2685
YKR025W	P36121	2686
YKR026C	P14741	2687
YKR028W	P36123	2688
YKR029C	P36124	2689
YKR030W	P36125	2690
YKR031C	P36126	2691
YKR032W	P36127	2692
YKR034W	P26343	2693
YKR035C	P36129	2694
YKR036C	P36130	2695
YKR037C	P36131	2696
YKR038C	P36132	2697
YKR039W	P19145	2698
YKR040C	P36133	2699
YKR043C	P36136	2700
YKR044W	P36137	2701
YKR046C	P36139	2702
YKR048C	P25293	2703
YKR050W	P28584	2704
YKR051W	P36142	2705
YKR052C	P23500	2706
YKR053C	P23501	2707
YKR054C	P36022	2708
YKR055W	Q00246	2709
YKR060W	P36144	2710
YKR062W	P36145	2711
YKR063C	P36146	2712
YKR064W	P36023	2713
YKR065C	P36147	2714
YKR066C	P00431	2715
YKR067W	P36148	2716
YKR068C	P36149	2717
YKR069W	P36150	2718
YKR070W	P36151	2719
YKR071C	P36152	2720
YKR072C	P36024	2721
YKR073C	P36153	2722
YKR074W	P36154	2723
YKR077W	P36157	2724
YKR080W	Q02046	2725
YKR081C	P36160	2726
YKR082W	P36161	2727
YKR083C	P36162	2728
YKR084C	P32769	2729
YKR085C	P22354	2730
YKR086W	P15938	2731
YKR087C	P36163	2732
YKR088C	P36164	2733
YKR089C	P36165	2734
YKR090W	P36166	2735
YKR091W	P36167	2736
YKR092C	P32583	2737
YKR093W	P32901	2738
YKR095W	Q02455	2739
YKR096W	P36168	2740
YKR099W	P22035	2741
YKR100C	P36169	2742
YKR101W	P21691	2743
YKR103W	P0CE68	2744
YKR104W	P0CE69	2745
YKR105C	P36172	2746
YKR106W	P36173	2747
YLL001W	P54861	2748
YLL004W	P54790	2749
YLL005C	Q07798	2750
YLL006W	P41800	2751
YLL008W	P32892	2752
YLL010C	Q07800	2753
YLL011W	P33750	2754
YLL013C	Q07807	2755
YLL014W	Q12431	2756
YLL015W	P14772	2757
YLL017W	P0CF33	2758
YLL018C	P04802	2759
YLL019C	P32350	2760
YLL020C	Q07811	2761
YLL021W	P23201	2762
YLL022C	Q12373	2763
YLL023C	Q12164	2764
YLL024C	P10592	2765
YLL026W	P31539	2766
YLL027W	Q07821	2767
YLL028W	Q07824	2768
YLL029W	Q07825	2769
YLL030C	Q07829	2770
YLL031C	Q07830	2771
YLL032C	Q07834	2772
YLL033W	Q07843	2773
YLL034C	Q07844	2774
YLL036C	P32523	2775
YLL037W	Q07865	2776
YLL038C	Q07872	2777
YLL040C	Q07878	2778
YLL041C	P21801	2779
YLL042C	Q07879	2780
YLL043W	P23900	2781
YLL046C	P32385	2782
YLL047W	Q07881	2783
YLL048C	P32386	2784
YLL049W	Q07887	2785
YLL050C	Q03048	2786
YLL051C	Q12473	2787
YLL052C	P0CD90	2788
YLL054C	Q12244	2789
YLL060C	Q12390	2790
YLL061W	Q12372	2791
YLL062C	Q12525	2792
YLL065W	Q99339	2793
YLR002C	Q07896	2794
YLR003C	Q07897	2795
YLR004C	Q07904	2796
YLR005W	Q04673	2797
YLR006C	Q07084	2798
YLR007W	Q07913	2799
YLR008C	Q07914	2800
YLR009W	Q07915	2801
YLR011W	Q07923	2802
YLR012C	Q07927	2803
YLR014C	P07272	2804
YLR015W	P43132	2805
YLR016C	Q07930	2806
YLR017W	Q07938	2807
YLR018C	Q12445	2808
YLR019W	Q07949	2809
YLR024C	Q07963	2810
YLR025W	P39929	2811
YLR026C	Q01590	2812
YLR027C	P23542	2813
YLR028C	P54113	2814
YLR030W	Q07967	2815
YLR031W	Q07978	2816
YLR032W	P32849	2817
YLR034C	Q12078	2818
YLR035C	Q12088	2819
YLR036C	Q07986	2820
YLR037C	Q07987	2821
YLR038C	Q01519	2822
YLR039C	P40395	2823
YLR042C	Q07990	2824
YLR043C	P22217	2825
YLR044C	P06169	2826
YLR045C	P46675	2827
YLR049C	Q12110	2828
YLR050C	Q12155	2829
YLR051C	Q12035	2830
YLR052W	Q12345	2831
YLR053C	Q12026	2832
YLR054C	Q12202	2833
YLR055C	P38915	2834
YLR056W	P32353	2835
YLR058C	P37291	2836
YLR059C	P54964	2837
YLR060W	P15624	2838
YLR063W	Q12291	2839
YLR064W	Q12144	2840
YLR065C	Q99382	2841
YLR066W	Q12133	2842
YLR067C	P32522	2843
YLR068W	Q12247	2844
YLR070C	Q07993	2845
YLR071C	P19263	2846
YLR072W	Q08001	2847
YLR074C	Q08004	2848
YLR077W	Q08023	2849
YLR078C	P25385	2850
YLR079W	P38634	2851
YLR080W	Q12396	2852
YLR081W	P13181	2853
YLR082C	Q12020	2854
YLR083C	P32802	2855
YLR086W	Q12267	2856
YLR088W	P39012	2857
YLR090W	P39102	2858
YLR092W	Q12325	2859
YLR093C	Q12255	2860
YLR094C	Q12418	2861
YLR095C	Q12072	2862
YLR096W	P13186	2863
YLR097C	Q12347	2864
YLR098C	P43634	2865
YLR099C	Q12385	2866
YLR100W	Q12452	2867
YLR102C	Q12107	2868
YLR103C	Q08032	2869
YLR104W	Q08045	2870
YLR105C	P16658	2871
YLR106C	Q12019	2872
YLR108C	Q12259	2873
YLR109W	P38013	2874
YLR110C	Q12127	2875
YLR112W	Q12130	2876
YLR113W	P32485	2877
YLR114C	Q12500	2878
YLR115W	Q12102	2879
YLR116W	Q12186	2880
YLR117C	Q12309	2881
YLR118C	Q12354	2882
YLR119W	Q99176	2883
YLR120C	P32329	2884
YLR121C	Q12303	2885
YLR123C	Q12174	2886
YLR124W	Q12327	2887
YLR125W	Q12138	2888
YLR126C	Q12288	2889
YLR127C	Q12440	2890
YLR128W	Q12395	2891
YLR129W	Q12220	2892
YLR130C	Q12436	2893
YLR131C	P21192	2894
YLR132C	Q12208	2895
YLR133W	P20485	2896
YLR134W	P16467	2897
YLR135W	Q12098	2898
YLR136C	P47977	2899
YLR137W	Q12367	2900
YLR138W	Q99271	2901
YLR141W	Q02983	2902
YLR143W	Q12429	2903
YLR145W	Q12530	2904
YLR146C	Q12455	2905
YLR147C	P43321	2906
YLR148W	P27801	2907
YLR150W	P39015	2908
YLR151C	Q12524	2909
YLR152C	P54072	2910
YLR153C	P52910	2911
YLR154C	Q12338	2912
YLR155C	P0CZ17	2913
YLR156W	P0CE96	2914
YLR163C	P10507	2915
YLR164W	Q06236	2916
YLR166C	Q06245	2917
YLR167W	P05759	2918
YLR168C	P35200	2919
YLR170C	P35181	2920
YLR171W	O13562	2921
YLR172C	P32469	2922
YLR173W	Q06247	2923
YLR174W	P41939	2924
YLR175W	P33322	2925
YLR177W	Q06251	2926
YLR178C	P14306	2927
YLR180W	P10659	2928
YLR181C	Q06263	2929
YLR182W	P09959	2930
YLR183C	Q06266	2931
YLR186W	Q06287	2932
YLR187W	Q06315	2933
YLR189C	Q06321	2934
YLR190W	Q06324	2935
YLR191W	P80667	2936
YLR192C	Q05775	2937
YLR193C	Q05776	2938
YLR196W	P21304	2939
YLR197W	Q12460	2940
YLR199C	Q05778	2941
YLR200W	P52553	2942
YLR201C	Q05779	2943
YLR202C	O13531	2944
YLR203C	P32335	2945
YLR205C	P32339	2946
YLR206W	Q05785	2947
YLR207W	Q05787	2948
YLR208W	Q04491	2949
YLR209C	Q05788	2950
YLR210W	P24871	2951
YLR211C	Q05789	2952
YLR212C	P53378	2953
YLR213C	Q05790	2954
YLR214W	P32791	2955
YLR215C	Q05791	2956
YLR216C	P53691	2957
YLR217W	O13532	2958
YLR218C	Q05809	2959
YLR219W	Q05812	2960
YLR220W	P47818	2961
YLR221C	Q05942	2962
YLR222C	Q05946	2963
YLR223C	P39520	2964
YLR224W	Q05947	2965
YLR225C	Q05948	2966
YLR226W	Q05949	2967
YLR227C	Q05955	2968
YLR228C	Q05958	2969
YLR229C	P19073	2970
YLR231C	Q05979	2971
YLR233C	P17214	2972
YLR234W	P13099	2973
YLR237W	Q05998	2974
YLR238W	Q06001	2975
YLR239C	Q06005	2976
YLR240W	P22543	2977
YLR241W	Q06538	2978
YLR242C	Q06541	2979
YLR243W	Q06543	2980
YLR245C	Q06549	2981
YLR246W	Q06551	2982
YLR247C	Q06554	2983
YLR248W	P38623	2984
YLR249W	P16521	2985
YLR250W	P39931	2986
YLR251W	Q06563	2987
YLR252W	O13573	2988
YLR253W	Q06567	2989
YLR254C	Q06568	2990
YLR255C	O13574	2991
YLR256W	P0C2I7	2992
YLR258W	P27472	2993
YLR259C	P19882	2994
YLR261C	O13549	2995
YLR262C	Q99260	2996
YLR263W	P14291	2997
YLR264W	P0C0X0	2998
YLR265C	Q06148	2999
YLR266C	Q06149	3000
YLR267W	Q06150	3001
YLR268W	P22214	3002
YLR269C	O13550	3003
YLR270W	Q06151	3004
YLR271W	Q06152	3005
YLR273C	Q06216	3006
YLR274W	P29496	3007
YLR275W	Q06217	3008
YLR276C	Q06218	3009
YLR277C	Q06224	3010
YLR281C	Q05863	3011
YLR283W	Q05867	3012
YLR284C	Q05871	3013
YLR285W	Q05874	3014
YLR287C	P0CX33	3015
YLR288C	Q02574	3016
YLR289W	P46943	3017
YLR290C	Q05892	3018
YLR291C	P32502	3019
YLR292C	P39742	3020
YLR293C	P32835	3021
YLR294C	O13543	3022
YLR295C	Q12349	3023
YLR297W	Q05899	3024
YLR298C	Q05900	3025
YLR300W	P23776	3026
YLR301W	Q05905	3027
YLR303W	P06106	3028
YLR304C	P19414	3029
YLR305C	P37297	3030
YLR306W	P52491	3031
YLR308W	Q06703	3032
YLR309C	Q06704	3033
YLR310C	P04821	3034
YLR311C	Q06158	3035
YLR312C	Q06159	3036
YLR312W-A	P36523	3037
YLR313C	Q06160	3038
YLR314C	P32457	3039
YLR315W	Q06162	3040
YLR316C	Q9URQ3	3041
YLR317W	O13553	3042
YLR318W	Q06163	3043
YLR319C	P41697	3044
YLR320W	Q06164	3045
YLR321C	Q06168	3046
YLR322W	O13554	3047
YLR323C	P53769	3048
YLR324W	Q06169	3049
YLR325C	P49167	3050
YLR326W	Q06170	3051
YLR327C	Q06177	3052
YLR328W	Q06178	3053
YLR329W	Q02721	3054
YLR331C	O13555	3055
YLR333C	P0C0T4	3056
YLR334C	Q06127	3057
YLR335W	P32499	3058
YLR336C	Q06132	3059
YLR337C	P37370	3060
YLR338W	O94084	3061
YLR339C	O94085	3062
YLR340W	P05317	3063
YLR342W	P38631	3064
YLR343W	Q06135	3065
YLR345W	Q06137	3066
YLR346C	Q06139	3067
YLR347C	Q06142	3068
YLR349W	O94086	3069
YLR350W	Q06144	3070
YLR352W	Q06479	3071
YLR353W	P41698	3072
YLR354C	P15019	3073
YLR355C	P06168	3074
YLR357W	Q06488	3075
YLR358C	O13565	3076
YLR359W	Q05911	3077
YLR362W	P23561	3078
YLR363C	Q12129	3079
YLR365W	Q7LIF2	3080
YLR366W	Q7LIF1	3081
YLR368W	Q05930	3082
YLR369W	Q05931	3083
YLR370C	Q05933	3084
YLR371W	P51862	3085
YLR372W	P40319	3086
YLR373C	Q05934	3087
YLR374C	O13545	3088
YLR376C	Q12318	3089
YLR377C	P09201	3090
YLR378C	P32915	3091
YLR379W	A0A8D9UGQ7	3092
YLR383W	Q12749	3093
YLR384C	Q06706	3094
YLR386W	Q06708	3095
YLR387C	Q06709	3096
YLR388W	P41057	3097
YLR389C	Q06010	3098
YLR390W	O13547	3099
YLR392C	P18634	3100
YLR393W	P18496	3101
YLR394W	Q06032	3102
YLR395C	P04039	3103
YLR396C	P20795	3104
YLR397C	P32794	3105
YLR398C	P35207	3106
YLR399C	P35817	3107
YLR401C	Q06053	3108
YLR403W	P32432	3109
YLR409C	Q06078	3110
YLR411W	Q06686	3111
YLR412W	Q06688	3112
YLR413W	Q06689	3113
YLR416C	Q06695	3114
YLR417W	Q06696	3115
YLR418C	Q06697	3116
YLR420W	P20051	3117
YLR421C	O13563	3118
YLR422W	Q06409	3119
YLR423C	Q06410	3120
YLR424W	Q06411	3121
YLR425W	Q06412	3122
YLR426W	Q06417	3123
YLR427W	Q06436	3124
YLR428C	O13564	3125
YLR429W	Q06440	3126
YLR430W	Q00416	3127
YLR432W	P50095	3128
YLR433C	P23287	3129
YLR434C	O13576	3130
YLR435W	Q06672	3131
YLR436C	Q06673	3132
YLR437C	O13577	3133
YLR438C-A	P57743	3134
YLR438W	P07991	3135
YLR439W	P36517	3136
YLR440C	Q12745	3137
YLR442C	P06701	3138
YLR443W	Q06200	3139
YLR446W	Q06204	3140
YLR447C	P32366	3141
YLR448W	P05739	3142
YLR449W	Q06205	3143
YLR450W	P12684	3144
YLR451W	P08638	3145
YLR452C	P11972	3146
YLR453C	Q06208	3147
YLR454W	Q06179	3148
YLR455W	Q06188	3149
YLR456W	Q06199	3150
YLR457C	P52919	3151
YLR459W	P41733	3152
YLR460C	P54007	3153
YLR461W	P53427	3154
YLR465C	O13558	3155
YLR466W	O13559	3156
YML001W	P32939	3157
YML002W	P0CF17	3158
YML006C	Q04233	3159
YML007W	P19880	3160
YML008C	P25087	3161
YML009C	P36533	3162
YML010W	P27692	3163
YML011C	Q04231	3164
YML012W	P54837	3165
YML013W	Q04228	3166
YML014W	P49957	3167
YML015C	Q04226	3168
YML016C	P26570	3169
YML018C	Q03730	3170
YML019W	Q03723	3171
YML020W	Q03722	3172
YML022W	P49435	3173
YML023C	Q03718	3174
YML025C	P51998	3175
YML027W	P34161	3176
YML028W	P34760	3177
YML029W	Q03714	3178
YML030W	Q03713	3179
YML031W	P32500	3180
YML032C	P06778	3181
YML034W	Q03707	3182
YML035C	P15274	3183
YML036W	Q03705	3184
YML037C	Q03703	3185
YML038C	Q03697	3186
YML041C	Q03433	3187
YML042W	P32796	3188
YML043C	Q04712	3189
YML046W	P39682	3190
YML048W	Q04697	3191
YML049C	Q04693	3192
YML051W	P04387	3193
YML053C	Q04978	3194
YML054C	P00175	3195
YML055W	Q04969	3196
YML056C	P50094	3197
YML057W	P14747	3198
YML058W	Q04964	3199
YML059C	Q04958	3200
YML060W	P53397	3201
YML061C	P07271	3202
YML062C	P33441	3203
YML064C	P38987	3204
YML065W	P54784	3205
YML067C	Q04651	3206
YML068W	Q04638	3207
YML069W	Q04636	3208
YML072C	Q03640	3209
YML074C	P38911	3210
YML075C	P12683	3211
YML077W	Q03630	3212
YML079W	Q03629	3213
YML081C-A	P81450	3214
YML082W	Q04533	3215
YML085C	P09733	3216
YML088W	Q04511	3217
YML091C	Q02773	3218
YML092C	P23639	3219
YML093W	Q04500	3220
YML094W	Q04493	3221
YML095C	P06838	3222
YML095C-A	Q12744	3223
YML097C	P54787	3224
YML098W	P11747	3225
YML099C	P05085	3226
YML100W	P38427	3227
YML101C	Q04201	3228
YML102W	Q04199	3229
YML103C	P52593	3230
YML104C	Q01846	3231
YML105C	P29478	3232
YML107C	Q03760	3233
YML108W	Q03759	3234
YML109W	P54786	3235
YML110C	P49017	3236
YML111W	Q03758	3237
YML112W	P46963	3238
YML114C	Q03750	3239
YML115C	P23642	3240
YML116W	P13090	3241
YML117W	Q03735	3242
YML119W	Q03208	3243
YML120C	P32340	3244
YML121W	Q00582	3245
YML123C	P25297	3246
YML124C	P09734	3247
YML125C	Q12746	3248
YML126C	P54839	3249
YML127W	Q03124	3250
YML129C	P39103	3251
YML130C	Q03103	3252
YML131W	Q03102	3253
YMR001C	P32562	3254
YMR003W	Q03673	3255
YMR004W	P40959	3256
YMR005W	P50105	3257
YMR008C	P39105	3258
YMR009W	Q03677	3259
YMR010W	Q03687	3260
YMR011W	P23585	3261
YMR012W	Q03690	3262
YMR013C	P20048	3263
YMR014W	Q04347	3264
YMR017W	Q04359	3265
YMR019W	P50104	3266
YMR020W	P50264	3267
YMR021C	P35192	3268
YMR022W	Q02159	3269
YMR023C	P32559	3270
YMR024W	P36516	3271
YMR025W	Q04368	3272
YMR026C	Q04370	3273
YMR027W	Q04371	3274
YMR028W	Q04372	3275
YMR029C	Q05040	3276
YMR030W	Q05043	3277
YMR032W	Q05080	3278
YMR033W	Q05123	3279
YMR036C	P23748	3280
YMR038C	P40202	3281
YMR039C	P54000	3282
YMR041C	Q04212	3283
YMR042W	P07249	3284
YMR043W	P11746	3285
YMR044W	Q04213	3286
YMR047C	Q02630	3287
YMR048W	Q04659	3288
YMR049C	Q04660	3289
YMR052W	P46671	3290
YMR053C	P46679	3291
YMR054W	P37296	3292
YMR055C	P26448	3293
YMR056C	P04710	3294
YMR058W	P38993	3295
YMR059W	Q04675	3296
YMR061W	P25298	3297
YMR063W	Q04734	3298
YMR064W	P32493	3299
YMR065W	Q04746	3300
YMR066W	Q04748	3301
YMR067C	P54730	3302
YMR068W	Q04749	3303
YMR069W	Q04751	3304
YMR071C	Q04767	3305
YMR072W	Q02486	3306
YMR074C	Q04773	3307
YMR075C-A	Q6B0Y7	3308
YMR075W	Q04779	3309
YMR076C	Q04264	3310
YMR077C	Q04272	3311
YMR078C	P49956	3312
YMR079W	P24280	3313
YMR080C	P30771	3314
YMR083W	P07246	3315
YMR086W	Q04279	3316
YMR087W	Q04299	3317
YMR088C	Q04301	3318
YMR089C	P40341	3319
YMR090W	Q04304	3320
YMR091C	P32832	3321
YMR092C	P46680	3322
YMR093W	Q04305	3323
YMR094W	P35203	3324
YMR095C	Q03144	3325
YMR096W	Q03148	3326
YMR097C	Q03151	3327
YMR100W	Q03162	3328
YMR101C	Q03175	3329
YMR102C	Q03177	3330
YMR104C	P18961	3331
YMR105C	P37012	3332
YMR106C	Q04437	3333
YMR108W	P07342	3334
YMR109W	Q04439	3335
YMR110C	Q04458	3336
YMR111C	Q04461	3337
YMR112C	Q99278	3338
YMR114C	Q04471	3339
YMR116C	P38011	3340
YMR117C	Q04477	3341
YMR118C	Q04487	3342
YMR120C	P38009	3343
YMR123W	Q03880	3344
YMR124W	P39523	3345
YMR128W	Q04217	3346
YMR129W	P39685	3347
YMR131C	Q04225	3348
YMR133W	P32841	3349
YMR134W	P40207	3350
YMR135C	P40208	3351
YMR137C	P30620	3352
YMR138W	P39110	3353
YMR139W	P38615	3354
YMR140W	P40210	3355
YMR144W	P40214	3356
YMR145C	P40215	3357
YMR146C	P40217	3358
YMR147W	P40218	3359
YMR149W	Q02795	3360
YMR150C	P28627	3361
YMR151W	P28626	3362
YMR152W	P28625	3363
YMR153W	Q03790	3364
YMR154C	Q03792	3365
YMR155W	Q03795	3366
YMR157C	Q03798	3367
YMR158W	Q03799	3368
YMR159C	Q03818	3369
YMR160W	Q03823	3370
YMR163C	Q03824	3371
YMR165C	P32567	3372
YMR167W	P38920	3373
YMR168C	P40969	3374
YMR172W	Q03213	3375
YMR173W	P18899	3376
YMR177W	Q03218	3377
YMR178W	Q03219	3378
YMR179W	P35209	3379
YMR180C	Q03220	3380
YMR181C	Q03231	3381
YMR182C	Q00453	3382
YMR183C	P39926	3383
YMR184W	Q03233	3384
YMR186W	P15108	3385
YMR187C	Q03236	3386
YMR188C	Q03246	3387
YMR190C	P35187	3388
YMR192W	Q04322	3389
YMR193W	P36525	3390
YMR195W	Q04329	3391
YMR196W	Q04336	3392
YMR197C	Q04338	3393
YMR198W	Q01649	3394
YMR199W	P20437	3395
YMR200W	Q03691	3396
YMR201C	P28519	3397
YMR202W	P32352	3398
YMR203W	P23644	3399
YMR204C	Q03694	3400
YMR206W	Q03695	3401
YMR207C	P32874	3402
YMR209C	Q03648	3403
YMR210W	Q03649	3404
YMR211W	Q03652	3405
YMR212C	Q03653	3406
YMR213W	Q03654	3407
YMR214W	P25303	3408
YMR215W	Q03655	3409
YMR216C	Q03656	3410
YMR218C	Q03660	3411
YMR219W	Q03661	3412
YMR221C	Q04991	3413
YMR222C	Q05015	3414
YMR223W	P50102	3415
YMR224C	P32829	3416
YMR225C	P19956	3417
YMR226C	Q05016	3418
YMR227C	Q05021	3419
YMR228W	P14908	3420
YMR229C	Q05022	3421
YMR231W	P12868	3422
YMR232W	Q05670	3423
YMR233W	Q05024	3424
YMR234W	Q04740	3425
YMR235C	P11745	3426
YMR236W	Q05027	3427
YMR237W	Q05029	3428
YMR238W	Q05031	3429
YMR239C	Q02555	3430
YMR240C	Q02554	3431
YMR241W	Q04013	3432
YMR242C	P0CX23	3433
YMR243C	P20107	3434
YMR244W	Q04018	3435
YMR246W	P47912	3436
YMR250W	Q04792	3437
YMR253C	Q04835	3438
YMR255W	Q04839	3439
YMR257C	P08468	3440
YMR258C	Q04847	3441
YMR260C	P38912	3442
YMR261C	P38426	3443
YMR263W	P38429	3444
YMR264W	P38428	3445
YMR265C	Q03508	3446
YMR266W	Q03516	3447
YMR267W	P28239	3448
YMR268C	P49960	3449
YMR269W	Q03525	3450
YMR270C	P53437	3451
YMR271C	P30402	3452
YMR273C	P50111	3453
YMR274C	Q03530	3454
YMR275C	P48524	3455
YMR276W	P48510	3456
YMR277W	Q03254	3457
YMR278W	Q03262	3458
YMR279C	Q03263	3459
YMR280C	P39113	3460
YMR284W	P32807	3461
YMR285C	Q03264	3462
YMR287C	P39112	3463
YMR288W	P49955	3464
YMR290C	Q03532	3465
YMR291W	Q03533	3466
YMR292W	Q03554	3467
YMR293C	Q03557	3468
YMR294W	P36224	3469
YMR295C	Q03559	3470
YMR296C	P25045	3471
YMR297W	P00729	3472
YMR298W	Q03579	3473
YMR299C	Q04949	3474
YMR300C	P04046	3475
YMR302C	P32843	3476
YMR303C	P00331	3477
YMR304W	P50101	3478
YMR305C	Q04951	3479
YMR306W	Q04952	3480
YMR307W	P22146	3481
YMR308C	P32337	3482
YMR309C	P32497	3483
YMR310C	Q04867	3484
YMR311C	P41818	3485
YMR312W	Q04868	3486
YMR313C	P40308	3487
YMR314W	P40302	3488
YMR315W	Q04869	3489
YMR316C-B	A0A023PXQ9	3490
YMR316W	P54005	3491
YMR317W	Q04893	3492
YMR318C	Q04894	3493
YMR319C	P40988	3494
YMR322C	Q04902	3495
YMR323W	P42222	3496
YMR325W	P0CE85	3497
YNL002C	P40693	3498
YNL003C	P38921	3499
YNL004W	P38922	3500
YNL005C	P12687	3501
YNL006W	P41318	3502
YNL007C	P25294	3503
YNL008C	P53983	3504
YNL009W	P53982	3505
YNL011C	P53980	3506
YNL012W	P53541	3507
YNL013C	P53979	3508
YNL014W	P53978	3509
YNL015W	P0CT04	3510
YNL016W	P32588	3511
YNL020C	P53974	3512
YNL021W	P53973	3513
YNL024C	Q8TGJ3	3514
YNL025C	P47821	3515
YNL027W	P53968	3516
YNL028W	P53967	3517
YNL029C	P53966	3518
YNL032W	P53965	3519
YNL034W	P53963	3520
YNL035C	P53962	3521
YNL036W	P53615	3522
YNL037C	P28834	3523
YNL038W	P53961	3524
YNL039W	P46678	3525
YNL040W	P53960	3526
YNL041C	P53959	3527
YNL042W	P53958	3528
YNL044W	P53633	3529
YNL045W	Q10740	3530
YNL046W	P53956	3531
YNL047C	P53955	3532
YNL048W	P53954	3533
YNL049C	P53953	3534
YNL050C	P53952	3535
YNL051W	P53951	3536
YNL053W	P38590	3537
YNL054W	P53950	3538
YNL055C	P04840	3539
YNL056W	P53949	3540
YNL058C	P53947	3541
YNL061W	P40991	3542
YNL062C	P41814	3543
YNL063W	P53944	3544
YNL064C	P25491	3545
YNL066W	P53616	3546
YNL070W	P53507	3547
YNL071W	P12695	3548
YNL072W	P53942	3549
YNL073W	P32048	3550
YNL075W	P53941	3551
YNL076W	P34072	3552
YNL078W	P53939	3553
YNL079C	P17536	3554
YNL081C	P53937	3555
YNL082W	P14242	3556
YNL083W	D6W196	3557
YNL084C	P39013	3558
YNL085W	P40850	3559
YNL086W	P48232	3560
YNL087W	P48231	3561
YNL088W	P06786	3562
YNL090W	P06781	3563
YNL091W	P53935	3564
YNL092W	P53934	3565
YNL093W	P36019	3566
YNL094W	P53933	3567
YNL095C	P53932	3568
YNL097C	P50947	3569
YNL098C	P01120	3570
YNL099C	P50946	3571
YNL100W	P50945	3572
YNL101W	P50944	3573
YNL102W	P13382	3574
YNL103W	P32389	3575
YNL104C	P06208	3576
YNL105W	P50943	3577
YNL106C	P50942	3578
YNL107W	P53930	3579
YNL109W	P53928	3580
YNL110C	P53927	3581
YNL112W	P24783	3582
YNL113W	P28000	3583
YNL116W	P53924	3584
YNL118C	P53550	3585
YNL119W	P53923	3586
YNL121C	P07213	3587
YNL122C	P53921	3588
YNL124W	P53919	3589
YNL125C	P53918	3590
YNL126W	P53540	3591
YNL127W	P53917	3592
YNL128W	P53916	3593
YNL129W	P53915	3594
YNL130C	P17898	3595
YNL131W	P49334	3596
YNL132W	P53914	3597
YNL133C	P53913	3598
YNL134C	P53912	3599
YNL135C	P20081	3600
YNL137C	P27929	3601
YNL138W	P17555	3602
YNL140C	P53910	3603
YNL141W	P53909	3604
YNL144C	P53907	3605
YNL145W	P34166	3606
YNL146W	P53906	3607
YNL147W	P53905	3608
YNL148C	P53904	3609
YNL152W	P53901	3610
YNL153C	P53900	3611
YNL154C	P23292	3612
YNL155W	P53899	3613
YNL157W	P53897	3614
YNL158W	P53896	3615
YNL159C	P53895	3616
YNL160W	P38616	3617
YNL161W	P53894	3618
YNL163C	P53893	3619
YNL164C	P53892	3620
YNL165W	P53891	3621
YNL166C	P53890	3622
YNL167C	Q02100	3623
YNL169C	P39006	3624
YNL171C	P53887	3625
YNL172W	P53886	3626
YNL173C	P53885	3627
YNL175C	P53883	3628
YNL176C	P53882	3629
YNL178W	P05750	3630
YNL180C	P53879	3631
YNL181W	P53878	3632
YNL182C	P53877	3633
YNL183C	P22211	3634
YNL185C	P53875	3635
YNL186W	P53874	3636
YNL187W	P53873	3637
YNL188W	P11927	3638
YNL189W	Q02821	3639
YNL190W	P53872	3640
YNL192W	P08004	3641
YNL193W	P53870	3642
YNL194C	P40169	3643
YNL196C	P40167	3644
YNL199C	Q01722	3645
YNL201C	P40164	3646
YNL202W	P32573	3647
YNL204C	P32572	3648
YNL207W	P40160	3649
YNL208W	P40159	3650
YNL210W	P16523	3651
YNL211C	P53869	3652
YNL212W	P40157	3653
YNL213C	P40156	3654
YNL214W	P40155	3655
YNL215W	P40154	3656
YNL216W	P11938	3657
YNL217W	P40152	3658
YNL218W	P40151	3659
YNL219C	P53868	3660
YNL221C	P41812	3661
YNL222W	P53538	3662
YNL223W	P53867	3663
YNL224C	P53866	3664
YNL225C	P53865	3665
YNL226W	P53864	3666
YNL227C	P53863	3667
YNL228W	P53862	3668
YNL229C	P23202	3669
YNL230C	P53861	3670
YNL231C	P53860	3671
YNL232W	P53859	3672
YNL233W	P53858	3673
YNL234W	P53857	3674
YNL235C	P53856	3675
YNL236W	P32259	3676
YNL237W	P53584	3677
YNL238W	P13134	3678
YNL239W	Q01532	3679
YNL241C	P11412	3680
YNL242W	P53855	3681
YNL243W	P33338	3682
YNL244C	P32911	3683
YNL245C	P53854	3684
YNL246W	P53853	3685
YNL248C	Q01080	3686
YNL250W	P12753	3687
YNL251C	P53617	3688
YNL252C	P36528	3689
YNL253W	P53851	3690
YNL255C	P53849	3691
YNL257C	P38717	3692
YNL258C	P53847	3693
YNL259C	P38636	3694
YNL260C	P53846	3695
YNL261W	P50874	3696
YNL262W	P21951	3697
YNL263C	P53845	3698
YNL264C	P53844	3699
YNL265C	P53843	3700
YNL266W	P53842	3701
YNL267W	P39104	3702
YNL271C	P41832	3703
YNL272C	P17065	3704
YNL273W	P53840	3705
YNL275W	P53838	3706
YNL276C	P53837	3707
YNL277W	P08465	3708
YNL278W	P53836	3709
YNL279W	P53835	3710
YNL280C	P32462	3711
YNL281W	P53834	3712
YNL282W	P53833	3713
YNL284C	Q12112	3714
YNL285W	P53831	3715
YNL287W	P32074	3716
YNL288W	P53829	3717
YNL289W	P24867	3718
YNL290W	P38629	3719
YNL293W	P48566	3720
YNL298W	P48562	3721
YNL300W	P48560	3722
YNL304W	P48559	3723
YNL306W	P42847	3724
YNL307C	P21965	3725
YNL308C	P42846	3726
YNL309W	P42845	3727
YNL311C	P42843	3728
YNL312W	P26754	3729
YNL313C	P42842	3730
YNL314W	P21705	3731
YNL315C	P32453	3732
YNL316C	P32452	3733
YNL318C	P42833	3734
YNL319W	P53826	3735
YNL320W	P42840	3736
YNL321W	P42839	3737
YNL323W	P42838	3738
YNL326C	P42836	3739
YNL327W	P42835	3740
YNL328C	P42834	3741
YNL329C	P33760	3742
YNL330C	P32561	3743
YNL331C	P42884	3744
YNL333W	P53824	3745
YNL334C	P53823	3746
YNL336W	P53822	3747
YNR001C	P00890	3748
YNR002C	P32907	3749
YNR003C	P32910	3750
YNR004W	P40342	3751
YNR005C	P53717	3752
YNR006W	P40343	3753
YNR007C	P40344	3754
YNR008W	P40345	3755
YNR009W	P53718	3756
YNR010W	P33308	3757
YNR011C	P20095	3758
YNR012W	P27515	3759
YNR013C	P27514	3760
YNR015W	P53720	3761
YNR016C	Q00955	3762
YNR017W	P32897	3763
YNR018W	P53721	3764
YNR019W	P53629	3765
YNR022C	P53724	3766
YNR023W	P53628	3767
YNR024W	P53725	3768
YNR025C	P53726	3769
YNR026C	P11655	3770
YNR027W	P53727	3771
YNR028W	P53728	3772
YNR029C	P53729	3773
YNR030W	P53730	3774
YNR031C	P53599	3775
YNR032W	P32838	3776
YNR034W	P50278	3777
YNR035C	P53731	3778
YNR036C	P53732	3779
YNR037C	P53733	3780
YNR039C	P53735	3781
YNR040W	P53736	3782
YNR041C	P32378	3783
YNR042W	P53737	3784
YNR043W	P32377	3785
YNR045W	P07390	3786
YNR046W	P53738	3787
YNR047W	P53739	3788
YNR048W	P53740	3789
YNR049C	P53604	3790
YNR051C	P53741	3791
YNR052C	P39008	3792
YNR053C	P53742	3793
YNR054C	P53743	3794
YNR055C	P53389	3795
YNR056C	P53744	3796
YNR058W	P50277	3797
YNR059W	P53745	3798
YNR060W	P53746	3799
YNR061C	P53747	3800
YNR063W	P53749	3801
YNR064C	P53750	3802
YNR065C	P53751	3803
YNR066C	P53752	3804
YNR068C	P53754	3805
YNR069C	P53755	3806
YNR070W	P53756	3807
YNR071C	P53757	3808
YNR074C	P52923	3809
YNR075W	P52924	3810
YOL001W	P20052	3811
YOL002C	Q12442	3812
YOL003C	Q12006	3813
YOL005C	P38902	3814
YOL006C	P04786	3815
YOL008W	Q08058	3816
YOL009C	Q92328	3817
YOL010W	Q08096	3818
YOL011W	Q08108	3819
YOL012C	Q12692	3820
YOL013C	Q08109	3821
YOL014W	Q08110	3822
YOL015W	Q08118	3823
YOL016C	P22517	3824
YOL017W	Q08119	3825
YOL018C	Q08144	3826
YOL020W	P38967	3827
YOL021C	Q08162	3828
YOL022C	P25040	3829
YOL028C	Q08182	3830
YOL030W	Q08193	3831
YOL031C	Q08199	3832
YOL032W	Q08202	3833
YOL033W	P48525	3834
YOL034W	Q08204	3835
YOL035C	Q08207	3836
YOL036W	Q08206	3837
YOL038W	P40303	3838
YOL039W	P05319	3839
YOL041C	Q08208	3840
YOL042W	Q08213	3841
YOL043C	Q08214	3842
YOL044W	Q08215	3843
YOL045W	Q08217	3844
YOL046C	Q08216	3845
YOL050C	Q08222	3846
YOL051W	P19659	3847
YOL054W	Q12161	3848
YOL056W	Q12326	3849
YOL058W	P22768	3850
YOL059W	P41911	3851
YOL061W	Q12265	3852
YOL062C	Q99186	3853
YOL063C	Q08226	3854
YOL064C	P32179	3855
YOL065C	Q08227	3856
YOL066C	Q12362	3857
YOL067C	P32607	3858
YOL068C	P53685	3859
YOL069W	P33895	3860
YOL070C	Q08229	3861
YOL072W	Q08231	3862
YOL073C	Q08232	3863
YOL077C	Q08235	3864
YOL078W	Q08236	3865
YOL080C	Q08237	3866
YOL081W	P19158	3867
YOL082W	P35193	3868
YOL083W	Q12292	3869
YOL085C	Q99345	3870
YOL086C	P00330	3871
YOL087C	Q99247	3872
YOL088C	Q99316	3873
YOL090W	P25847	3874
YOL091W	Q12411	3875
YOL094C	P40339	3876
YOL095C	Q12039	3877
YOL097C	Q12109	3878
YOL099C	Q08240	3879
YOL100W	Q12236	3880
YOL101C	Q99393	3881
YOL102C	Q12272	3882
YOL103W	Q12273	3883
YOL105C	Q12215	3884
YOL106W	Q08241	3885
YOL107W	Q12239	3886
YOL108C	P13902	3887
YOL109W	Q08245	3888
YOL110W	P41912	3889
YOL111C	Q12285	3890
YOL112W	Q12317	3891
YOL113W	Q12469	3892
YOL115W	P53632	3893
YOL116W	P22148	3894
YOL117W	Q12348	3895
YOL118C	Q08259	3896
YOL120C	P0CX49	3897
YOL123W	Q99383	3898
YOL124C	Q12463	3899
YOL126C	P22133	3900
YOL127W	P04456	3901
YOL128C	Q12222	3902
YOL129W	Q12016	3903
YOL130W	Q08269	3904
YOL131W	Q08270	3905
YOL132W	Q08271	3906
YOL133W	Q08273	3907
YOL135C	Q08278	3908
YOL136C	Q12471	3909
YOL139C	P07260	3910
YOL140W	P18544	3911
YOL142W	Q08285	3912
YOL143C	P50861	3913
YOL144W	Q08287	3914
YOL145C	P89105	3915
YOL146W	Q12146	3916
YOL147C	Q12462	3917
YOL148C	P50875	3918
YOL149W	Q12517	3919
YOL150C	Q08293	3920
YOL151W	Q12068	3921
YOL152W	Q12333	3922
YOL159C	Q08300	3923
YOL163W	P0CF20	3924
YOR001W	Q12149	3925
YOR003W	P25036	3926
YOR004W	Q12339	3927
YOR005C	Q08387	3928
YOR006C	Q12094	3929
YOR007C	Q12118	3930
YOR008C	P54867	3931
YOR009W	Q12218	3932
YOR010C	P33890	3933
YOR011W	Q08409	3934
YOR014W	P38903	3935
YOR016C	Q12450	3936
YOR017W	P32606	3937
YOR018W	Q02805	3938
YOR020C	P38910	3939
YOR023C	Q12433	3940
YOR025W	P53687	3941
YOR026W	P26449	3942
YOR027W	P15705	3943
YOR028C	P40917	3944
YOR029W	Q12243	3945
YOR031W	P41902	3946
YOR032C	Q12398	3947
YOR033C	P39875	3948
YOR034C	Q12013	3949
YOR035C	P51534	3950
YOR036W	P32854	3951
YOR037W	P38909	3952
YOR038C	P32480	3953
YOR039W	P38930	3954
YOR043W	P12611	3955
YOR045W	P33448	3956
YOR046C	P20449	3957
YOR047C	Q02794	3958
YOR048C	Q02792	3959
YOR049C	Q08417	3960
YOR053W	Q08428	3961
YOR054C	Q08438	3962
YOR056C	Q08444	3963
YOR057W	Q08446	3964
YOR059C	Q08448	3965
YOR060C	Q08457	3966
YOR061W	P19454	3967
YOR062C	P36025	3968
YOR063W	P14126	3969
YOR064C	Q08465	3970
YOR065W	P07143	3971
YOR066W	Q08471	3972
YOR067C	P40351	3973
YOR068C	Q08474	3974
YOR069W	Q92331	3975
YOR070C	Q08484	3976
YOR071C	Q08485	3977
YOR072W	P0C5R2	3978
YOR073W	Q08490	3979
YOR074C	P06785	3980
YOR075W	P41834	3981
YOR076C	Q08491	3982
YOR078W	Q08492	3983
YOR079C	Q12067	3984
YOR080W	Q08496	3985
YOR081C	Q12043	3986
YOR082C	Q08498	3987
YOR084W	Q12405	3988
YOR085W	P48439	3989
YOR086C	Q12466	3990
YOR087W	Q12324	3991
YOR088W	Q12324	3992
YOR089C	P36017	3993
YOR090C	Q12511	3994
YOR093C	Q12275	3995
YOR096W	P26786	3996
YOR098C	P20676	3997
YOR100C	Q12289	3998
YOR101W	P01119	3999
YOR102W	Q08503	4000
YOR103C	P46964	4001
YOR104W	Q12057	4002
YOR106W	Q12241	4003
YOR107W	Q99188	4004
YOR109W	Q12271	4005
YOR110W	Q12415	4006
YOR111W	Q99210	4007
YOR112W	Q12453	4008
YOR114W	Q12219	4009
YOR115C	Q99394	4010
YOR116C	P04051	4011
YOR117W	P33297	4012
YOR118W	Q12108	4013
YOR120W	P14065	4014
YOR121C	Q08521	4015
YOR122C	P07274	4016
YOR123C	P38439	4017
YOR124C	Q01476	4018
YOR125C	P41735	4019
YOR127W	P39083	4020
YOR128C	P21264	4021
YOR130C	Q12375	4022
YOR131C	Q12486	4023
YOR132W	P32913	4024
YOR134W	Q12128	4025
YOR136W	P28241	4026
YOR138C	Q12242	4027
YOR140W	P20134	4028
YOR141C	Q12386	4029
YOR142W	P53598	4030
YOR143C	P35202	4031
YOR144C	Q12050	4032
YOR145C	Q99216	4033
YOR146W	Q08533	4034
YOR147W	Q12171	4035
YOR148C	Q02521	4036
YOR150W	Q12487	4037
YOR151C	P08518	4038
YOR153W	P33302	4039
YOR154W	Q12232	4040
YOR155C	Q99312	4041
YOR156C	Q12216	4042
YOR157C	P25043	4043
YOR158W	P17558	4044
YOR159C	Q12330	4045
YOR160W	Q99189	4046
YOR161C	Q12412	4047
YOR162C	Q12172	4048
YOR164C	Q12125	4049
YOR171C	Q12246	4050
YOR172W	Q12340	4051
YOR173W	Q12123	4052
YOR174W	Q12343	4053
YOR175C	Q08548	4054
YOR176W	P16622	4055
YOR177C	Q08550	4056
YOR178C	P28006	4057
YOR179C	Q08553	4058
YOR180C	Q08558	4059
YOR181W	Q12446	4060
YOR184W	P33330	4061
YOR185C	P32836	4062
YOR187W	P02992	4063
YOR189W	Q08561	4064
YOR190W	P32603	4065
YOR191W	Q08562	4066
YOR194C	P32773	4067
YOR195W	Q08581	4068
YOR196C	P32875	4069
YOR197W	Q08601	4070
YOR198C	P38934	4071
YOR201C	P25270	4072
YOR202W	P06633	4073
YOR204W	P06634	4074
YOR205C	Q08622	4075
YOR206W	P39744	4076
YOR207C	P22276	4077
YOR208W	P29461	4078
YOR209C	P39683	4079
YOR210W	P22139	4080
YOR211C	P32266	4081
YOR212W	P18851	4082
YOR213C	Q99314	4083
YOR214C	Q12282	4084
YOR215C	Q12032	4085
YOR217W	P38630	4086
YOR219C	P33894	4087
YOR220W	Q12044	4088
YOR221C	Q12283	4089
YOR222W	Q99297	4090
YOR224C	P20436	4091
YOR225W	Q12225	4092
YOR226C	Q12056	4093
YOR227W	Q12276	4094
YOR229W	Q12206	4095
YOR230W	Q12363	4096
YOR231W	P32490	4097
YOR232W	P38523	4098
YOR236W	P07807	4099
YOR241W	Q08645	4100
YOR242C	Q08646	4101
YOR243C	Q08647	4102
YOR244W	Q08649	4103
YOR245C	Q08650	4104
YOR247W	Q08673	4105
YOR249C	Q08683	4106
YOR250C	Q08685	4107
YOR251C	Q08686	4108
YOR252W	Q08687	4109
YOR254C	P14906	4110
YOR257W	P06704	4111
YOR259C	P53549	4112
YOR260W	P09032	4113
YOR261C	Q08723	4114
YOR262W	Q08726	4115
YOR263C	Q08728	4116
YOR264W	Q08729	4117
YOR265W	P48606	4118
YOR266W	P38969	4119
YOR267C	Q08732	4120
YOR269W	P39946	4121
YOR270C	P32563	4122
YOR271C	Q12029	4123
YOR272W	Q12024	4124
YOR273C	Q12256	4125
YOR274W	P07884	4126
YOR275C	Q12033	4127
YOR276W	P12962	4128
YOR279C	Q12192	4129
YOR281C	Q12017	4130
YOR282W	Q08741	4131
YOR283W	Q12040	4132
YOR284W	Q12134	4133
YOR285W	Q12305	4134
YOR288C	Q12404	4135
YOR289W	Q12012	4136
YOR290C	P22082	4137
YOR292C	Q08743	4138
YOR294W	Q08746	4139
YOR297C	Q08749	4140
YOR298C-A	O14467	4141
YOR298W	Q08750	4142
YOR299W	Q08754	4143
YOR300W	Q08756	4144
YOR302W	P08521	4145
YOR303W	P07258	4146
YOR304W	Q08773	4147
YOR307C	P22215	4148
YOR308C	Q12420	4149
YOR310C	Q12499	4150
YOR311C	Q12382	4151
YOR314W	P0C5R0	4152
YOR315W	Q12507	4153
YOR316C	P32798	4154
YOR317W	P30624	4155
YOR319W	Q99181	4156
YOR320C	Q12096	4157
YOR321W	P47190	4158
YOR323C	P54885	4159
YOR324C	Q99332	4160
YOR325W	Q12261	4161
YOR326W	P19524	4162
YOR327C	P33328	4163
YOR329C	P34758	4164
YOR331C	Q08786	4165
YOR332W	P22203	4166
YOR333C	Q08789	4167
YOR335C	P40825	4168
YOR336W	P22023	4169
YOR338W	Q99326	4170
YOR340C	P46669	4171
YOR341W	P10964	4172
YOR344C	P33122	4173
YOR345C	Q08811	4174
YOR348C	P15380	4175
YOR349W	P40987	4176
YOR350C	P24720	4177
YOR351C	P24719	4178
YOR352W	Q08816	4179
YOR353C	Q08817	4180
YOR354C	Q08818	4181
YOR355W	P41913	4182
YOR356W	Q08822	4183
YOR358W	Q02516	4184
YOR359W	Q08831	4185
YOR361C	P06103	4186
YOR362C	P21242	4187
YOR363C	P52960	4188
YOR364W	Q08842	4189
YOR366W	Q08872	4190
YOR367W	Q08873	4191
YOR368W	P48581	4192
YOR371C	Q08886	4193
YOR372C	Q08887	4194
YOR373W	P32336	4195
YOR374W	P46367	4196
YOR375C	P07262	4197
YOR377W	P40353	4198
YOR378W	Q08902	4199
YOR379C	Q08903	4200
YOR380W	Q08904	4201
YOR381W	Q08905	4202
YOR382W	Q08906	4203
YOR383C	Q08907	4204
YOR385W	Q08909	4205
YOR386W	P05066	4206
YOR387C	Q08910	4207
YOR388C	Q08911	4208
YOR389W	Q08912	4209
YOR390W	Q08913	4210
YOR392W	Q08915	4211
YPL001W	Q12341	4212
YPL002C	Q12483	4213
YPL003W	Q12059	4214
YPL004C	Q12230	4215
YPL005W	Q12089	4216
YPL007C	Q12308	4217
YPL008W	P22516	4218
YPL009C	Q12532	4219
YPL010W	P53600	4220
YPL011C	Q12297	4221
YPL012W	Q12754	4222
YPL013C	Q02608	4223
YPL014W	Q02606	4224
YPL016W	P09547	4225
YPL018W	Q02732	4226
YPL019C	Q02725	4227
YPL020C	Q02724	4228
YPL022W	P06777	4229
YPL023C	P46151	4230
YPL024W	Q02685	4231
YPL025C	Q02659	4232
YPL026C	Q12505	4233
YPL027W	Q02651	4234
YPL028W	P41338	4235
YPL029W	P32580	4236
YPL031C	P17157	4237
YPL032C	Q03088	4238
YPL034W	Q03083	4239
YPL036W	P19657	4240
YPL037C	Q02642	4241
YPL038W	Q03081	4242
YPL040C	P48526	4243
YPL042C	P39073	4244
YPL043W	P37838	4245
YPL045W	Q03308	4246
YPL046C	Q03071	4247
YPL049C	Q03063	4248
YPL050C	P39107	4249
YPL051W	Q02804	4250
YPL052W	Q02803	4251
YPL053C	P54070	4252
YPL056C	Q02786	4253
YPL057C	P33300	4254
YPL059W	Q02784	4255
YPL060W	Q02783	4256
YPL063W	Q02776	4257
YPL064C	Q02770	4258
YPL065W	Q02767	4259
YPL066W	Q12194	4260
YPL067C	Q02754	4261
YPL068C	Q02749	4262
YPL070W	Q02866	4263
YPL071C	Q02864	4264
YPL073C	P40323	4265
YPL074W	P40328	4266
YPL075W	P07261	4267
YPL076W	P46961	4268
YPL077C	Q02831	4269
YPL078C	P05626	4270
YPL082C	P32333	4271
YPL083C	Q02825	4272
YPL084W	P48582	4273
YPL085W	P48415	4274
YPL086C	Q02908	4275
YPL087W	Q02896	4276
YPL088W	Q02895	4277
YPL089C	Q12224	4278
YPL091W	P41921	4279
YPL092W	P41930	4280
YPL093W	Q02892	4281
YPL094C	P21825	4282
YPL095C	Q02891	4283
YPL096W	Q02890	4284
YPL097W	P48527	4285
YPL098C	Q02889	4286
YPL101W	Q02884	4287
YPL102C	O13517	4288
YPL104W	P15179	4289
YPL105C	Q02875	4290
YPL106C	P32589	4291
YPL107W	Q02873	4292
YPL108W	Q02872	4293
YPL110C	Q02979	4294
YPL111W	P00812	4295
YPL112C	Q02969	4296
YPL113C	Q02961	4297
YPL114W	O13518	4298
YPL115C	P32873	4299
YPL118W	Q02950	4300
YPL119C	P24784	4301
YPL120W	Q02948	4302
YPL121C	P32489	4303
YPL122C	Q02939	4304
YPL124W	P33419	4305
YPL125W	Q02932	4306
YPL126W	Q02931	4307
YPL127C	P53551	4308
YPL128C	Q02457	4309
YPL129W	P35189	4310
YPL130W	Q03029	4311
YPL131W	P26321	4312
YPL132W	P19516	4313
YPL133C	P19541	4314
YPL134C	Q03028	4315
YPL135W	Q03020	4316
YPL136W	O13519	4317
YPL138C	Q03012	4318
YPL139C	Q03010	4319
YPL140C	P32491	4320
YPL146C	Q12080	4321
YPL147W	P41909	4322
YPL149W	Q12380	4323
YPL150W	Q12152	4324
YPL151C	Q12417	4325
YPL152W	Q12461	4326
YPL153C	P22216	4327
YPL154C	P07267	4328
YPL155C	P28743	4329
YPL157W	Q12052	4330
YPL158C	Q99299	4331
YPL159C	Q99373	4332
YPL160W	P26637	4333
YPL161C	P39011	4334
YPL162C	Q12042	4335
YPL163C	Q12254	4336
YPL164C	Q12083	4337
YPL166W	Q12092	4338
YPL169C	Q99257	4339
YPL170W	Q12091	4340
YPL171C	P41816	4341
YPL172C	P21592	4342
YPL174C	P33420	4343
YPL175W	P32363	4344
YPL178W	Q08920	4345
YPL179W	P32945	4346
YPL180W	Q08921	4347
YPL181W	Q08923	4348
YPL183W-A	O14464	4349
YPL188W	Q06892	4350
YPL189W	Q08929	4351
YPL190C	P38996	4352
YPL192C	Q08931	4353
YPL193W	Q08932	4354
YPL194W	Q08949	4355
YPL195W	Q08951	4356
YPL196W	Q08952	4357
YPL200W	Q08955	4358
YPL201C	Q08956	4359
YPL203W	P06245	4360
YPL204W	P29295	4361
YPL205C	Q08958	4362
YPL207W	Q08960	4363
YPL208W	Q08961	4364
YPL209C	P38991	4365
YPL210C	P38688	4366
YPL211W	Q08962	4367
YPL212C	Q12211	4368
YPL213W	Q08963	4369
YPL214C	P41835	4370
YPL215W	P21560	4371
YPL217C	Q08965	4372
YPL218W	P20606	4373
YPL219W	Q08966	4374
YPL221W	Q08967	4375
YPL222W	Q08968	4376
YPL224C	Q08970	4377
YPL226W	Q08972	4378
YPL227C	P40350	4379
YPL228W	O13297	4380
YPL229W	Q99395	4381
YPL231W	P19097	4382
YPL232W	P32867	4383
YPL233W	Q12143	4384
YPL234C	P32842	4385
YPL235W	Q12464	4386
YPL236C	Q12003	4387
YPL237W	P09064	4388
YPL238C	Q99401	4389
YPL240C	P02829	4390
YPL241C	P46670	4391
YPL242C	Q12280	4392
YPL243W	P38687	4393
YPL245W	Q12179	4394
YPL246C	Q12270	4395
YPL247C	Q12523	4396
YPL248C	P04386	4397
YPL249C	Q12344	4398
YPL249C-A	O14455	4399
YPL250C	Q12048	4400
YPL251W	Q12058	4401
YPL252C	Q12184	4402
YPL253C	Q12045	4403
YPL254W	Q12060	4404
YPL255W	Q12365	4405
YPL256C	P20438	4406
YPL257W	Q12414	4407
YPL259C	Q00776	4408
YPL262W	P08417	4409
YPL264C	Q08980	4410
YPL265W	P53388	4411
YPL266W	P41819	4412
YPL269W	P32526	4413
YPL270W	P33311	4414
YPL271W	P21306	4415
YPL274W	Q08986	4416
YPL276W	P0CF36	4417
YPR003C	P53394	4418
YPR004C	Q12480	4419
YPR006C	Q12031	4420
YPR008W	Q12753	4421
YPR010C	P22138	4422
YPR011C	Q12251	4423
YPR014C	Q6B0W2	4424
YPR015C	Q12531	4425
YPR016C	Q12522	4426
YPR017C	P32601	4427
YPR018W	Q12495	4428
YPR019W	P30665	4429
YPR020W	Q12233	4430
YPR021C	Q12482	4431
YPR023C	Q12432	4432
YPR025C	P37366	4433
YPR028W	Q12402	4434
YPR029C	Q12028	4435
YPR030W	Q12734	4436
YPR031W	Q12311	4437
YPR032W	Q12038	4438
YPR033C	P07263	4439
YPR034W	Q12406	4440
YPR036W	P41807	4441
YPR037C	Q12284	4442
YPR040W	Q12199	4443
YPR041W	P38431	4444
YPR045C	Q12049	4445
YPR046W	Q12262	4446
YPR047W	P08425	4447
YPR048W	Q12181	4448
YPR049C	Q12527	4449
YPR050C	A0A023PZM3	4450
YPR051W	Q03503	4451
YPR054W	P41808	4452
YPR055W	P32855	4453
YPR056W	Q12004	4454
YPR057W	Q99177	4455
YPR058W	P32331	4456
YPR062W	Q12178	4457
YPR063C	Q12160	4458
YPR065W	P25042	4459
YPR066W	Q99344	4460
YPR067W	Q12425	4461
YPR069C	Q12074	4462
YPR070W	Q12321	4463
YPR071W	Q12346	4464
YPR072W	Q12514	4465
YPR073C	P40347	4466
YPR074C	P23254	4467
YPR076W	O13582	4468
YPR078C	Q06813	4469
YPR079W	Q06815	4470
YPR082C	Q06819	4471
YPR083W	Q06820	4472
YPR084W	Q06821	4473
YPR085C	Q06822	4474
YPR086W	P29055	4475
YPR088C	P20424	4476
YPR090W	O13585	4477
YPR093C	Q06834	4478
YPR094W	Q06835	4479
YPR096C	O13587	4480
YPR099C	O13548	4481
YPR100W	Q06090	4482
YPR101W	Q06091	4483
YPR102C	P0C0W9	4484
YPR103W	P30656	4485
YPR104C	P39521	4486
YPR105C	Q06096	4487
YPR106W	Q06098	4488
YPR107C	Q06102	4489
YPR108W	Q06103	4490
YPR110C	P07703	4491
YPR111W	P32328	4492
YPR112C	Q06106	4493
YPR113W	P06197	4494
YPR114W	Q06107	4495
YPR115W	Q06108	4496
YPR118W	Q06489	4497
YPR119W	P24869	4498
YPR120C	P30283	4499
YPR121W	Q06490	4500
YPR122W	P40851	4501
YPR124W	P49573	4502
YPR126C	O13567	4503
YPR128C	Q06497	4504
YPR130C	O13568	4505
YPR132W	P0CX30	4506
YPR133C	Q06505	4507
YPR134W	P08593	4508
YPR135W	Q01454	4509
YPR136C	O13569	4510
YPR137W	Q06506	4511
YPR138C	P53390	4512
YPR141C	P17119	4513
YPR143W	Q06511	4514
YPR144C	Q06512	4515
YPR145W	P49089	4516
YPR148C	Q06523	4517
YPR149W	Q12207	4518
YPR152C	Q06525	4519
YPR154W	Q06449	4520
YPR155C	Q12374	4521
YPR156C	Q06451	4522
YPR157W	Q06466	4523
YPR159W	P32486	4524
YPR160W	P06738	4525
YPR161C	P23293	4526
YPR162C	P54791	4527
YPR163C	P34167	4528
YPR164W	Q06211	4529
YPR165W	P06780	4530
YPR168W	Q06213	4531
YPR169W	Q06214	4532
YPR171W	Q06604	4533
YPR172W	Q06608	4534
YPR173C	P52917	4535
YPR175W	P24482	4536
YPR176C	P20133	4537
YPR177C	O13575	4538
YPR178W	P20053	4539
YPR179C	Q06623	4540
YPR180W	Q06624	4541
YPR181C	P15303	4542
YPR182W	P54999	4543
YPR183W	P14020	4544
YPR184W	Q06625	4545
YPR185W	Q06628	4546
YPR187W	P20435	4547
YPR188C	Q06580	4548
YPR189W	P17883	4549
YPR190C	P32349	4550
YPR191W	P07257	4551
YPR192W	P0CD91	4552
YPR193C	Q06592	4553
YPR194C	Q06593	4554
YPR198W	P33335	4555
YPR199C	Q06596	4556
YPR201W	Q06598	4557
