Q0085	P00854	0
Q0130	P61829	1
YAL001C	P34111	2
YAL002W	P39702	3
YAL003W	P32471	4
YAL004W	P39703	5
YAL005C	P10591	6
YAL007C	P39704	7
YAL009W	P18410	8
YAL010C	P18409	9
YAL011W	P31376	10
YAL012W	P31373	11
YAL013W	P31385	12
YAL014C	P31377	13
YAL015C	P31378	14
YAL016W	P31383	15
YAL017W	P31374	16
YAL018C	P31379	17
YAL019W	P31380	18
YAL021C	P31384	19
YAL022C	P31381	20
YAL023C	P31382	21
YAL024C	P07866	22
YAL025C	P10962	23
YAL026C	P39524	24
YAL027W	P39735	25
YAL028W	P39734	26
YAL029C	P32492	27
YAL030W	P31109	28
YAL031C	P39732	29
YAL032C	P28004	30
YAL033W	P28005	31
YAL034C	P28003	32
YAL034W-A	P39731	33
YAL035W	P39730	34
YAL036C	P39729	35
YAL038W	P00549	36
YAL040C	P13365	37
YAL041W	P11433	38
YAL043C	Q01329	39
YAL045C	P39725	40
YAL047C	P39723	41
YAL049C	P39721	42
YAL051W	P39720	43
YAL053W	P39719	44
YAL054C	Q01574	45
YAL055W	P39718	46
YAL056W	P39717	47
YAL058W	P27825	48
YAL059W	P39715	49
YAL060W	P39714	50
YAL061W	P39713	51
YAL062W	P39708	52
YAL064W	O13512	53
YAL066W	P39710	54
YAL067C	P39709	55
YAR002C-A	Q05359	56
YAR002W	P39705	57
YAR003W	P39706	58
YAR007C	P22336	59
YAR008W	P39707	60
YAR014C	P27637	61
YAR018C	P22209	62
YAR019C	P27636	63
YAR020C	P39545	64
YAR023C	D6VPM8	65
YAR027W	P39547	66
YAR030C	P39550	67
YAR031W	P39551	68
YAR033W	P39552	69
YAR035W	P80235	70
YAR042W	P35845	71
YAR044W	P35845	72
YAR047C	P39557	73
YAR060C	P0CX88	74
YAR064W	P39563	75
YAR066W	P0CX18	76
YAR069C	P0CX92	77
YAR071W	P35842	78
YAR073W	P39567	79
YBL001C	P35195	80
YBL002W	P02294	81
YBL003C	P04912	82
YBL004W	P35194	83
YBL005W	Q12490	84
YBL006C	P38210	85
YBL007C	P32790	86
YBL008W	P32479	87
YBL009W	P32789	88
YBL010C	P32788	89
YBL014C	P32786	90
YBL015W	P32316	91
YBL016W	P16892	92
YBL017C	P32319	93
YBL018C	P38208	94
YBL019W	P38207	95
YBL020W	P38206	96
YBL021C	P13434	97
YBL022C	P36775	98
YBL023C	P29469	99
YBL024W	P38205	100
YBL025W	P38204	101
YBL026W	P38203	102
YBL029W	P38201	103
YBL030C	P18239	104
YBL031W	P38200	105
YBL032W	P38199	106
YBL033C	P38066	107
YBL034C	P38198	108
YBL035C	P38121	109
YBL036C	P38197	110
YBL037W	P38065	111
YBL038W	P38064	112
YBL039C	P28274	113
YBL040C	P18414	114
YBL041W	P23724	115
YBL042C	P38196	116
YBL043W	P38195	117
YBL044W	P38194	118
YBL045C	P07256	119
YBL046W	P38193	120
YBL047C	P34216	121
YBL049W	P38191	122
YBL050W	P32602	123
YBL051C	P34217	124
YBL052C	P34218	125
YBL053W	P38190	126
YBL056W	P34221	127
YBL058W	P34223	128
YBL059W	P34224	129
YBL061C	P34226	130
YBL064C	P34227	131
YBL065W	P38188	132
YBL066C	P34228	133
YBL067C	P38187	134
YBL068W	P38063	135
YBL071C	P38185	136
YBL074C	P32357	137
YBL075C	P09435	138
YBL076C	P09436	139
YBL078C	P38182	140
YBL079W	P38181	141
YBL080C	P33893	142
YBL082C	P38179	143
YBL084C	P38042	144
YBL085W	P38041	145
YBL086C	P38177	146
YBL088C	P38110	147
YBL089W	P38176	148
YBL090W	P38175	149
YBL091C	P38174	150
YBL092W	P38061	151
YBL093C	P25046	152
YBL094C	P38173	153
YBL095W	P38172	154
YBL097W	P38170	155
YBL098W	P38169	156
YBL099W	P07251	157
YBL100C	P38168	158
YBL101C	P38167	159
YBL102W	P38166	160
YBL103C	P38165	161
YBL104C	P38164	162
YBL105C	P24583	163
YBL106C	P38163	164
YBL108W	P38161	165
YBL112C	Q3E7Y4	166
YBR001C	P35172	167
YBR003W	P18900	168
YBR004C	P38211	169
YBR006W	P38067	170
YBR008C	P38124	171
YBR010W	P61830	172
YBR011C	P00817	173
YBR012C	P38214	174
YBR014C	P38068	175
YBR015C	P38069	176
YBR017C	P38217	177
YBR018C	P08431	178
YBR019C	P04397	179
YBR020W	P04385	180
YBR021W	P05316	181
YBR023C	P29465	182
YBR024W	P38072	183
YBR025C	P38219	184
YBR027C	P38220	185
YBR028C	P38070	186
YBR029C	P38221	187
YBR033W	P38073	188
YBR034C	P38074	189
YBR035C	P38075	190
YBR036C	P35206	191
YBR037C	P23833	192
YBR038W	P14180	193
YBR039W	P38077	194
YBR040W	P38224	195
YBR041W	P38225	196
YBR042C	P38226	197
YBR043C	P38227	198
YBR044C	P38228	199
YBR045C	P38229	200
YBR047W	P38231	201
YBR049C	P21538	202
YBR050C	P38232	203
YBR052C	P38234	204
YBR054W	P38079	205
YBR055C	P19735	206
YBR056W	P38081	207
YBR057C	P38236	208
YBR058C	P38237	209
YBR059C	P38080	210
YBR060C	P32833	211
YBR061C	P38238	212
YBR063C	P38083	213
YBR064W	P38240	214
YBR066C	P38082	215
YBR067C	P27654	216
YBR068C	P38084	217
YBR069C	P38085	218
YBR070C	P38242	219
YBR072W	P15992	220
YBR073W	P38086	221
YBR074W	P38244	222
YBR076W	P38246	223
YBR077C	P38247	224
YBR078W	P38248	225
YBR080C	P18759	226
YBR081C	P35177	227
YBR082C	P15731	228
YBR083W	P18412	229
YBR084W	P09440	230
YBR085W	P18238	231
YBR086C	P38250	232
YBR087W	P38251	233
YBR088C	P15873	234
YBR089W	P38252	235
YBR090C	P38253	236
YBR091C	P32830	237
YBR093C	P00635	238
YBR094W	P38254	239
YBR095C	P38255	240
YBR096W	P38256	241
YBR097W	P22219	242
YBR098W	P38257	243
YBR099C	P38258	244
YBR101C	P38260	245
YBR102C	P38261	246
YBR103W	P38262	247
YBR105C	P38263	248
YBR106W	P38264	249
YBR107C	P38265	250
YBR108W	P38266	251
YBR109C	P06787	252
YBR110W	P16661	253
YBR112C	P14922	254
YBR113W	P38267	255
YBR114W	P31244	256
YBR115C	P07702	257
YBR116C	P38268	258
YBR117C	P33315	259
YBR119W	P32605	260
YBR120C	P07253	261
YBR121C	P38088	262
YBR122C	P36531	263
YBR123C	P32367	264
YBR124W	P38269	265
YBR125C	P38089	266
YBR126C	Q00764	267
YBR127C	P16140	268
YBR128C	P38270	269
YBR129C	P38271	270
YBR130C	P38272	271
YBR132C	P38090	272
YBR133C	P38274	273
YBR134W	P38275	274
YBR135W	P20486	275
YBR136W	P38111	276
YBR137W	P38276	277
YBR138C	P38277	278
YBR139W	P38109	279
YBR140C	P18963	280
YBR141C	P38278	281
YBR142W	P38112	282
YBR143C	P12385	283
YBR144C	P34215	284
YBR145W	P38113	285
YBR146W	P38120	286
YBR149W	P38115	287
YBR150C	P38114	288
YBR152W	P38282	289
YBR154C	P20434	290
YBR155W	P33313	291
YBR156C	P38283	292
YBR157C	P38284	293
YBR158W	P38285	294
YBR159W	P38286	295
YBR160W	P00546	296
YBR161W	P38287	297
YBR162C	P38288	298
YBR162W-A	P38374	299
YBR167C	P38291	300
YBR168W	P38292	301
YBR169C	P32590	302
YBR170C	P33755	303
YBR171W	P33754	304
YBR172C	P32909	305
YBR173C	P38293	306
YBR174C	P38294	307
YBR175W	P38123	308
YBR176W	P38122	309
YBR178W	P38296	310
YBR179C	P38297	311
YBR180W	P38125	312
YBR183W	P38298	313
YBR184W	P38299	314
YBR185C	P38300	315
YBR186W	P38126	316
YBR187W	P38301	317
YBR188C	P38302	318
YBR190W	P38303	319
YBR192W	P38127	320
YBR193C	P38304	321
YBR194W	P38305	322
YBR195C	P13712	323
YBR196C	P12709	324
YBR197C	P38306	325
YBR198C	P38129	326
YBR199W	P38131	327
YBR200W	P29366	328
YBR201W	P38307	329
YBR202W	P38132	330
YBR203W	P38308	331
YBR204C	P38139	332
YBR205W	P38130	333
YBR207W	P38310	334
YBR208C	P32528	335
YBR209W	P38311	336
YBR211C	P38313	337
YBR212W	P32831	338
YBR213W	P15807	339
YBR214W	P38314	340
YBR215W	Q01448	341
YBR216C	P38315	342
YBR217W	P38316	343
YBR218C	P32327	344
YBR221C	P32473	345
YBR222C	P38137	346
YBR223C	P38319	347
YBR225W	P38321	348
YBR226C	P38322	349
YBR227C	P38323	350
YBR228W	P38324	351
YBR229C	P38138	352
YBR230C	P38325	353
YBR231C	P38326	354
YBR233W	P69850	355
YBR234C	P38328	356
YBR235W	P38329	357
YBR236C	P32783	358
YBR237W	P21372	359
YBR238C	P38330	360
YBR239C	P38140	361
YBR241C	P38142	362
YBR242W	P38331	363
YBR243C	P07286	364
YBR244W	P38143	365
YBR245C	P38144	366
YBR246W	P38332	367
YBR247C	P38333	368
YBR248C	P33734	369
YBR249C	P32449	370
YBR250W	P33757	371
YBR251W	P33759	372
YBR252W	P33317	373
YBR253W	P32570	374
YBR254C	P38334	375
YBR255W	P38335	376
YBR257W	P38336	377
YBR258C	P38337	378
YBR260C	P38339	379
YBR261C	P38340	380
YBR262C	P38341	381
YBR263W	P37292	382
YBR264C	P38146	383
YBR265W	P38342	384
YBR266C	P38343	385
YBR267W	P38344	386
YBR269C	P38345	387
YBR270C	P38346	388
YBR271W	P38347	389
YBR272C	P38348	390
YBR273C	P38349	391
YBR274W	P38147	392
YBR275C	P29539	393
YBR276C	P38148	394
YBR277C	P38350	395
YBR278W	P27344	396
YBR279W	P38351	397
YBR280C	P38352	398
YBR281C	P38149	399
YBR282W	P36526	400
YBR283C	P38353	401
YBR284W	P38150	402
YBR285W	P38354	403
YBR286W	P37302	404
YBR287W	P38355	405
YBR288C	P38153	406
YBR289W	P18480	407
YBR290W	P38356	408
YBR291C	P38152	409
YBR293W	P38358	410
YBR295W	P38360	411
YBR296C	P38361	412
YBR298C	P38156	413
YBR301W	P38155	414
YBR302C	P0CX12	415
YCL005W	Q3E7B6	416
YCL007C	P25603	417
YCL008C	P25604	418
YCL009C	P25605	419
YCL010C	P25554	420
YCL011C	P25555	421
YCL014W	P25558	422
YCL016C	P25559	423
YCL017C	P25374	424
YCL022C	P25562	425
YCL023C	P25563	426
YCL024W	P25389	427
YCL025C	P25376	428
YCL026C-A	P37261	429
YCL027W	P11710	430
YCL028W	P25367	431
YCL029C	P11709	432
YCL030C	P00815	433
YCL031C	P25368	434
YCL032W	P25344	435
YCL033C	P25566	436
YCL034W	P25369	437
YCL035C	P25373	438
YCL036W	P25370	439
YCL037C	P25567	440
YCL038C	P25568	441
YCL039W	P25569	442
YCL040W	P17709	443
YCL042W	P25572	444
YCL043C	P17967	445
YCL044C	P25573	446
YCL045C	P25574	447
YCL046W	P25575	448
YCL049C	P25577	449
YCL050C	P16550	450
YCL051W	P25579	451
YCL052C	P25580	452
YCL054W	P25582	453
YCL055W	P25583	454
YCL056C	P25584	455
YCL057W	P25375	456
YCL058C	P25585	457
YCL059C	P25586	458
YCL061C	P25588	459
YCL063W	P25591	460
YCL065W	P37264	461
YCL066W	P0CY07	462
YCL076W	P25602	463
YCR001W	P25347	464
YCR002C	P25342	465
YCR004C	P25349	466
YCR005C	P08679	467
YCR007C	P25354	468
YCR008W	P25333	469
YCR009C	P25343	470
YCR010C	P25613	471
YCR011C	P25371	472
YCR012W	P00560	473
YCR014C	P25615	474
YCR015C	P25616	475
YCR016W	P25617	476
YCR020C-A	P23059	477
YCR021C	P25619	478
YCR022C	P25620	479
YCR023C	P25351	480
YCR024C	P25345	481
YCR024C-A	P32903	482
YCR027C	P25378	483
YCR028C	P25621	484
YCR028C-A	P32445	485
YCR030C	P25623	486
YCR033W	P25357	487
YCR034W	P25358	488
YCR035C	P25359	489
YCR036W	P25332	490
YCR037C	P25360	491
YCR038C	P25300	492
YCR041W	P37265	493
YCR042C	P23255	494
YCR044C	P25625	495
YCR045C	P25381	496
YCR046C	P25626	497
YCR047C	P25627	498
YCR048W	P25628	499
YCR050C	P25630	500
YCR052W	P25632	501
YCR053W	P16120	502
YCR054C	P25355	503
YCR057C	P25635	504
YCR059C	P25637	505
YCR060W	P25638	506
YCR061W	P25639	507
YCR063W	P25337	508
YCR065W	P25364	509
YCR066W	P10862	510
YCR067C	P25365	511
YCR068W	P25641	512
YCR071C	P25642	513
YCR072C	P25382	514
YCR073C	P25390	515
YCR075C	P17261	516
YCR076C	P25659	517
YCR077C	P25644	518
YCR079W	P25646	519
YCR081W	P25648	520
YCR082W	P25649	521
YCR084C	P16649	522
YCR086W	P25651	523
YCR087C-A	P37263	524
YCR087W	P25652	525
YCR088W	P15891	526
YCR091W	P25341	527
YCR092C	P25336	528
YCR093W	P25655	529
YCR094W	P25656	530
YCR095C	P25366	531
YCR096C	P0CY13	532
YCR097W	P0CY11	533
YCR098C	P25346	534
YCR099C	P25657	535
YCR100C	P25606	536
YCR101C	P25607	537
YCR106W	P25611	538
YDL001W	Q03441	539
YDL002C	Q03435	540
YDL003W	Q12158	541
YDL004W	Q12165	542
YDL005C	Q12124	543
YDL006W	P35182	544
YDL007W	P40327	545
YDL008W	Q12157	546
YDL011C	Q12023	547
YDL012C	Q12489	548
YDL013W	P32828	549
YDL014W	P15646	550
YDL015C	Q99190	551
YDL016C	Q12115	552
YDL017W	P06243	553
YDL019C	Q12451	554
YDL020C	Q03465	555
YDL022W	Q00055	556
YDL024C	P52290	557
YDL025C	Q12100	558
YDL026W	Q12147	559
YDL028C	P54199	560
YDL029W	P32381	561
YDL030W	P19736	562
YDL031W	Q12389	563
YDL035C	Q12361	564
YDL036C	Q12069	565
YDL037C	Q12140	566
YDL040C	P12945	567
YDL041W	Q12352	568
YDL042C	P06700	569
YDL043C	Q07350	570
YDL044C	P10849	571
YDL045C	P38913	572
YDL046W	Q12408	573
YDL047W	P20604	574
YDL049C	P50112	575
YDL050C	Q07355	576
YDL051W	P33399	577
YDL052C	P33333	578
YDL053C	Q07362	579
YDL054C	Q07376	580
YDL055C	P41940	581
YDL056W	P39678	582
YDL058W	P25386	583
YDL059C	Q12223	584
YDL060W	Q07381	585
YDL061C	P41058	586
YDL062W	Q07410	587
YDL063C	Q07395	588
YDL064W	P50623	589
YDL065C	Q07418	590
YDL066W	P21954	591
YDL067C	P07255	592
YDL070W	Q07442	593
YDL071C	Q07438	594
YDL072C	Q07451	595
YDL074C	Q07457	596
YDL075W	P0C2H8	597
YDL076C	Q07458	598
YDL077C	Q07468	599
YDL078C	P32419	600
YDL080C	Q07471	601
YDL081C	P05318	602
YDL084W	Q07478	603
YDL085W	Q07500	604
YDL086W	Q07505	605
YDL087C	Q07508	606
YDL088C	Q05166	607
YDL089W	Q12066	608
YDL090C	P22007	609
YDL091C	Q12229	610
YDL092W	P38985	611
YDL093W	P52867	612
YDL094C	Q07509	613
YDL095W	P33775	614
YDL096C	Q07521	615
YDL097C	Q12377	616
YDL098C	Q12368	617
YDL099W	Q12191	618
YDL100C	Q12154	619
YDL101C	P39009	620
YDL102W	P15436	621
YDL103C	P43123	622
YDL105W	P43124	623
YDL106C	P07269	624
YDL108W	P06242	625
YDL110C	Q12513	626
YDL111C	Q12277	627
YDL112W	Q07527	628
YDL113C	Q07528	629
YDL114W	Q07530	630
YDL115C	Q07532	631
YDL116W	P52891	632
YDL117W	Q07533	633
YDL118W	Q07535	634
YDL121C	Q07541	635
YDL123W	Q07549	636
YDL124W	Q07551	637
YDL125C	Q04344	638
YDL126C	P25694	639
YDL127W	P25693	640
YDL128W	Q99385	641
YDL129W	Q07555	642
YDL130W	P10622	643
YDL131W	Q12122	644
YDL132W	Q12018	645
YDL133W	Q12516	646
YDL134C	P23594	647
YDL135C	Q12434	648
YDL137W	P19146	649
YDL138W	Q12300	650
YDL139C	Q12334	651
YDL140C	P04050	652
YDL143W	P39078	653
YDL144C	Q07589	654
YDL145C	P53622	655
YDL146W	Q12342	656
YDL147W	Q12250	657
YDL148C	Q99207	658
YDL149W	Q12142	659
YDL150W	P25441	660
YDL153C	Q12136	661
YDL154W	Q12175	662
YDL155W	P24870	663
YDL156W	Q12510	664
YDL157C	Q12082	665
YDL158C	Q12047	666
YDL159W	P06784	667
YDL160C	P39517	668
YDL161W	Q12518	669
YDL162C	Q12307	670
YDL164C	P04819	671
YDL165W	P06100	672
YDL166C	Q12055	673
YDL167C	P32770	674
YDL168W	P32771	675
YDL171C	Q12680	676
YDL172C	Q12135	677
YDL173W	Q12515	678
YDL175C	Q12476	679
YDL178W	P46681	680
YDL179W	Q12477	681
YDL180W	Q12301	682
YDL181W	P01097	683
YDL183C	P48569	684
YDL185W	P17255	685
YDL186W	P48568	686
YDL188C	P23595	687
YDL189W	Q05672	688
YDL190C	P54860	689
YDL192W	P11076	690
YDL193W	Q12063	691
YDL195W	P38968	692
YDL196W	Q12187	693
YDL198C	P38988	694
YDL199C	Q12407	695
YDL200C	P26188	696
YDL201W	Q12009	697
YDL202W	P36521	698
YDL203C	Q07622	699
YDL204W	Q12443	700
YDL206W	Q12424	701
YDL207W	Q12315	702
YDL208W	P32495	703
YDL209C	Q12046	704
YDL210W	P32837	705
YDL211C	Q12121	706
YDL212W	Q02774	707
YDL213C	Q07623	708
YDL214C	Q12310	709
YDL215C	P33327	710
YDL216C	Q12468	711
YDL217C	Q12328	712
YDL218W	Q07629	713
YDL219W	Q07648	714
YDL220C	P32797	715
YDL221W	Q07649	716
YDL224C	Q07655	717
YDL225W	Q07657	718
YDL226C	P35197	719
YDL230W	P25044	720
YDL231C	Q07660	721
YDL232W	Q99380	722
YDL233W	Q07684	723
YDL235C	Q07688	724
YDL236W	P19881	725
YDL237W	Q07716	726
YDL238C	Q07729	727
YDL239C	Q07732	728
YDL240W	P35688	729
YDL243C	Q07747	730
YDL247W	P0CD99	731
YDL248W	Q07788	732
YDR001C	P32356	733
YDR002W	P41920	734
YDR003W	Q03446	735
YDR004W	P25301	736
YDR005C	P41910	737
YDR006C	P40317	738
YDR007W	P00912	739
YDR009W	P13045	740
YDR010C	Q12426	741
YDR012W	P49626	742
YDR013W	Q12488	743
YDR016C	Q12248	744
YDR017C	Q12494	745
YDR018C	Q12185	746
YDR020C	Q12084	747
YDR021W	Q12099	748
YDR022C	Q12421	749
YDR023W	P07284	750
YDR026C	Q12457	751
YDR027C	Q12071	752
YDR028C	Q00816	753
YDR030C	Q12021	754
YDR032C	Q12335	755
YDR034C	Q12472	756
YDR036C	P28817	757
YDR037W	P15180	758
YDR038C	Q12691	759
YDR039C	Q01896	760
YDR041W	Q03201	761
YDR042C	Q03205	762
YDR043C	Q03125	763
YDR044W	P11353	764
YDR045C	Q04307	765
YDR046C	P41815	766
YDR049W	Q04311	767
YDR050C	P00942	768
YDR051C	Q99288	769
YDR052C	P32325	770
YDR054C	P14682	771
YDR056C	Q12025	772
YDR060W	Q12176	773
YDR061W	Q12298	774
YDR062W	P40970	775
YDR063W	Q12156	776
YDR066C	Q12378	777
YDR067C	Q12454	778
YDR068W	P54858	779
YDR069C	P32571	780
YDR070C	Q12497	781
YDR071C	Q12447	782
YDR072C	P38954	783
YDR073W	P38956	784
YDR074W	P31688	785
YDR075W	P32345	786
YDR076W	P38953	787
YDR077W	Q01589	788
YDR078C	P38957	789
YDR079W	P38958	790
YDR080W	P38959	791
YDR082W	P38960	792
YDR085C	P33304	793
YDR086C	P35179	794
YDR087C	P35178	795
YDR088C	Q02775	796
YDR091C	Q03195	797
YDR092W	P52490	798
YDR093W	Q12675	799
YDR095C	Q03831	800
YDR097C	Q03834	801
YDR098C	Q03835	802
YDR099W	P34730	803
YDR100W	Q03860	804
YDR101C	Q03862	805
YDR102C	Q03864	806
YDR103W	P32917	807
YDR105C	Q12116	808
YDR106W	Q04549	809
YDR107C	Q04562	810
YDR108W	P46944	811
YDR110W	O13329	812
YDR111C	P52892	813
YDR113C	P40316	814
YDR115W	Q04598	815
YDR116C	Q04599	816
YDR118W	Q04601	817
YDR119W	Q2V2P9	818
YDR120C	P15565	819
YDR121W	Q04603	820
YDR122W	P13185	821
YDR123C	P26798	822
YDR126W	Q04629	823
YDR127W	P08566	824
YDR128W	Q03897	825
YDR129C	P32599	826
YDR130C	Q03898	827
YDR131C	Q03899	828
YDR132C	Q03900	829
YDR133C	Q03904	830
YDR135C	P39109	831
YDR136C	Q03913	832
YDR137W	P16664	833
YDR138W	P17629	834
YDR139C	Q03919	835
YDR140W	Q03920	836
YDR141C	Q03921	837
YDR142C	P39108	838
YDR143C	P22470	839
YDR144C	P53379	840
YDR145W	Q03761	841
YDR146C	P08153	842
YDR148C	P19262	843
YDR150W	Q00402	844
YDR151C	P47976	845
YDR152W	Q03768	846
YDR155C	P14832	847
YDR156W	P50106	848
YDR158W	P13663	849
YDR159W	P46674	850
YDR160W	Q03770	851
YDR162C	Q12163	852
YDR164C	P30619	853
YDR165W	Q03774	854
YDR166C	P89102	855
YDR167W	Q12030	856
YDR168W	P06101	857
YDR169C	Q12427	858
YDR170C	P11075	859
YDR171W	Q12329	860
YDR172W	P05453	861
YDR173C	P07250	862
YDR174W	Q03973	863
YDR175C	Q03976	864
YDR176W	P32494	865
YDR177W	P21734	866
YDR178W	P37298	867
YDR179C	Q03981	868
YDR180W	Q04002	869
YDR181C	Q04003	870
YDR183W	Q04004	871
YDR188W	P39079	872
YDR189W	P22213	873
YDR190C	Q03940	874
YDR192C	P49686	875
YDR194C	P15424	876
YDR195W	P42073	877
YDR196C	Q03941	878
YDR198C	Q03942	879
YDR200C	Q03944	880
YDR201W	Q03954	881
YDR202C	Q03956	882
YDR205W	Q03455	883
YDR206W	Q03466	884
YDR207C	P39001	885
YDR211W	P32501	886
YDR212W	P12612	887
YDR213W	Q12151	888
YDR214W	Q12449	889
YDR215C	Q12240	890
YDR216W	P07248	891
YDR217C	P14737	892
YDR218C	Q04921	893
YDR219C	Q04922	894
YDR221W	Q04924	895
YDR224C	P02293	896
YDR225W	P04911	897
YDR226W	P07170	898
YDR227W	P11978	899
YDR228C	P39081	900
YDR229W	Q04934	901
YDR233C	Q04947	902
YDR235W	Q03776	903
YDR236C	Q03778	904
YDR237W	P36519	905
YDR238C	P41810	906
YDR239C	Q03780	907
YDR240C	Q03782	908
YDR243C	P23394	909
YDR244W	P35056	910
YDR245W	P50108	911
YDR246W	Q03784	912
YDR247W	Q03785	913
YDR249C	Q03787	914
YDR250C	Q03788	915
YDR251W	P37304	916
YDR252W	P40314	917
YDR254W	P38907	918
YDR255C	Q12508	919
YDR256C	P15202	920
YDR259C	Q03935	921
YDR260C	Q12379	922
YDR263C	Q12086	923
YDR264C	P39010	924
YDR265W	Q05568	925
YDR266C	Q05580	926
YDR267C	Q05583	927
YDR268W	P04803	928
YDR269C	P87281	929
YDR270W	P38995	930
YDR271C	P87282	931
YDR273W	Q05610	932
YDR275W	Q05611	933
YDR276C	P87284	934
YDR279W	Q05635	935
YDR280W	Q05636	936
YDR283C	P15442	937
YDR284C	Q05521	938
YDR285W	P31111	939
YDR286C	Q05530	940
YDR287W	Q05533	941
YDR288W	Q05541	942
YDR289C	Q05543	943
YDR290W	P87280	944
YDR292C	P32916	945
YDR293C	P24276	946
YDR295C	Q06629	947
YDR296W	Q06630	948
YDR297W	P38992	949
YDR298C	P09457	950
YDR299W	Q06631	951
YDR300C	P32264	952
YDR301W	Q06632	953
YDR303C	Q06639	954
YDR304C	P35176	955
YDR305C	P49775	956
YDR306C	Q06640	957
YDR307W	Q06644	958
YDR308C	P47822	959
YDR309C	Q06648	960
YDR310C	P46676	961
YDR311W	P32776	962
YDR312W	Q12153	963
YDR313C	Q06651	964
YDR314C	Q06665	965
YDR315C	Q06667	966
YDR316W	P0C2I2	967
YDR317W	Q06674	968
YDR318W	Q06675	969
YDR319C	Q06676	970
YDR320C	P69851	971
YDR321W	P38986	972
YDR322C-A	P81449	973
YDR322W	Q06678	974
YDR323C	P32609	975
YDR324C	Q06679	976
YDR326C	Q06681	977
YDR327W	P87288	978
YDR328C	P52286	979
YDR329C	P28795	980
YDR330W	Q06682	981
YDR331W	P49018	982
YDR332W	Q06683	983
YDR333C	Q05468	984
YDR334W	Q05471	985
YDR335W	P52918	986
YDR337W	P21771	987
YDR339C	Q05498	988
YDR340W	Q05503	989
YDR341C	Q05506	990
YDR342C	P39004	991
YDR343C	P39003	992
YDR344C	Q05510	993
YDR345C	P32466	994
YDR346C	Q05515	995
YDR347W	P10662	996
YDR348C	Q05518	997
YDR349C	Q06325	998
YDR350C	P50273	999
YDR351W	P42223	1000
YDR353W	P29509	1001
YDR356W	P32380	1002
YDR357C	Q06333	1003
YDR359C	Q06337	1004
YDR361C	Q06338	1005
YDR362C	Q06339	1006
YDR363W	O94742	1007
YDR363W-A	O94742	1008
YDR364C	P40968	1009
YDR365C	Q06344	1010
YDR366C	P87287	1011
YDR368W	Q12458	1012
YDR369C	P33301	1013
YDR371W	Q06350	1014
YDR372C	Q06385	1015
YDR373W	Q06389	1016
YDR374C	Q06390	1017
YDR376W	P48360	1018
YDR377W	Q06405	1019
YDR378C	Q06406	1020
YDR379W	Q06407	1021
YDR380W	Q06408	1022
YDR381W	Q12159	1023
YDR382W	P02400	1024
YDR383C	Q12493	1025
YDR384C	Q12359	1026
YDR386W	Q04149	1027
YDR387C	Q04162	1028
YDR388W	P39743	1029
YDR389W	P17121	1030
YDR390C	P52488	1031
YDR392W	P06844	1032
YDR394W	P33298	1033
YDR395W	Q04175	1034
YDR397C	Q92317	1035
YDR398W	Q04177	1036
YDR399W	Q04178	1037
YDR400W	Q04179	1038
YDR403W	P21623	1039
YDR404C	P34087	1040
YDR405W	P32387	1041
YDR406W	Q04182	1042
YDR407C	Q04183	1043
YDR409W	Q04195	1044
YDR410C	P32584	1045
YDR412W	Q04031	1046
YDR413C	P87266	1047
YDR414C	P16151	1048
YDR415C	Q04033	1049
YDR416W	Q04048	1050
YDR418W	P0CX54	1051
YDR419W	Q04049	1052
YDR421W	Q04052	1053
YDR422C	P32578	1054
YDR423C	P24813	1055
YDR424C	Q02647	1056
YDR425W	Q04053	1057
YDR427W	Q04062	1058
YDR428C	Q04066	1059
YDR429C	Q04067	1060
YDR430C	P32898	1061
YDR431W	Q04069	1062
YDR432W	Q01560	1063
YDR433W	P87269	1064
YDR435C	Q04081	1065
YDR436W	P33329	1066
YDR438W	Q04083	1067
YDR439W	Q04087	1068
YDR440W	Q04089	1069
YDR441C	P36973	1070
YDR443C	P38931	1071
YDR444W	Q04093	1072
YDR445C	Q04100	1073
YDR446W	Q04110	1074
YDR448W	Q02336	1075
YDR449C	Q02354	1076
YDR452W	Q04119	1077
YDR453C	Q04120	1078
YDR455C	P87271	1079
YDR456W	Q04121	1080
YDR457W	Q03280	1081
YDR459C	Q03289	1082
YDR460W	Q03290	1083
YDR461W	P34165	1084
YDR462W	P36527	1085
YDR463W	Q00947	1086
YDR464W	P38904	1087
YDR465C	Q03305	1088
YDR468C	Q03322	1089
YDR469W	Q03323	1090
YDR472W	Q03337	1091
YDR473C	Q03338	1092
YDR474C	Q03361	1093
YDR477W	P06782	1094
YDR478W	P40993	1095
YDR479C	Q03370	1096
YDR480W	Q03373	1097
YDR482C	Q03375	1098
YDR483W	P27809	1099
YDR484W	P39904	1100
YDR485C	Q03388	1101
YDR487C	Q99258	1102
YDR488C	P40960	1103
YDR489W	Q03406	1104
YDR490C	Q03407	1105
YDR494W	Q03430	1106
YDR496C	Q04373	1107
YDR497C	P30605	1108
YDR498C	P28791	1109
YDR499W	Q04377	1110
YDR500C	P51402	1111
YDR501W	Q04383	1112
YDR502C	P19358	1113
YDR503C	Q04396	1114
YDR504C	Q04398	1115
YDR505C	P50896	1116
YDR506C	Q04399	1117
YDR507C	Q12263	1118
YDR508C	P48813	1119
YDR509W	P87272	1120
YDR510W	Q12306	1121
YDR511W	Q04401	1122
YDR512C	Q04406	1123
YDR513W	P17695	1124
YDR514C	Q04408	1125
YDR515W	Q12034	1126
YDR516C	Q04409	1127
YDR517W	Q04410	1128
YDR520C	Q04411	1129
YDR523C	P08458	1130
YDR524C	Q04412	1131
YDR526C	P87274	1132
YDR527W	Q04418	1133
YDR528W	Q04429	1134
YDR529C	P00128	1135
YDR530C	P22108	1136
YDR531W	Q04430	1137
YDR532C	Q04431	1138
YDR533C	Q04432	1139
YDR534C	Q04433	1140
YDR536W	P39932	1141
YDR538W	P33751	1142
YDR541C	Q03049	1143
YEL002C	P33767	1144
YEL003W	P40005	1145
YEL004W	P40004	1146
YEL005C	P40003	1147
YEL006W	P39953	1148
YEL008W	P40001	1149
YEL009C	P03069	1150
YEL011W	P32775	1151
YEL012W	P28263	1152
YEL013W	P39968	1153
YEL015W	P39998	1154
YEL016C	P39997	1155
YEL017C-A	P40975	1156
YEL017W	P39996	1157
YEL018W	P39995	1158
YEL019C	P38632	1159
YEL020C	P39994	1160
YEL020W-A	O74700	1161
YEL021W	P03962	1162
YEL022W	P39993	1163
YEL023C	P39992	1164
YEL024W	P08067	1165
YEL026W	P39990	1166
YEL027W	P25515	1167
YEL030W	P39987	1168
YEL031W	P39986	1169
YEL032W	P24279	1170
YEL034W	P23301	1171
YEL036C	P32629	1172
YEL037C	P32628	1173
YEL039C	P00045	1174
YEL041W	P32622	1175
YEL042W	P32621	1176
YEL043W	P32618	1177
YEL046C	P37303	1178
YEL047C	P32614	1179
YEL048C	P32613	1180
YEL049W	P32612	1181
YEL050C	P32611	1182
YEL051W	P32610	1183
YEL053C	Q02197	1184
YEL055C	P39985	1185
YEL056W	P39984	1186
YEL057C	P39983	1187
YEL058W	P38628	1188
YEL059W	P39982	1189
YEL060C	P09232	1190
YEL061C	P27895	1191
YEL062W	P39923	1192
YEL063C	P04817	1193
YEL064C	P39981	1194
YEL066W	P39979	1195
YEL068C	P39977	1196
YEL071W	P39976	1197
YEL072W	P39975	1198
YEL074W	P39973	1199
YEL076W-C	P89888	1200
YER001W	P39106	1201
YER002W	P40007	1202
YER003C	P29952	1203
YER004W	P40008	1204
YER005W	P40009	1205
YER006W	P40010	1206
YER007W	P39937	1207
YER008C	P33332	1208
YER009W	P33331	1209
YER010C	P40011	1210
YER011W	P10863	1211
YER012W	P22141	1212
YER013W	P24384	1213
YER016W	P40013	1214
YER017C	P39925	1215
YER018C	P40014	1216
YER019C-A	P52871	1217
YER019W	P40015	1218
YER020W	P10823	1219
YER021W	P40016	1220
YER022W	P32569	1221
YER023W	P32263	1222
YER025W	P32481	1223
YER026C	P08456	1224
YER027C	Q04739	1225
YER028C	P39943	1226
YER029C	P40018	1227
YER030W	P40019	1228
YER032W	P40020	1229
YER035W	P40023	1230
YER036C	P40024	1231
YER037W	P40025	1232
YER038C	P40026	1233
YER039C	P0CE11	1234
YER040W	P18494	1235
YER041W	P40028	1236
YER043C	P39954	1237
YER044C	P29467	1238
YER045C	P39970	1239
YER047C	P39955	1240
YER048C	P39101	1241
YER049W	P40032	1242
YER051W	P40034	1243
YER052C	P10869	1244
YER053C	P40035	1245
YER054C	P40036	1246
YER056C	P17064	1247
YER057C	P40037	1248
YER058W	Q02771	1249
YER059W	P40038	1250
YER061C	P39525	1251
YER062C	P40106	1252
YER063W	P40040	1253
YER064C	P40041	1254
YER065C	P28240	1255
YER066C-A	P87263	1256
YER066W	P40042	1257
YER067W	P40043	1258
YER068W	P34909	1259
YER069W	Q01217	1260
YER070W	P21524	1261
YER071C	P40045	1262
YER073W	P40047	1263
YER075C	P40048	1264
YER076C	P40049	1265
YER077C	P40050	1266
YER078C	P40051	1267
YER079W	P40052	1268
YER081W	P40054	1269
YER082C	P40055	1270
YER083C	P40056	1271
YER084W	P40057	1272
YER086W	P00927	1273
YER087W	P39965	1274
YER088C	P40059	1275
YER089C	P39966	1276
YER090W	P00899	1277
YER091C	P05694	1278
YER092W	P40060	1279
YER093C	P40061	1280
YER094C	P25451	1281
YER095W	P25454	1282
YER096W	P39000	1283
YER098W	P39967	1284
YER099C	P38620	1285
YER100W	P33296	1286
YER101C	P39945	1287
YER103W	P22202	1288
YER104W	P40063	1289
YER105C	P40064	1290
YER106W	P40065	1291
YER107C	P40066	1292
YER110C	P40069	1293
YER111C	P25302	1294
YER112W	P40070	1295
YER113C	P40071	1296
YER114C	P39969	1297
YER115C	Q01684	1298
YER116C	P40072	1299
YER118C	P40073	1300
YER119C	P40074	1301
YER120W	P40075	1302
YER121W	P40076	1303
YER122C	P38682	1304
YER123W	P39962	1305
YER124C	P40077	1306
YER125W	P39940	1307
YER126C	P40078	1308
YER127W	P40079	1309
YER128W	P40080	1310
YER129W	P38990	1311
YER131W	P39939	1312
YER132C	P32634	1313
YER133W	P32598	1314
YER136W	P39958	1315
YER137C	P0CX71	1316
YER139C	P40084	1317
YER140W	P40085	1318
YER142C	P22134	1319
YER143W	P40087	1320
YER144C	P39944	1321
YER145C	P40088	1322
YER146W	P40089	1323
YER147C	P40090	1324
YER148W	P13393	1325
YER149C	P40091	1326
YER150W	P40092	1327
YER151C	Q01477	1328
YER152C	P10356	1329
YER153C	P10355	1330
YER154W	P39952	1331
YER155C	P39960	1332
YER156C	P40093	1333
YER157W	P40094	1334
YER158C	P40095	1335
YER159C	P40096	1336
YER161C	P06843	1337
YER162C	P14736	1338
YER163C	P32656	1339
YER164W	P32657	1340
YER165W	P04147	1341
YER166W	P32660	1342
YER167W	P33306	1343
YER168C	P21269	1344
YER169W	P39956	1345
YER170W	P26364	1346
YER171W	P06839	1347
YER172C	P32639	1348
YER173W	P32641	1349
YER174C	P32642	1350
YER175C	P32643	1351
YER176W	P32644	1352
YER177W	P29311	1353
YER178W	P16387	1354
YER179W	P25453	1355
YER180C	P32645	1356
YER181C	P40097	1357
YER182W	P40098	1358
YER184C	P39961	1359
YER186C	P40101	1360
YER188W	P40103	1361
YFL001W	P31115	1362
YFL002C	P25808	1363
YFL003C	P40965	1364
YFL004W	P43585	1365
YFL005W	P07560	1366
YFL006W	P43583	1367
YFL007W	P43583	1368
YFL008W	P32908	1369
YFL009W	P07834	1370
YFL010C	P43582	1371
YFL011W	P43581	1372
YFL012W	P43580	1373
YFL013C	P43579	1374
YFL014W	P22943	1375
YFL015C	P43578	1376
YFL016C	P35191	1377
YFL017C	P43577	1378
YFL017W-A	P40204	1379
YFL018C	P09624	1380
YFL020C	P43575	1381
YFL021W	P43574	1382
YFL022C	P15625	1383
YFL023W	P43573	1384
YFL024C	P43572	1385
YFL025C	P43571	1386
YFL026W	D6VTK4	1387
YFL027C	P43570	1388
YFL028C	P43569	1389
YFL029C	P43568	1390
YFL030W	P43567	1391
YFL031W	P41546	1392
YFL033C	P43565	1393
YFL034W	P43564	1394
YFL036W	P13433	1395
YFL037W	P02557	1396
YFL038C	P01123	1397
YFL039C	P60010	1398
YFL040W	P43562	1399
YFL041W	P43561	1400
YFL042C	P43560	1401
YFL044C	P43558	1402
YFL045C	P07283	1403
YFL047W	P43556	1404
YFL048C	P43555	1405
YFL049W	P43554	1406
YFL050C	P43553	1407
YFL051C	P43552	1408
YFL052W	P43551	1409
YFL053W	P43550	1410
YFL054C	P43549	1411
YFL055W	P43548	1412
YFL056C	P43547	1413
YFL062W	P43542	1414
YFL068W	P0CX99	1415
YFR001W	P43586	1416
YFR002W	P34077	1417
YFR003C	P43587	1418
YFR004W	P43588	1419
YFR007W	P43591	1420
YFR008W	P43592	1421
YFR009W	P43535	1422
YFR010W	P43593	1423
YFR011C	P43594	1424
YFR012W	P43595	1425
YFR013W	P43596	1426
YFR014C	P27466	1427
YFR015C	P23337	1428
YFR017C	P43598	1429
YFR018C	P43599	1430
YFR019W	P34756	1431
YFR021W	P43601	1432
YFR022W	P43602	1433
YFR024C-A	P43603	1434
YFR026C	P43604	1435
YFR027W	P43605	1436
YFR028C	Q00684	1437
YFR031C	P0CX45	1438
YFR033C	P00127	1439
YFR034C	P07270	1440
YFR036W	P14724	1441
YFR037C	P43609	1442
YFR038W	P43610	1443
YFR039C	P43611	1444
YFR040W	P43612	1445
YFR042W	P43614	1446
YFR043C	P43615	1447
YFR044C	P43616	1448
YFR045W	P43617	1449
YFR046C	P43618	1450
YFR047C	P43619	1451
YFR049W	P19955	1452
YFR050C	P30657	1453
YFR051C	P43621	1454
YFR052W	P32496	1455
YFR053C	P04806	1456
YFR054C	P43622	1457
YFR055W	P43623	1458
YFR057W	P43625	1459
YGL001C	P53199	1460
YGL003C	P53197	1461
YGL004C	P53196	1462
YGL005C	P53195	1463
YGL006W	P38929	1464
YGL008C	P05030	1465
YGL009C	P07264	1466
YGL010W	P25338	1467
YGL011C	P21243	1468
YGL012W	P25340	1469
YGL013C	P12383	1470
YGL014W	P25339	1471
YGL015C	P33199	1472
YGL016W	P32767	1473
YGL017W	P16639	1474
YGL018C	P53193	1475
YGL019W	P43639	1476
YGL020C	P53192	1477
YGL021W	P43633	1478
YGL022W	P39007	1479
YGL024W	P53190	1480
YGL025C	P40356	1481
YGL026C	P00931	1482
YGL027C	P53008	1483
YGL028C	P53189	1484
YGL029W	P53188	1485
YGL030W	P14120	1486
YGL032C	P32781	1487
YGL035C	P27705	1488
YGL036W	P53185	1489
YGL037C	P53184	1490
YGL038C	P31755	1491
YGL039W	P53183	1492
YGL040C	P05373	1493
YGL042C	P53181	1494
YGL043W	P07273	1495
YGL044C	P25299	1496
YGL046W	P53179	1497
YGL047W	P53178	1498
YGL048C	Q01939	1499
YGL049C	P39936	1500
YGL050W	P53177	1501
YGL051W	P53176	1502
YGL052W	P53175	1503
YGL053W	P53174	1504
YGL054C	P53173	1505
YGL055W	P21147	1506
YGL057C	P53171	1507
YGL058W	P06104	1508
YGL060W	P53169	1509
YGL061C	P53168	1510
YGL062W	P11154	1511
YGL063W	P53167	1512
YGL064C	P53166	1513
YGL065C	P43636	1514
YGL066W	P53165	1515
YGL068W	P53163	1516
YGL069C	P53162	1517
YGL070C	P27999	1518
YGL071W	P22149	1519
YGL073W	P10961	1520
YGL074C	P53160	1521
YGL077C	P19807	1522
YGL078C	P20447	1523
YGL079W	P53158	1524
YGL081W	P53156	1525
YGL083W	P53009	1526
YGL084C	P53154	1527
YGL086W	P40957	1528
YGL087C	P53152	1529
YGL090W	P53150	1530
YGL091C	P52920	1531
YGL092W	P49687	1532
YGL093W	P53148	1533
YGL094C	P53010	1534
YGL095C	P38932	1535
YGL096W	P53147	1536
YGL097W	P21827	1537
YGL098W	P53146	1538
YGL099W	P53145	1539
YGL100W	P53011	1540
YGL102C	P53143	1541
YGL104C	P53142	1542
YGL105W	P46672	1543
YGL106W	P53141	1544
YGL110C	P53137	1545
YGL111W	P53136	1546
YGL112C	P53040	1547
YGL113W	P53135	1548
YGL114W	P53134	1549
YGL115W	P12904	1550
YGL116W	P26309	1551
YGL117W	P53133	1552
YGL119W	P27697	1553
YGL120C	P53131	1554
YGL121C	P53130	1555
YGL122C	P32505	1556
YGL124C	P53129	1557
YGL126W	P53012	1558
YGL127C	P38633	1559
YGL128C	P52868	1560
YGL129C	Q01163	1561
YGL130W	Q01159	1562
YGL131C	P53127	1563
YGL132W	P53126	1564
YGL133W	P53125	1565
YGL134W	P53124	1566
YGL137W	P41811	1567
YGL138C	P53122	1568
YGL139W	P53121	1569
YGL142C	P30777	1570
YGL143C	P30775	1571
YGL145W	P33891	1572
YGL146C	P53117	1573
YGL147C	P05738	1574
YGL148W	P28777	1575
YGL149W	P53116	1576
YGL150C	P53115	1577
YGL151W	P53114	1578
YGL153W	P53112	1579
YGL154C	P50113	1580
YGL156W	P22855	1581
YGL157W	P53111	1582
YGL158W	P38622	1583
YGL161C	P53108	1584
YGL162W	P53032	1585
YGL163C	P32863	1586
YGL165C	P53106	1587
YGL166W	P15315	1588
YGL167C	P13586	1589
YGL168W	P45820	1590
YGL169W	P32579	1591
YGL170C	P45819	1592
YGL171W	P45818	1593
YGL172W	Q02199	1594
YGL173C	P22147	1595
YGL174W	P46947	1596
YGL175C	P46946	1597
YGL178W	P39016	1598
YGL179C	P43637	1599
YGL180W	P53104	1600
YGL181W	P40956	1601
YGL183C	P53102	1602
YGL184C	P53101	1603
YGL185C	P53100	1604
YGL187C	P04037	1605
YGL189C	P39938	1606
YGL190C	Q00362	1607
YGL192W	P41833	1608
YGL194C	P53096	1609
YGL195W	P33892	1610
YGL197W	P53094	1611
YGL198W	P53093	1612
YGL200C	P32803	1613
YGL201C	P53091	1614
YGL202W	P53090	1615
YGL204C	P53089	1616
YGL205W	P13711	1617
YGL206C	P22137	1618
YGL207W	P32558	1619
YGL208W	P34164	1620
YGL210W	P51996	1621
YGL213C	Q02793	1622
YGL214W	P53087	1623
YGL215W	P35190	1624
YGL216W	P53086	1625
YGL217C	P53085	1626
YGL220W	P53082	1627
YGL221C	P53081	1628
YGL222C	P53080	1629
YGL223C	P53079	1630
YGL225W	P40107	1631
YGL226C-A	Q92316	1632
YGL226W	P53077	1633
YGL227W	P53076	1634
YGL229C	P53036	1635
YGL230C	P53074	1636
YGL233W	P22224	1637
YGL234W	P07244	1638
YGL236C	P53070	1639
YGL237C	P06774	1640
YGL238W	P33307	1641
YGL239C	P53069	1642
YGL240W	P53068	1643
YGL241W	P53067	1644
YGL242C	P53066	1645
YGL244W	P53064	1646
YGL245W	P46655	1647
YGL246C	P53063	1648
YGL247W	P53062	1649
YGL249W	P53061	1650
YGL250W	P53060	1651
YGL251C	P51979	1652
YGL252C	P32608	1653
YGL254W	P32805	1654
YGL256W	P10127	1655
YGL258W	P53058	1656
YGL259W	P53057	1657
YGL261C	P0CE93	1658
YGL263W	P53053	1659
YGR002C	P53201	1660
YGR003W	P53202	1661
YGR004W	P53203	1662
YGR005C	P41896	1663
YGR006W	P33411	1664
YGR009C	P40357	1665
YGR010W	P53204	1666
YGR013W	P53207	1667
YGR016W	P53209	1668
YGR017W	P53210	1669
YGR018C	P53211	1670
YGR020C	P39111	1671
YGR021W	P53212	1672
YGR023W	P53214	1673
YGR024C	P53215	1674
YGR026W	P53217	1675
YGR028W	P28737	1676
YGR030C	P53218	1677
YGR031W	P53219	1678
YGR032W	P40989	1679
YGR033C	P53220	1680
YGR035C	P53222	1681
YGR036C	P53223	1682
YGR040W	P14681	1683
YGR041W	P53226	1684
YGR042W	P53227	1685
YGR045C	P53229	1686
YGR046W	P53230	1687
YGR047C	P33339	1688
YGR048W	P53044	1689
YGR049W	P32564	1690
YGR050C	P53231	1691
YGR052W	P53233	1692
YGR053C	P53234	1693
YGR054W	P53235	1694
YGR055W	P50276	1695
YGR056W	P53236	1696
YGR057C	P53237	1697
YGR058W	P53238	1698
YGR059W	P41901	1699
YGR060W	P53045	1700
YGR061C	P38972	1701
YGR062C	P53239	1702
YGR063C	P32914	1703
YGR065C	P53241	1704
YGR067C	P53243	1705
YGR068C	P53244	1706
YGR069W	P53245	1707
YGR070W	P53046	1708
YGR071C	P53246	1709
YGR072W	P48412	1710
YGR073C	P53247	1711
YGR074W	Q02260	1712
YGR075C	Q00723	1713
YGR076C	P23369	1714
YGR077C	P53248	1715
YGR078C	P48363	1716
YGR079W	P53249	1717
YGR080W	P53250	1718
YGR081C	P53251	1719
YGR082W	P35180	1720
YGR083C	P12754	1721
YGR084C	P12686	1722
YGR086C	P53252	1723
YGR087C	P26263	1724
YGR088W	P06115	1725
YGR089W	P53253	1726
YGR090W	P53254	1727
YGR091W	P49704	1728
YGR092W	P22204	1729
YGR094W	P07806	1730
YGR095C	P53256	1731
YGR097W	P48361	1732
YGR098C	Q03018	1733
YGR099W	P53038	1734
YGR100W	P53258	1735
YGR101W	P53259	1736
YGR102C	P53260	1737
YGR103W	P53261	1738
YGR104C	P32585	1739
YGR105W	P41806	1740
YGR107W	P53263	1741
YGR108W	P24868	1742
YGR110W	P53264	1743
YGR111W	P53265	1744
YGR113W	P53267	1745
YGR115C	P53269	1746
YGR116W	P23615	1747
YGR117C	P53270	1748
YGR119C	P48837	1749
YGR120C	P53271	1750
YGR121C	P40260	1751
YGR122W	P53272	1752
YGR123C	P53043	1753
YGR124W	P49090	1754
YGR125W	P53273	1755
YGR126W	P53274	1756
YGR128C	P53276	1757
YGR129W	P53277	1758
YGR130C	P53278	1759
YGR132C	P40961	1760
YGR133W	P29340	1761
YGR134W	P53280	1762
YGR135W	P23638	1763
YGR136W	P53281	1764
YGR138C	P53283	1765
YGR139W	P53284	1766
YGR140W	P32504	1767
YGR141W	P53285	1768
YGR142W	P53286	1769
YGR143W	P33336	1770
YGR144W	P32318	1771
YGR145W	P48234	1772
YGR146C	P48235	1773
YGR148C	P24000	1774
YGR149W	P48236	1775
YGR150C	P48237	1776
YGR151C	P53287	1777
YGR152C	P13856	1778
YGR153W	P48238	1779
YGR154C	P48239	1780
YGR155W	P32582	1781
YGR156W	P39927	1782
YGR157W	P05374	1783
YGR158C	P48240	1784
YGR159C	P27476	1785
YGR160W	P53288	1786
YGR161C	Q12316	1787
YGR162W	P39935	1788
YGR163W	P53290	1789
YGR165W	P53292	1790
YGR166W	P32893	1791
YGR167W	P17891	1792
YGR168C	P53293	1793
YGR169C	P53294	1794
YGR172C	P53039	1795
YGR173W	P53295	1796
YGR174C	P37267	1797
YGR175C	P32476	1798
YGR178C	P53297	1799
YGR179C	P53298	1800
YGR180C	P49723	1801
YGR181W	P53299	1802
YGR182C	P53300	1803
YGR184C	P19812	1804
YGR185C	P36421	1805
YGR186W	P41895	1806
YGR187C	P48362	1807
YGR188C	P41695	1808
YGR189C	P53301	1809
YGR191W	P06775	1810
YGR192C	P00359	1811
YGR193C	P16451	1812
YGR194C	P42826	1813
YGR195W	P46948	1814
YGR196C	P46949	1815
YGR197C	P46950	1816
YGR199W	P42934	1817
YGR200C	P42935	1818
YGR201C	P42936	1819
YGR202C	P13259	1820
YGR203W	P42937	1821
YGR204W	P07245	1822
YGR205W	P42938	1823
YGR206W	P42939	1824
YGR207C	P42940	1825
YGR208W	P42941	1826
YGR209C	P22803	1827
YGR210C	P42942	1828
YGR211W	P53303	1829
YGR213C	P53047	1830
YGR214W	P32905	1831
YGR215W	P53305	1832
YGR216C	P53306	1833
YGR218W	P30822	1834
YGR219W	P53307	1835
YGR220C	P31334	1836
YGR221C	P50078	1837
YGR222W	P10834	1838
YGR223C	P50079	1839
YGR224W	P50080	1840
YGR225W	P50082	1841
YGR229C	P32566	1842
YGR232W	P50086	1843
YGR233C	P17442	1844
YGR234W	P39676	1845
YGR235C	P50087	1846
YGR236C	P50088	1847
YGR237C	P50089	1848
YGR238C	P50090	1849
YGR239C	P50091	1850
YGR240C	P16861	1851
YGR241C	P53309	1852
YGR242W	P53310	1853
YGR243W	P53311	1854
YGR244C	P53312	1855
YGR245C	P53313	1856
YGR246C	P29056	1857
YGR247W	P53314	1858
YGR249W	P53050	1859
YGR250C	P53316	1860
YGR251W	P53317	1861
YGR252W	Q03330	1862
YGR253C	P32379	1863
YGR254W	P00924	1864
YGR256W	P53319	1865
YGR257C	P53320	1866
YGR258C	P07276	1867
YGR260W	P53322	1868
YGR261C	P46682	1869
YGR262C	P53323	1870
YGR263C	P53324	1871
YGR264C	P00958	1872
YGR266W	P53326	1873
YGR267C	P51601	1874
YGR268C	P40325	1875
YGR269W	P40326	1876
YGR270W	P40340	1877
YGR274C	P46677	1878
YGR276C	P53331	1879
YGR277C	P53332	1880
YGR278W	P53333	1881
YGR279C	P53334	1882
YGR280C	P53335	1883
YGR281W	P53049	1884
YGR282C	P15703	1885
YGR283C	P53336	1886
YGR284C	P53337	1887
YGR285C	P32527	1888
YGR289C	P53048	1889
YGR290W	P53339	1890
YGR291C	P53340	1891
YGR293C	P53342	1892
YGR294W	P53343	1893
YGR295C	P53344	1894
YHL001W	P38754	1895
YHL002W	P38753	1896
YHL003C	P38703	1897
YHL004W	P32902	1898
YHL005C	P38752	1899
YHL006C	P38751	1900
YHL007C	Q03497	1901
YHL008C	P38750	1902
YHL009C	P38749	1903
YHL010C	P38748	1904
YHL011C	P38689	1905
YHL015W	P38701	1906
YHL017W	P38745	1907
YHL018W	P38744	1908
YHL019C	P38700	1909
YHL020C	P21957	1910
YHL021C	P23180	1911
YHL022C	P23179	1912
YHL023C	P38742	1913
YHL024W	P38741	1914
YHL025W	P18888	1915
YHL026C	P38740	1916
YHL027W	P33400	1917
YHL030W	P38737	1918
YHL031C	P38736	1919
YHL032C	P32190	1920
YHL034C	P10080	1921
YHL035C	P38735	1922
YHL038C	P03874	1923
YHL039W	P38732	1924
YHL042W	P38729	1925
YHL043W	P38728	1926
YHL044W	P38727	1927
YHL045W	P38726	1928
YHL046C	P38725	1929
YHL048W	P38723	1930
YHR002W	P38702	1931
YHR004C	P38757	1932
YHR005C	P08539	1933
YHR005C-A	P87108	1934
YHR007C	P10614	1935
YHR008C	P00447	1936
YHR009C	P38758	1937
YHR011W	P38705	1938
YHR012W	P38759	1939
YHR013C	P07347	1940
YHR014W	P23624	1941
YHR015W	P38760	1942
YHR016C	P32793	1943
YHR018C	P04076	1944
YHR019C	P38707	1945
YHR020W	P38708	1946
YHR022C	P38763	1947
YHR023W	P08964	1948
YHR024C	P11914	1949
YHR025W	P17423	1950
YHR026W	P23968	1951
YHR027C	P38764	1952
YHR028C	P18962	1953
YHR030C	Q00772	1954
YHR031C	P38766	1955
YHR032W	P38767	1956
YHR033W	P38690	1957
YHR034C	P38768	1958
YHR035W	P38769	1959
YHR036W	P38770	1960
YHR038W	P38771	1961
YHR039C	P48836	1962
YHR040W	P38772	1963
YHR041C	P34162	1964
YHR042W	P16603	1965
YHR043C	P38773	1966
YHR044C	P38774	1967
YHR045W	P38775	1968
YHR046C	P38710	1969
YHR047C	P37898	1970
YHR048W	P38776	1971
YHR049W	P38777	1972
YHR050W	P38778	1973
YHR051W	P00427	1974
YHR052W	P38779	1975
YHR053C	P0CX80	1976
YHR057C	P23285	1977
YHR058C	P38782	1978
YHR059W	P38783	1979
YHR060W	P38784	1980
YHR061C	P38785	1981
YHR062C	P38786	1982
YHR063C	P38787	1983
YHR064C	P38788	1984
YHR065C	P38712	1985
YHR066W	P38789	1986
YHR067W	P38790	1987
YHR068W	P38791	1988
YHR069C	P38792	1989
YHR070W	P38793	1990
YHR071W	P38794	1991
YHR072W	P38604	1992
YHR073W	P38713	1993
YHR074W	P38795	1994
YHR075C	P38796	1995
YHR076W	P38797	1996
YHR077C	P38798	1997
YHR078W	P38799	1998
YHR079C	P32361	1999
YHR079C-A	P89114	2000
YHR080C	P38800	2001
YHR081W	P38801	2002
YHR082C	P38691	2003
YHR083W	P14693	2004
YHR084W	P13574	2005
YHR085W	P38803	2006
YHR086W	Q00539	2007
YHR087W	P38804	2008
YHR088W	P38805	2009
YHR089C	P28007	2010
YHR090C	P38806	2011
YHR091C	P38714	2012
YHR092C	P32467	2013
YHR094C	P32465	2014
YHR096C	P38695	2015
YHR098C	P38810	2016
YHR099W	P38811	2017
YHR100C	P38812	2018
YHR102W	P38692	2019
YHR103W	P38814	2020
YHR105W	P38815	2021
YHR106W	P38816	2022
YHR107C	P32468	2023
YHR108W	P38817	2024
YHR109W	P38818	2025
YHR110W	P38819	2026
YHR111W	P38820	2027
YHR112C	P38716	2028
YHR113W	P38821	2029
YHR114W	P38822	2030
YHR115C	P38823	2031
YHR116W	P38824	2032
YHR117W	P38825	2033
YHR118C	P38826	2034
YHR119W	P38827	2035
YHR120W	P25846	2036
YHR121W	P38828	2037
YHR122W	P38829	2038
YHR123W	P22140	2039
YHR127W	P38833	2040
YHR128W	P18562	2041
YHR129C	P38696	2042
YHR130C	P38834	2043
YHR132C	P38836	2044
YHR133C	P38837	2045
YHR134W	P38838	2046
YHR135C	P23291	2047
YHR136C	P38839	2048
YHR137W	P38840	2049
YHR138C	P38841	2050
YHR140W	P38842	2051
YHR142W	P38843	2052
YHR143W-A	P40422	2053
YHR144C	P06773	2054
YHR145C	O13537	2055
YHR147C	P32904	2056
YHR148W	P32899	2057
YHR149C	P32900	2058
YHR151C	P38849	2059
YHR152W	P17123	2060
YHR154W	P38850	2061
YHR156C	P38852	2062
YHR157W	P33323	2063
YHR158C	P38853	2064
YHR159W	P38854	2065
YHR160C	P38855	2066
YHR161C	P38856	2067
YHR163W	P38858	2068
YHR164C	P38859	2069
YHR165C	P33334	2070
YHR166C	P16522	2071
YHR167W	O13539	2072
YHR168W	P38860	2073
YHR169W	P38719	2074
YHR170W	P38861	2075
YHR171W	P38862	2076
YHR172W	P38863	2077
YHR174W	P00925	2078
YHR175W	P38865	2079
YHR177W	P38867	2080
YHR178W	P38699	2081
YHR179W	Q03558	2082
YHR180W	P0C5N8	2083
YHR182W	P38870	2084
YHR183W	P38720	2085
YHR184W	P38871	2086
YHR185C	P38872	2087
YHR186C	P38873	2088
YHR187W	P38874	2089
YHR188C	P38875	2090
YHR189W	P38876	2091
YHR190W	P29704	2092
YHR191C	P38877	2093
YHR193C	P38879	2094
YHR194W	P38880	2095
YHR195W	P38881	2096
YHR196W	P38882	2097
YHR197W	P38883	2098
YHR198C	P38884	2099
YHR199C	Q3E7Y6	2100
YHR200W	P38886	2101
YHR201C	P38698	2102
YHR204W	P38888	2103
YHR206W	P38889	2104
YHR207C	P38890	2105
YHR208W	P38891	2106
YHR209W	P38892	2107
YHR216W	P38697	2108
YIL001W	P40560	2109
YIL002C	P40559	2110
YIL004C	P22804	2111
YIL005W	P40557	2112
YIL006W	P40556	2113
YIL007C	P40555	2114
YIL008W	P40554	2115
YIL009C-A	Q03096	2116
YIL009W	P39002	2117
YIL010W	P40553	2118
YIL011W	P40552	2119
YIL013C	P40550	2120
YIL016W	P40548	2121
YIL017C	P40547	2122
YIL020C	P40545	2123
YIL021W	P16370	2124
YIL022W	Q01852	2125
YIL023C	P40544	2126
YIL024C	P40543	2127
YIL025C	P40542	2128
YIL026C	P40541	2129
YIL027C	P40540	2130
YIL028W	P40539	2131
YIL029C	P40538	2132
YIL030C	P40318	2133
YIL031W	P40537	2134
YIL032C	P40536	2135
YIL033C	P07278	2136
YIL034C	P13517	2137
YIL035C	P15790	2138
YIL037C	P40534	2139
YIL038C	P06102	2140
YIL039W	P40533	2141
YIL040W	P40532	2142
YIL042C	P40530	2143
YIL044C	P40529	2144
YIL045W	P40187	2145
YIL046W	P39014	2146
YIL047C	P40528	2147
YIL048W	P40527	2148
YIL049W	P40526	2149
YIL050W	P40186	2150
YIL051C	P40185	2151
YIL052C	P40525	2152
YIL053W	P41277	2153
YIL054W	P40524	2154
YIL055C	P40523	2155
YIL057C	P40188	2156
YIL059C	P40520	2157
YIL060W	P40519	2158
YIL061C	Q00916	2159
YIL062C	P40518	2160
YIL063C	P40517	2161
YIL064W	P40516	2162
YIL065C	P40515	2163
YIL066C	P21672	2164
YIL068C	P32844	2165
YIL070C	P40513	2166
YIL071C	P40512	2167
YIL072W	P20050	2168
YIL074C	P40510	2169
YIL075C	P32565	2170
YIL076W	P40509	2171
YIL077C	P40508	2172
YIL078W	P04801	2173
YIL079C	P40507	2174
YIL084C	P40505	2175
YIL085C	P40504	2176
YIL086C	P40503	2177
YIL088C	P40501	2178
YIL091C	P40498	2179
YIL092W	P40497	2180
YIL093C	P40496	2181
YIL094C	P40495	2182
YIL095W	P40494	2183
YIL096C	P40493	2184
YIL097W	P40492	2185
YIL098C	P40491	2186
YIL103W	P40487	2187
YIL104C	P40486	2188
YIL105C	P40485	2189
YIL106W	P40484	2190
YIL108W	P40483	2191
YIL109C	P40482	2192
YIL110W	P40481	2193
YIL111W	P00425	2194
YIL112W	P40480	2195
YIL113W	P40479	2196
YIL114C	P40478	2197
YIL115C	P40477	2198
YIL117C	P40476	2199
YIL118W	Q00245	2200
YIL119C	P23250	2201
YIL120W	P40475	2202
YIL121W	P40474	2203
YIL122W	P40473	2204
YIL124W	P40471	2205
YIL125W	P20967	2206
YIL126W	P32597	2207
YIL128W	P40469	2208
YIL129C	P40468	2209
YIL130W	P40467	2210
YIL131C	P40466	2211
YIL132C	P40465	2212
YIL134W	P40464	2213
YIL135C	P40463	2214
YIL136W	P16547	2215
YIL137C	P40462	2216
YIL138C	P40414	2217
YIL139C	P38927	2218
YIL140W	P38928	2219
YIL141W	P40461	2220
YIL142W	P39076	2221
YIL143C	Q00578	2222
YIL144W	P40460	2223
YIL145C	P40459	2224
YIL147C	P39928	2225
YIL148W	P0CH08	2226
YIL149C	P40457	2227
YIL150C	P32354	2228
YIL151C	P40456	2229
YIL152W	P40455	2230
YIL153W	P40454	2231
YIL156W	P40453	2232
YIL157C	P40452	2233
YIL158W	P40451	2234
YIL159W	P40450	2235
YIL160C	P27796	2236
YIL162W	P00724	2237
YIL166C	P40445	2238
YIL171W	P40440	2239
YIL177C	P40434	2240
YIR001C	P40561	2241
YIR002C	P40562	2242
YIR003W	P40563	2243
YIR004W	P40564	2244
YIR005W	P40565	2245
YIR006C	P32521	2246
YIR008C	P10363	2247
YIR010W	P40568	2248
YIR011C	P38637	2249
YIR012W	P35184	2250
YIR013C	P40569	2251
YIR014W	P40570	2252
YIR016W	P40572	2253
YIR017C	P40573	2254
YIR018W	P40574	2255
YIR021W	P07266	2256
YIR022W	P15367	2257
YIR023W	P21657	2258
YIR024C	P40576	2259
YIR025W	P40577	2260
YIR026C	Q02256	2261
YIR027C	P32375	2262
YIR028W	Q04895	2263
YIR031C	P21826	2264
YIR032C	P32459	2265
YIR033W	P40578	2266
YIR034C	P38998	2267
YIR035C	P40579	2268
YIR036C	P40580	2269
YIR037W	P40581	2270
YIR038C	P40582	2271
YIR042C	P40586	2272
YIR044C	P40588	2273
YJL001W	P38624	2274
YJL002C	P41543	2275
YJL004C	P41544	2276
YJL005W	P08678	2277
YJL008C	P47079	2278
YJL010C	P47077	2279
YJL011C	P47076	2280
YJL013C	P47074	2281
YJL014W	P39077	2282
YJL015C	P47073	2283
YJL017W	P47072	2284
YJL018W	P47069	2285
YJL019W	P47069	2286
YJL020C	P47068	2287
YJL021C	P47068	2288
YJL023C	P47065	2289
YJL024C	P47064	2290
YJL025W	P40992	2291
YJL026W	P09938	2292
YJL029C	P47061	2293
YJL030W	P40958	2294
YJL031C	Q00618	2295
YJL032W	P47059	2296
YJL033W	P20448	2297
YJL034W	P16474	2298
YJL036W	P47057	2299
YJL039C	P47054	2300
YJL041W	P14907	2301
YJL042W	P43638	2302
YJL043W	P47053	2303
YJL044C	P32806	2304
YJL045W	P47052	2305
YJL047C	P47050	2306
YJL048C	P47049	2307
YJL050W	P47047	2308
YJL052W	P00360	2309
YJL053W	P40335	2310
YJL054W	P47045	2311
YJL055W	P47044	2312
YJL056C	P47043	2313
YJL057C	P47042	2314
YJL058C	P47041	2315
YJL059W	P47040	2316
YJL060W	P47039	2317
YJL061W	P40368	2318
YJL062W	P40367	2319
YJL063C	P22353	2320
YJL064W	P47038	2321
YJL065C	P40366	2322
YJL066C	P40364	2323
YJL067W	P40365	2324
YJL068C	P40363	2325
YJL069C	P40362	2326
YJL070C	P40361	2327
YJL071W	P40360	2328
YJL072C	P40359	2329
YJL075C	P47036	2330
YJL076W	P47035	2331
YJL078C	P47033	2332
YJL079C	P47032	2333
YJL080C	P06105	2334
YJL081C	P80428	2335
YJL082W	P47031	2336
YJL084C	P47029	2337
YJL085W	P19658	2338
YJL086C	P47028	2339
YJL087C	P09880	2340
YJL088W	P05150	2341
YJL089W	P46954	2342
YJL090C	P47027	2343
YJL091C	P47026	2344
YJL092W	P12954	2345
YJL093C	P40310	2346
YJL094C	P40309	2347
YJL095W	Q01389	2348
YJL096W	P40858	2349
YJL097W	P40857	2350
YJL098W	P40856	2351
YJL099W	P40955	2352
YJL100W	P42951	2353
YJL102W	P39677	2354
YJL106W	P32581	2355
YJL107C	P42947	2356
YJL108C	P42946	2357
YJL109C	P42945	2358
YJL110C	P42944	2359
YJL111W	P42943	2360
YJL112W	P47025	2361
YJL115W	P32447	2362
YJL117W	P46956	2363
YJL120W	P47020	2364
YJL122W	P47019	2365
YJL124C	P47017	2366
YJL125C	P46959	2367
YJL128C	P08018	2368
YJL129C	P12685	2369
YJL131C	P47015	2370
YJL133W	P10566	2371
YJL134W	P47013	2372
YJL135W	P47012	2373
YJL137C	P47011	2374
YJL138C	P10081	2375
YJL139C	P26725	2376
YJL140W	P20433	2377
YJL141C	P14680	2378
YJL142C	P47010	2379
YJL143W	P39515	2380
YJL146W	P46958	2381
YJL149W	P47005	2382
YJL151C	P14359	2383
YJL152W	P47003	2384
YJL153C	P11986	2385
YJL154C	P34110	2386
YJL155C	P32604	2387
YJL156C	P47002	2388
YJL157C	P21268	2389
YJL158C	P47001	2390
YJL159W	P32478	2391
YJL160C	P46999	2392
YJL162C	P46997	2393
YJL163C	P46996	2394
YJL164C	P06244	2395
YJL166W	P08525	2396
YJL167W	P08524	2397
YJL168C	P46995	2398
YJL170C	P46993	2399
YJL172W	P27614	2400
YJL173C	P26755	2401
YJL174W	P39005	2402
YJL175W	P46991	2403
YJL176C	P32591	2404
YJL178C	P46989	2405
YJL179W	P46988	2406
YJL180C	P22135	2407
YJL182C	P46986	2408
YJL183W	P46985	2409
YJL184W	P46984	2410
YJL185C	P46983	2411
YJL186W	P46982	2412
YJL187C	P32944	2413
YJL189W	P04650	2414
YJL190C	P0C0W1	2415
YJL191W	P39516	2416
YJL192C	P39543	2417
YJL193W	P39542	2418
YJL194W	P09119	2419
YJL196C	P39540	2420
YJL199C	P39534	2421
YJL200C	P39533	2422
YJL201W	P32525	2423
YJL203W	P32524	2424
YJL204C	P39531	2425
YJL207C	P39526	2426
YJL208C	P08466	2427
YJL210W	P32800	2428
YJL211C	P40898	2429
YJL212C	P40897	2430
YJL213W	P40896	2431
YJL214W	P40886	2432
YJL215C	P40895	2433
YJL218W	P40892	2434
YJL219W	P40885	2435
YJL222W	P40890	2436
YJL225C	P40889	2437
YJR001W	P47082	2438
YJR002W	P47083	2439
YJR003C	P47084	2440
YJR004C	P20840	2441
YJR005W	P27351	2442
YJR006W	P46957	2443
YJR007W	P20459	2444
YJR008W	P47085	2445
YJR009C	P00358	2446
YJR010C-A	P46965	2447
YJR010W	P08536	2448
YJR011C	P47086	2449
YJR012C	P47087	2450
YJR014W	P47089	2451
YJR015W	P47090	2452
YJR016C	P39522	2453
YJR017C	P22696	2454
YJR019C	P41903	2455
YJR020W	P47092	2456
YJR021C	P21651	2457
YJR022W	P47093	2458
YJR024C	P47095	2459
YJR025C	P47096	2460
YJR030C	P47101	2461
YJR031C	P47102	2462
YJR032W	P47103	2463
YJR033C	P47104	2464
YJR034W	Q02772	2465
YJR035W	P40352	2466
YJR037W	P47105	2467
YJR038C	P47106	2468
YJR040W	P37020	2469
YJR041C	P47108	2470
YJR042W	P46673	2471
YJR043C	P47110	2472
YJR045C	P0CS90	2473
YJR048W	P00044	2474
YJR049C	P21373	2475
YJR050W	P21374	2476
YJR051W	P21375	2477
YJR052W	P06779	2478
YJR053W	P47113	2479
YJR054W	P47114	2480
YJR055W	P46973	2481
YJR056C	P47115	2482
YJR058C	Q00381	2483
YJR059W	P47116	2484
YJR060W	P17106	2485
YJR061W	P40355	2486
YJR062C	P40354	2487
YJR063W	P32529	2488
YJR064W	P40413	2489
YJR065C	P47117	2490
YJR066W	P35169	2491
YJR067C	P47118	2492
YJR068W	P40348	2493
YJR069C	P47119	2494
YJR070C	P47120	2495
YJR072C	P47122	2496
YJR073C	P05375	2497
YJR074W	P47123	2498
YJR075W	P47124	2499
YJR076C	P32458	2500
YJR077C	P23641	2501
YJR079W	P47126	2502
YJR080C	P47127	2503
YJR082C	P47128	2504
YJR083C	P47129	2505
YJR084W	P47130	2506
YJR086W	P18852	2507
YJR087W	P47132	2508
YJR089W	P47134	2509
YJR090C	P24814	2510
YJR091C	P47135	2511
YJR092W	P47136	2512
YJR093C	P45976	2513
YJR094C	P21190	2514
YJR095W	P33303	2515
YJR097W	P47138	2516
YJR098C	P47139	2517
YJR099W	P35127	2518
YJR100C	P47140	2519
YJR101W	P47141	2520
YJR102C	P47142	2521
YJR103W	P38627	2522
YJR104C	P00445	2523
YJR105W	P47143	2524
YJR106W	P47144	2525
YJR108W	P47146	2526
YJR109C	P03965	2527
YJR110W	P47147	2528
YJR112W	P47149	2529
YJR113C	P47150	2530
YJR115W	P47152	2531
YJR116W	P47153	2532
YJR117W	P47154	2533
YJR119C	P47156	2534
YJR120W	P47157	2535
YJR121W	P00830	2536
YJR122W	P47158	2537
YJR123W	P26783	2538
YJR125C	P47160	2539
YJR126C	P47161	2540
YJR127C	P46974	2541
YJR130C	P47164	2542
YJR131W	P32906	2543
YJR132W	P46970	2544
YJR133W	P47165	2545
YJR134C	P47166	2546
YJR135C	P47167	2547
YJR136C	P47168	2548
YJR138W	P47170	2549
YJR139C	P31116	2550
YJR140C	P47171	2551
YJR141W	P47172	2552
YJR143C	P46971	2553
YJR144W	P32787	2554
YJR145C	P0CX35	2555
YJR146W	P47174	2556
YJR148W	P47176	2557
YJR152W	P15365	2558
YJR157W	P47184	2559
YJR158W	P47185	2560
YJR159W	P35497	2561
YJR160C	P0CE00	2562
YJR161C	P47187	2563
YJR162C	P47188	2564
YKL001C	Q02196	2565
YKL002W	P36108	2566
YKL004W	P36107	2567
YKL006C-A	P43682	2568
YKL007W	P28495	2569
YKL008C	P28496	2570
YKL009W	P33201	2571
YKL010C	P33202	2572
YKL011C	Q03702	2573
YKL012W	P33203	2574
YKL013C	P33204	2575
YKL014C	P34241	2576
YKL015W	P25502	2577
YKL016C	P30902	2578
YKL017C	P34243	2579
YKL018W	P36104	2580
YKL019W	P29703	2581
YKL020C	P35210	2582
YKL021C	P20484	2583
YKL022C	P09798	2584
YKL023W	P36103	2585
YKL024C	P15700	2586
YKL025C	P36102	2587
YKL026C	P36014	2588
YKL028W	P36100	2589
YKL029C	P36013	2590
YKL033W	P36097	2591
YKL034W	P36096	2592
YKL035W	P32861	2593
YKL036C	P32859	2594
YKL038W	P32862	2595
YKL039W	P32857	2596
YKL042W	P36094	2597
YKL043W	P36093	2598
YKL044W	P36092	2599
YKL045W	P20457	2600
YKL047W	P36090	2601
YKL048C	P32801	2602
YKL049C	P36012	2603
YKL050C	P35736	2604
YKL051W	P35735	2605
YKL052C	P35734	2606
YKL054C	P35732	2607
YKL055C	P35731	2608
YKL056C	P35691	2609
YKL057C	P35729	2610
YKL058W	P32774	2611
YKL059C	P35728	2612
YKL060C	P14540	2613
YKL061W	P35727	2614
YKL062W	P33749	2615
YKL063C	P35725	2616
YKL064W	P35724	2617
YKL065C	P35723	2618
YKL067W	P36010	2619
YKL068W	Q02629	2620
YKL069W	P36088	2621
YKL070W	P36087	2622
YKL072W	P36085	2623
YKL073W	P36016	2624
YKL074C	P36084	2625
YKL075C	P36083	2626
YKL076C	P36082	2627
YKL077W	P36081	2628
YKL078W	P36009	2629
YKL079W	P32364	2630
YKL080W	P31412	2631
YKL081W	P36008	2632
YKL082C	P36080	2633
YKL085W	P17505	2634
YKL086W	P36077	2635
YKL087C	Q00873	2636
YKL088W	P36076	2637
YKL089W	P35201	2638
YKL090W	P36075	2639
YKL092C	P33314	2640
YKL093W	P23493	2641
YKL095W	P28320	2642
YKL099C	P34247	2643
YKL101W	P34244	2644
YKL102C	P34249	2645
YKL103C	P14904	2646
YKL104C	P14742	2647
YKL105C	P34250	2648
YKL106W	Q01802	2649
YKL107W	P34251	2650
YKL108W	P34252	2651
YKL109W	P14064	2652
YKL110C	P34253	2653
YKL111C	P36074	2654
YKL112W	P14164	2655
YKL113C	P26793	2656
YKL114C	P22936	2657
YKL116C	P28708	2658
YKL117W	P28707	2659
YKL119C	P32341	2660
YKL120W	P32332	2661
YKL122C	P32342	2662
YKL124W	P32343	2663
YKL125W	P36070	2664
YKL126W	P12688	2665
YKL127W	P33401	2666
YKL129C	P36006	2667
YKL130C	P36068	2668
YKL133C	P36066	2669
YKL134C	P35999	2670
YKL135C	P36000	2671
YKL137W	P36064	2672
YKL138C	P69852	2673
YKL139W	Q03957	2674
YKL140W	P34163	2675
YKL141W	P33421	2676
YKL142W	P35719	2677
YKL143W	P34078	2678
YKL144C	P35718	2679
YKL145W	P33299	2680
YKL146W	P36062	2681
YKL148C	Q00711	2682
YKL149C	P24309	2683
YKL150W	P36060	2684
YKL152C	P00950	2685
YKL153W	P36058	2686
YKL154W	P36057	2687
YKL155C	P36056	2688
YKL157W	P32454	2689
YKL160W	P36053	2690
YKL161C	P36005	2691
YKL163W	Q03180	2692
YKL164C	Q03178	2693
YKL165C	P36051	2694
YKL166C	P05986	2695
YKL167C	P32388	2696
YKL168C	P36004	2697
YKL170W	P35996	2698
YKL171W	P36003	2699
YKL172W	P36049	2700
YKL173W	P36048	2701
YKL174C	P36029	2702
YKL175W	P34240	2703
YKL176C	P34239	2704
YKL177W	P34238	2705
YKL178C	P06783	2706
YKL179C	P34237	2707
YKL180W	P05740	2708
YKL181W	P32895	2709
YKL182W	P07149	2710
YKL183W	P34234	2711
YKL185W	P34233	2712
YKL186C	P34232	2713
YKL188C	P34230	2714
YKL189W	P32464	2715
YKL190W	P25296	2716
YKL191W	P32461	2717
YKL192C	P32463	2718
YKL193C	P36047	2719
YKL194C	P07236	2720
YKL195W	P36046	2721
YKL196C	P36015	2722
YKL197C	P24004	2723
YKL201C	P36044	2724
YKL203C	P32600	2725
YKL204W	P36041	2726
YKL205W	P33418	2727
YKL206C	P36040	2728
YKL208W	P36038	2729
YKL209C	P12866	2730
YKL210W	P22515	2731
YKL211C	P00937	2732
YKL212W	P32368	2733
YKL213C	P36037	2734
YKL214C	P36036	2735
YKL215C	P28273	2736
YKL216W	P28272	2737
YKL217W	P36035	2738
YKL218C	P36007	2739
YKL219W	P36034	2740
YKL220C	P36033	2741
YKL221W	P36032	2742
YKL222C	P35995	2743
YKL224C	P35994	2744
YKR001C	P21576	2745
YKR002W	P29468	2746
YKR005C	Q02203	2747
YKR006C	Q02204	2748
YKR007W	Q02205	2749
YKR008W	Q02206	2750
YKR010C	Q02208	2751
YKR011C	Q02209	2752
YKR014C	P36018	2753
YKR016W	P36112	2754
YKR017C	P36113	2755
YKR018C	P36114	2756
YKR019C	P36115	2757
YKR020W	P36116	2758
YKR021W	P36117	2759
YKR022C	P36118	2760
YKR023W	P36119	2761
YKR024C	P36120	2762
YKR025W	P36121	2763
YKR026C	P14741	2764
YKR028W	P36123	2765
YKR029C	P36124	2766
YKR030W	P36125	2767
YKR031C	P36126	2768
YKR032W	P36127	2769
YKR035C	P36129	2770
YKR036C	P36130	2771
YKR037C	P36131	2772
YKR038C	P36132	2773
YKR039W	P19145	2774
YKR040C	P36133	2775
YKR043C	P36136	2776
YKR044W	P36137	2777
YKR046C	P36139	2778
YKR048C	P25293	2779
YKR050W	P28584	2780
YKR051W	P36142	2781
YKR052C	P23500	2782
YKR053C	P23501	2783
YKR054C	P36022	2784
YKR055W	Q00246	2785
YKR060W	P36144	2786
YKR062W	P36145	2787
YKR063C	P36146	2788
YKR064W	P36023	2789
YKR065C	P36147	2790
YKR066C	P00431	2791
YKR067W	P36148	2792
YKR068C	P36149	2793
YKR069W	P36150	2794
YKR070W	P36151	2795
YKR071C	P36152	2796
YKR072C	P36024	2797
YKR073C	P36153	2798
YKR074W	P36154	2799
YKR077W	P36157	2800
YKR079C	P36159	2801
YKR080W	Q02046	2802
YKR081C	P36160	2803
YKR082W	P36161	2804
YKR083C	P36162	2805
YKR084C	P32769	2806
YKR085C	P22354	2807
YKR086W	P15938	2808
YKR087C	P36163	2809
YKR088C	P36164	2810
YKR089C	P36165	2811
YKR090W	P36166	2812
YKR091W	P36167	2813
YKR092C	P32583	2814
YKR093W	P32901	2815
YKR095W	Q02455	2816
YKR096W	P36168	2817
YKR099W	P22035	2818
YKR100C	P36169	2819
YKR101W	P21691	2820
YKR103W	P0CE68	2821
YKR104W	P0CE69	2822
YKR105C	P36172	2823
YKR106W	P36173	2824
YLL001W	P54861	2825
YLL003W	Q12369	2826
YLL004W	P54790	2827
YLL005C	Q07798	2828
YLL006W	P41800	2829
YLL008W	P32892	2830
YLL009C	Q12287	2831
YLL010C	Q07800	2832
YLL011W	P33750	2833
YLL012W	Q07804	2834
YLL013C	Q07807	2835
YLL014W	Q12431	2836
YLL015W	P14772	2837
YLL017W	P0CF33	2838
YLL018C	P04802	2839
YLL019C	P32350	2840
YLL020C	Q07811	2841
YLL021W	P23201	2842
YLL022C	Q12373	2843
YLL023C	Q12164	2844
YLL024C	P10592	2845
YLL026W	P31539	2846
YLL027W	Q07821	2847
YLL028W	Q07824	2848
YLL029W	Q07825	2849
YLL030C	Q07829	2850
YLL031C	Q07830	2851
YLL032C	Q07834	2852
YLL033W	Q07843	2853
YLL034C	Q07844	2854
YLL036C	P32523	2855
YLL037W	Q07865	2856
YLL038C	Q07872	2857
YLL040C	Q07878	2858
YLL041C	P21801	2859
YLL042C	Q07879	2860
YLL043W	P23900	2861
YLL046C	P32385	2862
YLL047W	Q07881	2863
YLL048C	P32386	2864
YLL049W	Q07887	2865
YLL050C	Q03048	2866
YLL051C	Q12473	2867
YLL052C	P0CD90	2868
YLL054C	Q12244	2869
YLL056C	Q12177	2870
YLL060C	Q12390	2871
YLL061W	Q12372	2872
YLL062C	Q12525	2873
YLL065W	Q99339	2874
YLR002C	Q07896	2875
YLR003C	Q07897	2876
YLR004C	Q07904	2877
YLR005W	Q04673	2878
YLR006C	Q07084	2879
YLR007W	Q07913	2880
YLR008C	Q07914	2881
YLR009W	Q07915	2882
YLR010C	Q07921	2883
YLR011W	Q07923	2884
YLR012C	Q07927	2885
YLR014C	P07272	2886
YLR015W	P43132	2887
YLR016C	Q07930	2888
YLR017W	Q07938	2889
YLR018C	Q12445	2890
YLR019W	Q07949	2891
YLR021W	Q07951	2892
YLR024C	Q07963	2893
YLR025W	P39929	2894
YLR026C	Q01590	2895
YLR027C	P23542	2896
YLR028C	P54113	2897
YLR031W	Q07978	2898
YLR032W	P32849	2899
YLR033W	Q07979	2900
YLR034C	Q12078	2901
YLR035C	Q12088	2902
YLR036C	Q07986	2903
YLR037C	Q07987	2904
YLR038C	Q01519	2905
YLR039C	P40395	2906
YLR040C	Q07988	2907
YLR042C	Q07990	2908
YLR044C	P06169	2909
YLR045C	P46675	2910
YLR046C	Q12253	2911
YLR051C	Q12035	2912
YLR052W	Q12345	2913
YLR053C	Q12026	2914
YLR054C	Q12202	2915
YLR055C	P38915	2916
YLR056W	P32353	2917
YLR058C	P37291	2918
YLR059C	P54964	2919
YLR060W	P15624	2920
YLR063W	Q12291	2921
YLR064W	Q12144	2922
YLR065C	Q99382	2923
YLR066W	Q12133	2924
YLR067C	P32522	2925
YLR068W	Q12247	2926
YLR070C	Q07993	2927
YLR071C	P19263	2928
YLR072W	Q08001	2929
YLR074C	Q08004	2930
YLR076C	Q08018	2931
YLR077W	Q08023	2932
YLR078C	P25385	2933
YLR079W	P38634	2934
YLR080W	Q12396	2935
YLR081W	P13181	2936
YLR082C	Q12020	2937
YLR083C	P32802	2938
YLR085C	Q12509	2939
YLR086W	Q12267	2940
YLR088W	P39012	2941
YLR090W	P39102	2942
YLR092W	Q12325	2943
YLR093C	Q12255	2944
YLR094C	Q12418	2945
YLR095C	Q12072	2946
YLR096W	P13186	2947
YLR097C	Q12347	2948
YLR098C	P43634	2949
YLR099C	Q12385	2950
YLR100W	Q12452	2951
YLR102C	Q12107	2952
YLR103C	Q08032	2953
YLR104W	Q08045	2954
YLR105C	P16658	2955
YLR106C	Q12019	2956
YLR108C	Q12259	2957
YLR109W	P38013	2958
YLR110C	Q12127	2959
YLR112W	Q12130	2960
YLR114C	Q12500	2961
YLR115W	Q12102	2962
YLR116W	Q12186	2963
YLR117C	Q12309	2964
YLR118C	Q12354	2965
YLR119W	Q99176	2966
YLR120C	P32329	2967
YLR121C	Q12303	2968
YLR123C	Q12174	2969
YLR124W	Q12327	2970
YLR125W	Q12138	2971
YLR126C	Q12288	2972
YLR127C	Q12440	2973
YLR128W	Q12395	2974
YLR129W	Q12220	2975
YLR131C	P21192	2976
YLR132C	Q12208	2977
YLR133W	P20485	2978
YLR134W	P16467	2979
YLR135W	Q12098	2980
YLR136C	P47977	2981
YLR137W	Q12367	2982
YLR138W	Q99271	2983
YLR141W	Q02983	2984
YLR143W	Q12429	2985
YLR144C	Q12168	2986
YLR145W	Q12530	2987
YLR146C	Q12455	2988
YLR147C	P43321	2989
YLR148W	P27801	2990
YLR150W	P39015	2991
YLR151C	Q12524	2992
YLR152C	P54072	2993
YLR153C	P52910	2994
YLR154C	Q12338	2995
YLR155C	P0CZ17	2996
YLR156W	P0CE96	2997
YLR163C	P10507	2998
YLR166C	Q06245	2999
YLR167W	P05759	3000
YLR168C	P35200	3001
YLR170C	P35181	3002
YLR171W	O13562	3003
YLR172C	P32469	3004
YLR173W	Q06247	3005
YLR174W	P41939	3006
YLR175W	P33322	3007
YLR176C	P48743	3008
YLR177W	Q06251	3009
YLR178C	P14306	3010
YLR180W	P10659	3011
YLR181C	Q06263	3012
YLR182W	P09959	3013
YLR183C	Q06266	3014
YLR186W	Q06287	3015
YLR187W	Q06315	3016
YLR189C	Q06321	3017
YLR190W	Q06324	3018
YLR191W	P80667	3019
YLR192C	Q05775	3020
YLR193C	Q05776	3021
YLR194C	Q05777	3022
YLR196W	P21304	3023
YLR197W	Q12460	3024
YLR198C	O13530	3025
YLR199C	Q05778	3026
YLR200W	P52553	3027
YLR201C	Q05779	3028
YLR202C	O13531	3029
YLR203C	P32335	3030
YLR205C	P32339	3031
YLR206W	Q05785	3032
YLR207W	Q05787	3033
YLR208W	Q04491	3034
YLR209C	Q05788	3035
YLR210W	P24871	3036
YLR211C	Q05789	3037
YLR212C	P53378	3038
YLR214W	P32791	3039
YLR215C	Q05791	3040
YLR216C	P53691	3041
YLR217W	O13532	3042
YLR219W	Q05812	3043
YLR220W	P47818	3044
YLR221C	Q05942	3045
YLR222C	Q05946	3046
YLR223C	P39520	3047
YLR224W	Q05947	3048
YLR225C	Q05948	3049
YLR226W	Q05949	3050
YLR227C	Q05955	3051
YLR228C	Q05958	3052
YLR229C	P19073	3053
YLR231C	Q05979	3054
YLR233C	P17214	3055
YLR234W	P13099	3056
YLR237W	Q05998	3057
YLR238W	Q06001	3058
YLR239C	Q06005	3059
YLR240W	P22543	3060
YLR241W	Q06538	3061
YLR242C	Q06541	3062
YLR243W	Q06543	3063
YLR245C	Q06549	3064
YLR246W	Q06551	3065
YLR247C	Q06554	3066
YLR248W	P38623	3067
YLR249W	P16521	3068
YLR250W	P39931	3069
YLR251W	Q06563	3070
YLR252W	O13573	3071
YLR253W	Q06567	3072
YLR254C	Q06568	3073
YLR255C	O13574	3074
YLR256W	P0C2I7	3075
YLR257W	Q06146	3076
YLR258W	P27472	3077
YLR259C	P19882	3078
YLR261C	O13549	3079
YLR262C	Q99260	3080
YLR263W	P14291	3081
YLR264W	P0C0X0	3082
YLR265C	Q06148	3083
YLR266C	Q06149	3084
YLR267W	Q06150	3085
YLR268W	P22214	3086
YLR269C	O13550	3087
YLR270W	Q06151	3088
YLR271W	Q06152	3089
YLR273C	Q06216	3090
YLR274W	P29496	3091
YLR275W	Q06217	3092
YLR276C	Q06218	3093
YLR277C	Q06224	3094
YLR278C	Q05854	3095
YLR281C	Q05863	3096
YLR283W	Q05867	3097
YLR284C	Q05871	3098
YLR285W	Q05874	3099
YLR287C	P0CX33	3100
YLR288C	Q02574	3101
YLR289W	P46943	3102
YLR290C	Q05892	3103
YLR291C	P32502	3104
YLR292C	P39742	3105
YLR293C	P32835	3106
YLR294C	O13543	3107
YLR295C	Q12349	3108
YLR297W	Q05899	3109
YLR298C	Q05900	3110
YLR299W	Q05902	3111
YLR300W	P23776	3112
YLR301W	Q05905	3113
YLR303W	P06106	3114
YLR304C	P19414	3115
YLR305C	P37297	3116
YLR306W	P52491	3117
YLR308W	Q06703	3118
YLR309C	Q06704	3119
YLR310C	P04821	3120
YLR311C	Q06158	3121
YLR312C	Q06159	3122
YLR312W-A	P36523	3123
YLR313C	Q06160	3124
YLR314C	P32457	3125
YLR315W	Q06162	3126
YLR317W	O13553	3127
YLR318W	Q06163	3128
YLR319C	P41697	3129
YLR320W	Q06164	3130
YLR321C	Q06168	3131
YLR322W	O13554	3132
YLR323C	P53769	3133
YLR324W	Q06169	3134
YLR325C	P49167	3135
YLR326W	Q06170	3136
YLR327C	Q06177	3137
YLR328W	Q06178	3138
YLR329W	Q02721	3139
YLR331C	O13555	3140
YLR332W	P36027	3141
YLR333C	P0C0T4	3142
YLR334C	Q06127	3143
YLR335W	P32499	3144
YLR337C	P37370	3145
YLR338W	O94084	3146
YLR339C	O94085	3147
YLR340W	P05317	3148
YLR342W	P38631	3149
YLR343W	Q06135	3150
YLR344W	P05743	3151
YLR345W	Q06137	3152
YLR346C	Q06139	3153
YLR347C	Q06142	3154
YLR349W	O94086	3155
YLR350W	Q06144	3156
YLR351C	P49954	3157
YLR352W	Q06479	3158
YLR353W	P41698	3159
YLR354C	P15019	3160
YLR355C	P06168	3161
YLR356W	Q06485	3162
YLR357W	Q06488	3163
YLR358C	O13565	3164
YLR359W	Q05911	3165
YLR362W	P23561	3166
YLR363C	Q12129	3167
YLR365W	Q7LIF2	3168
YLR366W	Q7LIF1	3169
YLR368W	Q05930	3170
YLR369W	Q05931	3171
YLR370C	Q05933	3172
YLR371W	P51862	3173
YLR372W	P40319	3174
YLR373C	Q05934	3175
YLR374C	O13545	3176
YLR376C	Q12318	3177
YLR377C	P09201	3178
YLR378C	P32915	3179
YLR379W	A0A8D9UGQ7	3180
YLR381W	Q12748	3181
YLR383W	Q12749	3182
YLR385C	Q06707	3183
YLR386W	Q06708	3184
YLR388W	P41057	3185
YLR389C	Q06010	3186
YLR390W	O13547	3187
YLR392C	P18634	3188
YLR393W	P18496	3189
YLR394W	Q06032	3190
YLR395C	P04039	3191
YLR396C	P20795	3192
YLR397C	P32794	3193
YLR398C	P35207	3194
YLR399C	P35817	3195
YLR401C	Q06053	3196
YLR403W	P32432	3197
YLR409C	Q06078	3198
YLR411W	Q06686	3199
YLR412W	Q06688	3200
YLR413W	Q06689	3201
YLR416C	Q06695	3202
YLR417W	Q06696	3203
YLR418C	Q06697	3204
YLR420W	P20051	3205
YLR421C	O13563	3206
YLR422W	Q06409	3207
YLR423C	Q06410	3208
YLR424W	Q06411	3209
YLR425W	Q06412	3210
YLR426W	Q06417	3211
YLR427W	Q06436	3212
YLR428C	O13564	3213
YLR429W	Q06440	3214
YLR430W	Q00416	3215
YLR432W	P50095	3216
YLR433C	P23287	3217
YLR434C	O13576	3218
YLR435W	Q06672	3219
YLR436C	Q06673	3220
YLR437C	O13577	3221
YLR438C-A	P57743	3222
YLR438W	P07991	3223
YLR439W	P36517	3224
YLR440C	Q12745	3225
YLR441C	P33442	3226
YLR442C	P06701	3227
YLR443W	Q06200	3228
YLR446W	Q06204	3229
YLR447C	P32366	3230
YLR448W	P05739	3231
YLR449W	Q06205	3232
YLR450W	P12684	3233
YLR451W	P08638	3234
YLR452C	P11972	3235
YLR453C	Q06208	3236
YLR454W	Q06179	3237
YLR455W	Q06188	3238
YLR456W	Q06199	3239
YLR457C	P52919	3240
YLR459W	P41733	3241
YLR460C	P54007	3242
YLR461W	P53427	3243
YLR462W	O13556	3244
YLR465C	O13558	3245
YLR466W	O13559	3246
YML001W	P32939	3247
YML002W	P0CF17	3248
YML006C	Q04233	3249
YML007W	P19880	3250
YML008C	P25087	3251
YML009C	P36533	3252
YML010W	P27692	3253
YML011C	Q04231	3254
YML012W	P54837	3255
YML013W	Q04228	3256
YML014W	P49957	3257
YML015C	Q04226	3258
YML016C	P26570	3259
YML018C	Q03730	3260
YML019W	Q03723	3261
YML020W	Q03722	3262
YML021C	P12887	3263
YML022W	P49435	3264
YML023C	Q03718	3265
YML025C	P51998	3266
YML026C	P0CX56	3267
YML027W	P34161	3268
YML028W	P34760	3269
YML029W	Q03714	3270
YML030W	Q03713	3271
YML031W	P32500	3272
YML032C	P06778	3273
YML034W	Q03707	3274
YML035C	P15274	3275
YML036W	Q03705	3276
YML037C	Q03703	3277
YML038C	Q03697	3278
YML041C	Q03433	3279
YML042W	P32796	3280
YML043C	Q04712	3281
YML046W	P39682	3282
YML048W	Q04697	3283
YML049C	Q04693	3284
YML051W	P04387	3285
YML053C	Q04978	3286
YML054C	P00175	3287
YML055W	Q04969	3288
YML056C	P50094	3289
YML057W	P14747	3290
YML058W	Q04964	3291
YML059C	Q04958	3292
YML060W	P53397	3293
YML061C	P07271	3294
YML062C	P33441	3295
YML064C	P38987	3296
YML065W	P54784	3297
YML067C	Q04651	3298
YML069W	Q04636	3299
YML070W	P54838	3300
YML071C	Q04632	3301
YML074C	P38911	3302
YML075C	P12683	3303
YML077W	Q03630	3304
YML078W	P25719	3305
YML081C-A	P81450	3306
YML082W	Q04533	3307
YML085C	P09733	3308
YML088W	Q04511	3309
YML089C	Q04502	3310
YML091C	Q02773	3311
YML092C	P23639	3312
YML093W	Q04500	3313
YML094W	Q04493	3314
YML095C	P06838	3315
YML095C-A	Q12744	3316
YML097C	P54787	3317
YML098W	P11747	3318
YML099C	P05085	3319
YML100W	P38427	3320
YML102W	Q04199	3321
YML103C	P52593	3322
YML104C	Q01846	3323
YML105C	P29478	3324
YML106W	P13298	3325
YML107C	Q03760	3326
YML108W	Q03759	3327
YML109W	P54786	3328
YML110C	P49017	3329
YML111W	Q03758	3330
YML112W	P46963	3331
YML114C	Q03750	3332
YML115C	P23642	3333
YML117W	Q03735	3334
YML120C	P32340	3335
YML121W	Q00582	3336
YML123C	P25297	3337
YML124C	P09734	3338
YML125C	Q12746	3339
YML126C	P54839	3340
YML127W	Q03124	3341
YML129C	P39103	3342
YML130C	Q03103	3343
YML131W	Q03102	3344
YMR001C	P32562	3345
YMR002W	Q03667	3346
YMR003W	Q03673	3347
YMR004W	P40959	3348
YMR005W	P50105	3349
YMR008C	P39105	3350
YMR009W	Q03677	3351
YMR010W	Q03687	3352
YMR011W	P23585	3353
YMR012W	Q03690	3354
YMR013C	P20048	3355
YMR014W	Q04347	3356
YMR017W	Q04359	3357
YMR018W	Q04364	3358
YMR019W	P50104	3359
YMR020W	P50264	3360
YMR021C	P35192	3361
YMR022W	Q02159	3362
YMR023C	P32559	3363
YMR024W	P36516	3364
YMR025W	Q04368	3365
YMR026C	Q04370	3366
YMR027W	Q04371	3367
YMR028W	Q04372	3368
YMR029C	Q05040	3369
YMR030W	Q05043	3370
YMR032W	Q05080	3371
YMR033W	Q05123	3372
YMR036C	P23748	3373
YMR038C	P40202	3374
YMR039C	P54000	3375
YMR041C	Q04212	3376
YMR042W	P07249	3377
YMR043W	P11746	3378
YMR047C	Q02630	3379
YMR048W	Q04659	3380
YMR049C	Q04660	3381
YMR052W	P46671	3382
YMR053C	P46679	3383
YMR054W	P37296	3384
YMR055C	P26448	3385
YMR056C	P04710	3386
YMR057C	Q04674	3387
YMR058W	P38993	3388
YMR059W	Q04675	3389
YMR061W	P25298	3390
YMR063W	Q04734	3391
YMR064W	P32493	3392
YMR065W	Q04746	3393
YMR066W	Q04748	3394
YMR067C	P54730	3395
YMR068W	Q04749	3396
YMR069W	Q04751	3397
YMR071C	Q04767	3398
YMR072W	Q02486	3399
YMR074C	Q04773	3400
YMR075C-A	Q6B0Y7	3401
YMR075W	Q04779	3402
YMR076C	Q04264	3403
YMR077C	Q04272	3404
YMR078C	P49956	3405
YMR079W	P24280	3406
YMR080C	P30771	3407
YMR083W	P07246	3408
YMR086W	Q04279	3409
YMR087W	Q04299	3410
YMR088C	Q04301	3411
YMR089C	P40341	3412
YMR090W	Q04304	3413
YMR091C	P32832	3414
YMR092C	P46680	3415
YMR093W	Q04305	3416
YMR094W	P35203	3417
YMR095C	Q03144	3418
YMR096W	Q03148	3419
YMR097C	Q03151	3420
YMR101C	Q03175	3421
YMR102C	Q03177	3422
YMR104C	P18961	3423
YMR105C	P37012	3424
YMR106C	Q04437	3425
YMR108W	P07342	3426
YMR109W	Q04439	3427
YMR110C	Q04458	3428
YMR111C	Q04461	3429
YMR112C	Q99278	3430
YMR116C	P38011	3431
YMR117C	Q04477	3432
YMR118C	Q04487	3433
YMR120C	P38009	3434
YMR123W	Q03880	3435
YMR124W	P39523	3436
YMR125W	P34160	3437
YMR127C	P40963	3438
YMR129W	P39685	3439
YMR131C	Q04225	3440
YMR133W	P32841	3441
YMR135C	P40208	3442
YMR137C	P30620	3443
YMR139W	P38615	3444
YMR140W	P40210	3445
YMR141C	P40211	3446
YMR142C	P40212	3447
YMR144W	P40214	3448
YMR145C	P40215	3449
YMR146C	P40217	3450
YMR147W	P40218	3451
YMR149W	Q02795	3452
YMR150C	P28627	3453
YMR151W	P28626	3454
YMR152W	P28625	3455
YMR153W	Q03790	3456
YMR154C	Q03792	3457
YMR155W	Q03795	3458
YMR157C	Q03798	3459
YMR158W	Q03799	3460
YMR159C	Q03818	3461
YMR160W	Q03823	3462
YMR163C	Q03824	3463
YMR165C	P32567	3464
YMR167W	P38920	3465
YMR168C	P40969	3466
YMR172W	Q03213	3467
YMR173W	P18899	3468
YMR177W	Q03218	3469
YMR178W	Q03219	3470
YMR179W	P35209	3471
YMR180C	Q03220	3472
YMR181C	Q03231	3473
YMR182C	Q00453	3474
YMR183C	P39926	3475
YMR184W	Q03233	3476
YMR186W	P15108	3477
YMR187C	Q03236	3478
YMR188C	Q03246	3479
YMR190C	P35187	3480
YMR192W	Q04322	3481
YMR193W	P36525	3482
YMR195W	Q04329	3483
YMR196W	Q04336	3484
YMR197C	Q04338	3485
YMR198W	Q01649	3486
YMR199W	P20437	3487
YMR200W	Q03691	3488
YMR201C	P28519	3489
YMR202W	P32352	3490
YMR203W	P23644	3491
YMR204C	Q03694	3492
YMR205C	P16862	3493
YMR206W	Q03695	3494
YMR207C	P32874	3495
YMR209C	Q03648	3496
YMR210W	Q03649	3497
YMR211W	Q03652	3498
YMR212C	Q03653	3499
YMR213W	Q03654	3500
YMR214W	P25303	3501
YMR215W	Q03655	3502
YMR216C	Q03656	3503
YMR218C	Q03660	3504
YMR219W	Q03661	3505
YMR221C	Q04991	3506
YMR222C	Q05015	3507
YMR223W	P50102	3508
YMR224C	P32829	3509
YMR225C	P19956	3510
YMR226C	Q05016	3511
YMR227C	Q05021	3512
YMR228W	P14908	3513
YMR229C	Q05022	3514
YMR231W	P12868	3515
YMR232W	Q05670	3516
YMR233W	Q05024	3517
YMR234W	Q04740	3518
YMR235C	P11745	3519
YMR236W	Q05027	3520
YMR237W	Q05029	3521
YMR238W	Q05031	3522
YMR239C	Q02555	3523
YMR240C	Q02554	3524
YMR241W	Q04013	3525
YMR242C	P0CX23	3526
YMR243C	P20107	3527
YMR244W	Q04018	3528
YMR246W	P47912	3529
YMR250W	Q04792	3530
YMR251W	Q04806	3531
YMR253C	Q04835	3532
YMR255W	Q04839	3533
YMR257C	P08468	3534
YMR258C	Q04847	3535
YMR260C	P38912	3536
YMR261C	P38426	3537
YMR263W	P38429	3538
YMR264W	P38428	3539
YMR265C	Q03508	3540
YMR266W	Q03516	3541
YMR267W	P28239	3542
YMR268C	P49960	3543
YMR269W	Q03525	3544
YMR270C	P53437	3545
YMR271C	P30402	3546
YMR273C	P50111	3547
YMR274C	Q03530	3548
YMR275C	P48524	3549
YMR276W	P48510	3550
YMR277W	Q03254	3551
YMR278W	Q03262	3552
YMR279C	Q03263	3553
YMR280C	P39113	3554
YMR282C	P22136	3555
YMR284W	P32807	3556
YMR285C	Q03264	3557
YMR287C	P39112	3558
YMR288W	P49955	3559
YMR290C	Q03532	3560
YMR291W	Q03533	3561
YMR292W	Q03554	3562
YMR293C	Q03557	3563
YMR294W	P36224	3564
YMR295C	Q03559	3565
YMR296C	P25045	3566
YMR297W	P00729	3567
YMR298W	Q03579	3568
YMR299C	Q04949	3569
YMR300C	P04046	3570
YMR302C	P32843	3571
YMR303C	P00331	3572
YMR304W	P50101	3573
YMR305C	Q04951	3574
YMR306W	Q04952	3575
YMR307W	P22146	3576
YMR308C	P32337	3577
YMR309C	P32497	3578
YMR310C	Q04867	3579
YMR311C	P41818	3580
YMR312W	Q04868	3581
YMR313C	P40308	3582
YMR314W	P40302	3583
YMR315W	Q04869	3584
YMR316C-B	A0A023PXQ9	3585
YMR316W	P54005	3586
YMR317W	Q04893	3587
YMR318C	Q04894	3588
YMR319C	P40988	3589
YMR322C	Q04902	3590
YMR323W	P42222	3591
YMR325W	P0CE85	3592
YNL002C	P40693	3593
YNL003C	P38921	3594
YNL004W	P38922	3595
YNL005C	P12687	3596
YNL006W	P41318	3597
YNL007C	P25294	3598
YNL008C	P53983	3599
YNL009W	P53982	3600
YNL011C	P53980	3601
YNL012W	P53541	3602
YNL013C	P53979	3603
YNL014W	P53978	3604
YNL015W	P0CT04	3605
YNL016W	P32588	3606
YNL020C	P53974	3607
YNL021W	P53973	3608
YNL023C	P53971	3609
YNL024C	Q8TGJ3	3610
YNL025C	P47821	3611
YNL027W	P53968	3612
YNL028W	P53967	3613
YNL029C	P53966	3614
YNL032W	P53965	3615
YNL034W	P53963	3616
YNL035C	P53962	3617
YNL036W	P53615	3618
YNL037C	P28834	3619
YNL039W	P46678	3620
YNL040W	P53960	3621
YNL041C	P53959	3622
YNL042W	P53958	3623
YNL044W	P53633	3624
YNL045W	Q10740	3625
YNL046W	P53956	3626
YNL047C	P53955	3627
YNL048W	P53954	3628
YNL049C	P53953	3629
YNL050C	P53952	3630
YNL051W	P53951	3631
YNL052W	P00424	3632
YNL053W	P38590	3633
YNL054W	P53950	3634
YNL055C	P04840	3635
YNL056W	P53949	3636
YNL058C	P53947	3637
YNL061W	P40991	3638
YNL062C	P41814	3639
YNL063W	P53944	3640
YNL064C	P25491	3641
YNL066W	P53616	3642
YNL068C	P41813	3643
YNL070W	P53507	3644
YNL071W	P12695	3645
YNL072W	P53942	3646
YNL073W	P32048	3647
YNL075W	P53941	3648
YNL076W	P34072	3649
YNL078W	P53939	3650
YNL079C	P17536	3651
YNL081C	P53937	3652
YNL082W	P14242	3653
YNL083W	D6W196	3654
YNL084C	P39013	3655
YNL085W	P40850	3656
YNL086W	P48232	3657
YNL087W	P48231	3658
YNL088W	P06786	3659
YNL090W	P06781	3660
YNL091W	P53935	3661
YNL092W	P53934	3662
YNL093W	P36019	3663
YNL094W	P53933	3664
YNL095C	P53932	3665
YNL096C	P48164	3666
YNL097C	P50947	3667
YNL098C	P01120	3668
YNL100W	P50945	3669
YNL101W	P50944	3670
YNL102W	P13382	3671
YNL104C	P06208	3672
YNL105W	P50943	3673
YNL106C	P50942	3674
YNL107W	P53930	3675
YNL109W	P53928	3676
YNL110C	P53927	3677
YNL112W	P24783	3678
YNL113W	P28000	3679
YNL116W	P53924	3680
YNL118C	P53550	3681
YNL121C	P07213	3682
YNL122C	P53921	3683
YNL124W	P53919	3684
YNL125C	P53918	3685
YNL126W	P53540	3686
YNL127W	P53917	3687
YNL128W	P53916	3688
YNL129W	P53915	3689
YNL130C	P17898	3690
YNL131W	P49334	3691
YNL132W	P53914	3692
YNL133C	P53913	3693
YNL134C	P53912	3694
YNL135C	P20081	3695
YNL137C	P27929	3696
YNL138W	P17555	3697
YNL140C	P53910	3698
YNL141W	P53909	3699
YNL142W	P41948	3700
YNL144C	P53907	3701
YNL145W	P34166	3702
YNL147W	P53905	3703
YNL148C	P53904	3704
YNL151C	P17890	3705
YNL152W	P53901	3706
YNL153C	P53900	3707
YNL154C	P23292	3708
YNL155W	P53899	3709
YNL157W	P53897	3710
YNL158W	P53896	3711
YNL159C	P53895	3712
YNL160W	P38616	3713
YNL161W	P53894	3714
YNL163C	P53893	3715
YNL164C	P53892	3716
YNL166C	P53890	3717
YNL167C	Q02100	3718
YNL169C	P39006	3719
YNL171C	P53887	3720
YNL172W	P53886	3721
YNL173C	P53885	3722
YNL175C	P53883	3723
YNL176C	P53882	3724
YNL178W	P05750	3725
YNL180C	P53879	3726
YNL181W	P53878	3727
YNL182C	P53877	3728
YNL183C	P22211	3729
YNL185C	P53875	3730
YNL186W	P53874	3731
YNL187W	P53873	3732
YNL188W	P11927	3733
YNL189W	Q02821	3734
YNL190W	P53872	3735
YNL191W	P53871	3736
YNL192W	P08004	3737
YNL193W	P53870	3738
YNL194C	P40169	3739
YNL196C	P40167	3740
YNL199C	Q01722	3741
YNL201C	P40164	3742
YNL202W	P32573	3743
YNL204C	P32572	3744
YNL205C	P40162	3745
YNL206C	P40161	3746
YNL207W	P40160	3747
YNL208W	P40159	3748
YNL210W	P16523	3749
YNL211C	P53869	3750
YNL213C	P40156	3751
YNL214W	P40155	3752
YNL215W	P40154	3753
YNL216W	P11938	3754
YNL217W	P40152	3755
YNL218W	P40151	3756
YNL219C	P53868	3757
YNL221C	P41812	3758
YNL222W	P53538	3759
YNL223W	P53867	3760
YNL224C	P53866	3761
YNL225C	P53865	3762
YNL226W	P53864	3763
YNL227C	P53863	3764
YNL228W	P53862	3765
YNL229C	P23202	3766
YNL230C	P53861	3767
YNL231C	P53860	3768
YNL232W	P53859	3769
YNL233W	P53858	3770
YNL234W	P53857	3771
YNL235C	P53856	3772
YNL236W	P32259	3773
YNL237W	P53584	3774
YNL238W	P13134	3775
YNL239W	Q01532	3776
YNL241C	P11412	3777
YNL242W	P53855	3778
YNL243W	P33338	3779
YNL244C	P32911	3780
YNL245C	P53854	3781
YNL246W	P53853	3782
YNL248C	Q01080	3783
YNL250W	P12753	3784
YNL251C	P53617	3785
YNL252C	P36528	3786
YNL253W	P53851	3787
YNL257C	P38717	3788
YNL258C	P53847	3789
YNL259C	P38636	3790
YNL260C	P53846	3791
YNL261W	P50874	3792
YNL262W	P21951	3793
YNL263C	P53845	3794
YNL264C	P53844	3795
YNL265C	P53843	3796
YNL266W	P53842	3797
YNL267W	P39104	3798
YNL271C	P41832	3799
YNL272C	P17065	3800
YNL273W	P53840	3801
YNL275W	P53838	3802
YNL276C	P53837	3803
YNL277W	P08465	3804
YNL278W	P53836	3805
YNL279W	P53835	3806
YNL280C	P32462	3807
YNL281W	P53834	3808
YNL282W	P53833	3809
YNL284C	Q12112	3810
YNL285W	P53831	3811
YNL286W	P53830	3812
YNL287W	P32074	3813
YNL288W	P53829	3814
YNL289W	P24867	3815
YNL290W	P38629	3816
YNL291C	P41821	3817
YNL293W	P48566	3818
YNL298W	P48562	3819
YNL300W	P48560	3820
YNL304W	P48559	3821
YNL306W	P42847	3822
YNL307C	P21965	3823
YNL308C	P42846	3824
YNL309W	P42845	3825
YNL311C	P42843	3826
YNL312W	P26754	3827
YNL313C	P42842	3828
YNL314W	P21705	3829
YNL315C	P32453	3830
YNL316C	P32452	3831
YNL317W	P42841	3832
YNL318C	P42833	3833
YNL319W	P53826	3834
YNL320W	P42840	3835
YNL321W	P42839	3836
YNL323W	P42838	3837
YNL324W	P53825	3838
YNL326C	P42836	3839
YNL327W	P42835	3840
YNL328C	P42834	3841
YNL329C	P33760	3842
YNL330C	P32561	3843
YNL331C	P42884	3844
YNL333W	P53824	3845
YNL334C	P53823	3846
YNL336W	P53822	3847
YNL339C	P53819	3848
YNR001C	P00890	3849
YNR002C	P32907	3850
YNR003C	P32910	3851
YNR004W	P40342	3852
YNR005C	P53717	3853
YNR006W	P40343	3854
YNR007C	P40344	3855
YNR008W	P40345	3856
YNR009W	P53718	3857
YNR010W	P33308	3858
YNR011C	P20095	3859
YNR012W	P27515	3860
YNR013C	P27514	3861
YNR015W	P53720	3862
YNR016C	Q00955	3863
YNR017W	P32897	3864
YNR018W	P53721	3865
YNR019W	P53629	3866
YNR022C	P53724	3867
YNR023W	P53628	3868
YNR024W	P53725	3869
YNR025C	P53726	3870
YNR026C	P11655	3871
YNR027W	P53727	3872
YNR028W	P53728	3873
YNR029C	P53729	3874
YNR030W	P53730	3875
YNR031C	P53599	3876
YNR032W	P32838	3877
YNR033W	P37254	3878
YNR034W	P50278	3879
YNR035C	P53731	3880
YNR036C	P53732	3881
YNR037C	P53733	3882
YNR039C	P53735	3883
YNR040W	P53736	3884
YNR041C	P32378	3885
YNR042W	P53737	3886
YNR043W	P32377	3887
YNR045W	P07390	3888
YNR046W	P53738	3889
YNR047W	P53739	3890
YNR048W	P53740	3891
YNR049C	P53604	3892
YNR050C	P38999	3893
YNR051C	P53741	3894
YNR052C	P39008	3895
YNR053C	P53742	3896
YNR054C	P53743	3897
YNR055C	P53389	3898
YNR056C	P53744	3899
YNR058W	P50277	3900
YNR059W	P53745	3901
YNR060W	P53746	3902
YNR061C	P53747	3903
YNR064C	P53750	3904
YNR065C	P53751	3905
YNR066C	P53752	3906
YNR068C	P53754	3907
YNR069C	P53755	3908
YNR070W	P53756	3909
YNR071C	P53757	3910
YNR074C	P52923	3911
YNR075W	P52924	3912
YOL001W	P20052	3913
YOL002C	Q12442	3914
YOL003C	Q12006	3915
YOL004W	P22579	3916
YOL005C	P38902	3917
YOL006C	P04786	3918
YOL008W	Q08058	3919
YOL009C	Q92328	3920
YOL010W	Q08096	3921
YOL011W	Q08108	3922
YOL012C	Q12692	3923
YOL013C	Q08109	3924
YOL014W	Q08110	3925
YOL015W	Q08118	3926
YOL016C	P22517	3927
YOL017W	Q08119	3928
YOL018C	Q08144	3929
YOL020W	P38967	3930
YOL021C	Q08162	3931
YOL022C	P25040	3932
YOL028C	Q08182	3933
YOL030W	Q08193	3934
YOL031C	Q08199	3935
YOL033W	P48525	3936
YOL034W	Q08204	3937
YOL035C	Q08207	3938
YOL036W	Q08206	3939
YOL038W	P40303	3940
YOL039W	P05319	3941
YOL041C	Q08208	3942
YOL042W	Q08213	3943
YOL043C	Q08214	3944
YOL044W	Q08215	3945
YOL045W	Q08217	3946
YOL046C	Q08216	3947
YOL050C	Q08222	3948
YOL051W	P19659	3949
YOL052C	P21182	3950
YOL054W	Q12161	3951
YOL058W	P22768	3952
YOL059W	P41911	3953
YOL061W	Q12265	3954
YOL062C	Q99186	3955
YOL063C	Q08226	3956
YOL064C	P32179	3957
YOL065C	Q08227	3958
YOL066C	Q12362	3959
YOL067C	P32607	3960
YOL068C	P53685	3961
YOL069W	P33895	3962
YOL070C	Q08229	3963
YOL072W	Q08231	3964
YOL073C	Q08232	3965
YOL075C	Q08234	3966
YOL077C	Q08235	3967
YOL078W	Q08236	3968
YOL080C	Q08237	3969
YOL081W	P19158	3970
YOL082W	P35193	3971
YOL083W	Q12292	3972
YOL085C	Q99345	3973
YOL086C	P00330	3974
YOL087C	Q99247	3975
YOL088C	Q99316	3976
YOL090W	P25847	3977
YOL091W	Q12411	3978
YOL093W	Q12400	3979
YOL094C	P40339	3980
YOL095C	Q12039	3981
YOL097C	Q12109	3982
YOL099C	Q08240	3983
YOL100W	Q12236	3984
YOL101C	Q99393	3985
YOL102C	Q12272	3986
YOL103W	Q12273	3987
YOL104C	Q12366	3988
YOL105C	Q12215	3989
YOL106W	Q08241	3990
YOL107W	Q12239	3991
YOL108C	P13902	3992
YOL109W	Q08245	3993
YOL110W	P41912	3994
YOL111C	Q12285	3995
YOL112W	Q12317	3996
YOL113W	Q12469	3997
YOL115W	P53632	3998
YOL116W	P22148	3999
YOL117W	Q12348	4000
YOL118C	Q08259	4001
YOL120C	P0CX49	4002
YOL123W	Q99383	4003
YOL124C	Q12463	4004
YOL126C	P22133	4005
YOL127W	P04456	4006
YOL129W	Q12016	4007
YOL130W	Q08269	4008
YOL131W	Q08270	4009
YOL132W	Q08271	4010
YOL133W	Q08273	4011
YOL135C	Q08278	4012
YOL136C	Q12471	4013
YOL137W	Q08280	4014
YOL139C	P07260	4015
YOL140W	P18544	4016
YOL142W	Q08285	4017
YOL143C	P50861	4018
YOL144W	Q08287	4019
YOL145C	P89105	4020
YOL146W	Q12146	4021
YOL147C	Q12462	4022
YOL148C	P50875	4023
YOL149W	Q12517	4024
YOL150C	Q08293	4025
YOL151W	Q12068	4026
YOL152W	Q12333	4027
YOL154W	Q12512	4028
YOL159C	Q08300	4029
YOL163W	P0CF20	4030
YOR001W	Q12149	4031
YOR003W	P25036	4032
YOR004W	Q12339	4033
YOR005C	Q08387	4034
YOR006C	Q12094	4035
YOR007C	Q12118	4036
YOR008C	P54867	4037
YOR009W	Q12218	4038
YOR010C	P33890	4039
YOR014W	P38903	4040
YOR016C	Q12450	4041
YOR017W	P32606	4042
YOR018W	Q02805	4043
YOR020C	P38910	4044
YOR023C	Q12433	4045
YOR026W	P26449	4046
YOR027W	P15705	4047
YOR028C	P40917	4048
YOR029W	Q12243	4049
YOR031W	P41902	4050
YOR032C	Q12398	4051
YOR033C	P39875	4052
YOR034C	Q12013	4053
YOR035C	P51534	4054
YOR036W	P32854	4055
YOR037W	P38909	4056
YOR038C	P32480	4057
YOR039W	P38930	4058
YOR040W	Q12320	4059
YOR042W	Q08412	4060
YOR043W	P12611	4061
YOR045W	P33448	4062
YOR046C	P20449	4063
YOR047C	Q02794	4064
YOR048C	Q02792	4065
YOR049C	Q08417	4066
YOR050C	Q08419	4067
YOR051C	Q08421	4068
YOR054C	Q08438	4069
YOR056C	Q08444	4070
YOR057W	Q08446	4071
YOR058C	P50275	4072
YOR059C	Q08448	4073
YOR061W	P19454	4074
YOR062C	P36025	4075
YOR063W	P14126	4076
YOR064C	Q08465	4077
YOR065W	P07143	4078
YOR066W	Q08471	4079
YOR067C	P40351	4080
YOR068C	Q08474	4081
YOR069W	Q92331	4082
YOR071C	Q08485	4083
YOR073W	Q08490	4084
YOR074C	P06785	4085
YOR075W	P41834	4086
YOR076C	Q08491	4087
YOR078W	Q08492	4088
YOR079C	Q12067	4089
YOR080W	Q08496	4090
YOR081C	Q12043	4091
YOR082C	Q08498	4092
YOR083W	Q12416	4093
YOR084W	Q12405	4094
YOR085W	P48439	4095
YOR086C	Q12466	4096
YOR087W	Q12324	4097
YOR088W	Q12324	4098
YOR089C	P36017	4099
YOR090C	Q12511	4100
YOR092W	Q99252	4101
YOR095C	Q12189	4102
YOR096W	P26786	4103
YOR097C	Q12274	4104
YOR098C	P20676	4105
YOR099W	P27810	4106
YOR100C	Q12289	4107
YOR101W	P01119	4108
YOR102W	Q08503	4109
YOR103C	P46964	4110
YOR104W	Q12057	4111
YOR106W	Q12241	4112
YOR107W	Q99188	4113
YOR108W	Q12166	4114
YOR109W	Q12271	4115
YOR110W	Q12415	4116
YOR111W	Q99210	4117
YOR112W	Q12453	4118
YOR114W	Q12219	4119
YOR115C	Q99394	4120
YOR116C	P04051	4121
YOR117W	P33297	4122
YOR118W	Q12108	4123
YOR119C	Q12196	4124
YOR120W	P14065	4125
YOR121C	Q08521	4126
YOR122C	P07274	4127
YOR123C	P38439	4128
YOR124C	Q01476	4129
YOR125C	P41735	4130
YOR127W	P39083	4131
YOR128C	P21264	4132
YOR130C	Q12375	4133
YOR132W	P32913	4134
YOR134W	Q12128	4135
YOR136W	P28241	4136
YOR138C	Q12242	4137
YOR140W	P20134	4138
YOR141C	Q12386	4139
YOR142W	P53598	4140
YOR143C	P35202	4141
YOR144C	Q12050	4142
YOR145C	Q99216	4143
YOR146W	Q08533	4144
YOR147W	Q12171	4145
YOR148C	Q02521	4146
YOR150W	Q12487	4147
YOR151C	P08518	4148
YOR153W	P33302	4149
YOR154W	Q12232	4150
YOR155C	Q99312	4151
YOR156C	Q12216	4152
YOR157C	P25043	4153
YOR158W	P17558	4154
YOR159C	Q12330	4155
YOR160W	Q99189	4156
YOR161C	Q12412	4157
YOR162C	Q12172	4158
YOR164C	Q12125	4159
YOR171C	Q12246	4160
YOR172W	Q12340	4161
YOR173W	Q12123	4162
YOR174W	Q12343	4163
YOR175C	Q08548	4164
YOR176W	P16622	4165
YOR177C	Q08550	4166
YOR178C	P28006	4167
YOR179C	Q08553	4168
YOR180C	Q08558	4169
YOR181W	Q12446	4170
YOR184W	P33330	4171
YOR185C	P32836	4172
YOR187W	P02992	4173
YOR188W	P21339	4174
YOR189W	Q08561	4175
YOR190W	P32603	4176
YOR191W	Q08562	4177
YOR194C	P32773	4178
YOR195W	Q08581	4179
YOR196C	P32875	4180
YOR197W	Q08601	4181
YOR198C	P38934	4182
YOR201C	P25270	4183
YOR202W	P06633	4184
YOR204W	P06634	4185
YOR205C	Q08622	4186
YOR206W	P39744	4187
YOR207C	P22276	4188
YOR208W	P29461	4189
YOR209C	P39683	4190
YOR210W	P22139	4191
YOR211C	P32266	4192
YOR212W	P18851	4193
YOR213C	Q99314	4194
YOR214C	Q12282	4195
YOR215C	Q12032	4196
YOR219C	P33894	4197
YOR220W	Q12044	4198
YOR222W	Q99297	4199
YOR224C	P20436	4200
YOR225W	Q12225	4201
YOR226C	Q12056	4202
YOR227W	Q12276	4203
YOR229W	Q12206	4204
YOR230W	Q12363	4205
YOR231W	P32490	4206
YOR232W	P38523	4207
YOR236W	P07807	4208
YOR239W	Q08641	4209
YOR241W	Q08645	4210
YOR243C	Q08647	4211
YOR244W	Q08649	4212
YOR245C	Q08650	4213
YOR246C	Q08651	4214
YOR247W	Q08673	4215
YOR249C	Q08683	4216
YOR250C	Q08685	4217
YOR251C	Q08686	4218
YOR252W	Q08687	4219
YOR254C	P14906	4220
YOR257W	P06704	4221
YOR258W	Q08702	4222
YOR259C	P53549	4223
YOR260W	P09032	4224
YOR261C	Q08723	4225
YOR263C	Q08728	4226
YOR264W	Q08729	4227
YOR265W	P48606	4228
YOR266W	P38969	4229
YOR267C	Q08732	4230
YOR269W	P39946	4231
YOR270C	P32563	4232
YOR271C	Q12029	4233
YOR272W	Q12024	4234
YOR273C	Q12256	4235
YOR274W	P07884	4236
YOR275C	Q12033	4237
YOR276W	P12962	4238
YOR279C	Q12192	4239
YOR281C	Q12017	4240
YOR282W	Q08741	4241
YOR283W	Q12040	4242
YOR284W	Q12134	4243
YOR285W	Q12305	4244
YOR286W	Q08742	4245
YOR288C	Q12404	4246
YOR289W	Q12012	4247
YOR290C	P22082	4248
YOR292C	Q08743	4249
YOR294W	Q08746	4250
YOR297C	Q08749	4251
YOR298C-A	O14467	4252
YOR298W	Q08750	4253
YOR299W	Q08754	4254
YOR300W	Q08756	4255
YOR302W	P08521	4256
YOR303W	P07258	4257
YOR304W	Q08773	4258
YOR307C	P22215	4259
YOR308C	Q12420	4260
YOR309C	Q12444	4261
YOR310C	Q12499	4262
YOR311C	Q12382	4263
YOR314W	P0C5R0	4264
YOR315W	Q12507	4265
YOR316C	P32798	4266
YOR317W	P30624	4267
YOR318C	Q99318	4268
YOR319W	Q99181	4269
YOR320C	Q12096	4270
YOR321W	P47190	4271
YOR323C	P54885	4272
YOR324C	Q99332	4273
YOR325W	Q12261	4274
YOR327C	P33328	4275
YOR329C	P34758	4276
YOR331C	Q08786	4277
YOR332W	P22203	4278
YOR333C	Q08789	4279
YOR334W	Q01926	4280
YOR335C	P40825	4281
YOR336W	P22023	4282
YOR340C	P46669	4283
YOR341W	P10964	4284
YOR344C	P33122	4285
YOR345C	Q08811	4286
YOR346W	P12689	4287
YOR348C	P15380	4288
YOR349W	P40987	4289
YOR350C	P24720	4290
YOR351C	P24719	4291
YOR353C	Q08817	4292
YOR354C	Q08818	4293
YOR355W	P41913	4294
YOR358W	Q02516	4295
YOR359W	Q08831	4296
YOR361C	P06103	4297
YOR362C	P21242	4298
YOR363C	P52960	4299
YOR364W	Q08842	4300
YOR366W	Q08872	4301
YOR367W	Q08873	4302
YOR368W	P48581	4303
YOR370C	P32864	4304
YOR371C	Q08886	4305
YOR373W	P32336	4306
YOR374W	P46367	4307
YOR375C	P07262	4308
YOR377W	P40353	4309
YOR378W	Q08902	4310
YOR379C	Q08903	4311
YOR380W	Q08904	4312
YOR381W	Q08905	4313
YOR382W	Q08906	4314
YOR383C	Q08907	4315
YOR384W	Q08908	4316
YOR385W	Q08909	4317
YOR387C	Q08910	4318
YOR388C	Q08911	4319
YOR389W	Q08912	4320
YOR390W	Q08913	4321
YOR392W	Q08915	4322
YPL001W	Q12341	4323
YPL002C	Q12483	4324
YPL003W	Q12059	4325
YPL004C	Q12230	4326
YPL005W	Q12089	4327
YPL007C	Q12308	4328
YPL008W	P22516	4329
YPL010W	P53600	4330
YPL011C	Q12297	4331
YPL012W	Q12754	4332
YPL013C	Q02608	4333
YPL014W	Q02606	4334
YPL016W	P09547	4335
YPL018W	Q02732	4336
YPL019C	Q02725	4337
YPL020C	Q02724	4338
YPL022W	P06777	4339
YPL023C	P46151	4340
YPL024W	Q02685	4341
YPL025C	Q02659	4342
YPL026C	Q12505	4343
YPL027W	Q02651	4344
YPL028W	P41338	4345
YPL029W	P32580	4346
YPL031C	P17157	4347
YPL032C	Q03088	4348
YPL034W	Q03083	4349
YPL036W	P19657	4350
YPL037C	Q02642	4351
YPL038W	Q03081	4352
YPL040C	P48526	4353
YPL042C	P39073	4354
YPL043W	P37838	4355
YPL045W	Q03308	4356
YPL046C	Q03071	4357
YPL049C	Q03063	4358
YPL050C	P39107	4359
YPL051W	Q02804	4360
YPL052W	Q02803	4361
YPL053C	P54070	4362
YPL055C	Q02796	4363
YPL056C	Q02786	4364
YPL057C	P33300	4365
YPL059W	Q02784	4366
YPL060W	Q02783	4367
YPL063W	Q02776	4368
YPL064C	Q02770	4369
YPL065W	Q02767	4370
YPL066W	Q12194	4371
YPL067C	Q02754	4372
YPL068C	Q02749	4373
YPL070W	Q02866	4374
YPL071C	Q02864	4375
YPL073C	P40323	4376
YPL074W	P40328	4377
YPL075W	P07261	4378
YPL076W	P46961	4379
YPL077C	Q02831	4380
YPL078C	P05626	4381
YPL082C	P32333	4382
YPL083C	Q02825	4383
YPL084W	P48582	4384
YPL085W	P48415	4385
YPL086C	Q02908	4386
YPL087W	Q02896	4387
YPL088W	Q02895	4388
YPL089C	Q12224	4389
YPL091W	P41921	4390
YPL092W	P41930	4391
YPL093W	Q02892	4392
YPL094C	P21825	4393
YPL095C	Q02891	4394
YPL096W	Q02890	4395
YPL097W	P48527	4396
YPL098C	Q02889	4397
YPL101W	Q02884	4398
YPL105C	Q02875	4399
YPL106C	P32589	4400
YPL107W	Q02873	4401
YPL108W	Q02872	4402
YPL110C	Q02979	4403
YPL111W	P00812	4404
YPL112C	Q02969	4405
YPL113C	Q02961	4406
YPL114W	O13518	4407
YPL115C	P32873	4408
YPL118W	Q02950	4409
YPL119C	P24784	4410
YPL120W	Q02948	4411
YPL121C	P32489	4412
YPL122C	Q02939	4413
YPL124W	P33419	4414
YPL125W	Q02932	4415
YPL126W	Q02931	4416
YPL127C	P53551	4417
YPL128C	Q02457	4418
YPL129W	P35189	4419
YPL130W	Q03029	4420
YPL131W	P26321	4421
YPL132W	P19516	4422
YPL133C	P19541	4423
YPL134C	Q03028	4424
YPL135W	Q03020	4425
YPL136W	O13519	4426
YPL138C	Q03012	4427
YPL139C	Q03010	4428
YPL140C	P32491	4429
YPL145C	P35844	4430
YPL146C	Q12080	4431
YPL147W	P41909	4432
YPL149W	Q12380	4433
YPL150W	Q12152	4434
YPL151C	Q12417	4435
YPL152W	Q12461	4436
YPL153C	P22216	4437
YPL154C	P07267	4438
YPL155C	P28743	4439
YPL156C	Q12498	4440
YPL157W	Q12052	4441
YPL158C	Q99299	4442
YPL159C	Q99373	4443
YPL160W	P26637	4444
YPL161C	P39011	4445
YPL162C	Q12042	4446
YPL163C	Q12254	4447
YPL164C	Q12083	4448
YPL166W	Q12092	4449
YPL169C	Q99257	4450
YPL170W	Q12091	4451
YPL171C	P41816	4452
YPL172C	P21592	4453
YPL174C	P33420	4454
YPL175W	P32363	4455
YPL177C	P41817	4456
YPL178W	Q08920	4457
YPL179W	P32945	4458
YPL180W	Q08921	4459
YPL181W	Q08923	4460
YPL183W-A	O14464	4461
YPL187W	P01149	4462
YPL188W	Q06892	4463
YPL189W	Q08929	4464
YPL190C	P38996	4465
YPL191C	Q08930	4466
YPL192C	Q08931	4467
YPL193W	Q08932	4468
YPL194W	Q08949	4469
YPL195W	Q08951	4470
YPL196W	Q08952	4471
YPL200W	Q08955	4472
YPL201C	Q08956	4473
YPL203W	P06245	4474
YPL204W	P29295	4475
YPL205C	Q08958	4476
YPL207W	Q08960	4477
YPL208W	Q08961	4478
YPL209C	P38991	4479
YPL210C	P38688	4480
YPL211W	Q08962	4481
YPL212C	Q12211	4482
YPL213W	Q08963	4483
YPL214C	P41835	4484
YPL215W	P21560	4485
YPL216W	Q08964	4486
YPL217C	Q08965	4487
YPL218W	P20606	4488
YPL219W	Q08966	4489
YPL221W	Q08967	4490
YPL222W	Q08968	4491
YPL224C	Q08970	4492
YPL226W	Q08972	4493
YPL227C	P40350	4494
YPL228W	O13297	4495
YPL229W	Q99395	4496
YPL231W	P19097	4497
YPL232W	P32867	4498
YPL234C	P32842	4499
YPL235W	Q12464	4500
YPL236C	Q12003	4501
YPL237W	P09064	4502
YPL238C	Q99401	4503
YPL240C	P02829	4504
YPL241C	P46670	4505
YPL242C	Q12280	4506
YPL243W	P38687	4507
YPL244C	Q12520	4508
YPL245W	Q12179	4509
YPL246C	Q12270	4510
YPL247C	Q12523	4511
YPL248C	P04386	4512
YPL249C	Q12344	4513
YPL249C-A	O14455	4514
YPL251W	Q12058	4515
YPL252C	Q12184	4516
YPL253C	Q12045	4517
YPL254W	Q12060	4518
YPL255W	Q12365	4519
YPL256C	P20438	4520
YPL257W	Q12414	4521
YPL258C	Q08975	4522
YPL259C	Q00776	4523
YPL260W	Q08977	4524
YPL262W	P08417	4525
YPL263C	Q08979	4526
YPL264C	Q08980	4527
YPL265W	P53388	4528
YPL266W	P41819	4529
YPL269W	P32526	4530
YPL270W	P33311	4531
YPL271W	P21306	4532
YPL274W	Q08986	4533
YPL276W	P0CF36	4534
YPR001W	P43635	4535
YPR003C	P53394	4536
YPR004C	Q12480	4537
YPR006C	Q12031	4538
YPR008W	Q12753	4539
YPR010C	P22138	4540
YPR011C	Q12251	4541
YPR014C	Q6B0W2	4542
YPR015C	Q12531	4543
YPR016C	Q12522	4544
YPR017C	P32601	4545
YPR018W	Q12495	4546
YPR019W	P30665	4547
YPR020W	Q12233	4548
YPR021C	Q12482	4549
YPR023C	Q12432	4550
YPR025C	P37366	4551
YPR028W	Q12402	4552
YPR029C	Q12028	4553
YPR030W	Q12734	4554
YPR031W	Q12311	4555
YPR032W	Q12038	4556
YPR033C	P07263	4557
YPR034W	Q12406	4558
YPR035W	P32288	4559
YPR036W	P41807	4560
YPR037C	Q12284	4561
YPR040W	Q12199	4562
YPR041W	P38431	4563
YPR045C	Q12049	4564
YPR046W	Q12262	4565
YPR047W	P08425	4566
YPR048W	Q12181	4567
YPR049C	Q12527	4568
YPR050C	A0A023PZM3	4569
YPR051W	Q03503	4570
YPR054W	P41808	4571
YPR055W	P32855	4572
YPR056W	Q12004	4573
YPR057W	Q99177	4574
YPR058W	P32331	4575
YPR062W	Q12178	4576
YPR063C	Q12160	4577
YPR065W	P25042	4578
YPR066W	Q99344	4579
YPR067W	Q12425	4580
YPR069C	Q12074	4581
YPR070W	Q12321	4582
YPR071W	Q12346	4583
YPR072W	Q12514	4584
YPR073C	P40347	4585
YPR074C	P23254	4586
YPR076W	O13582	4587
YPR077C	O13583	4588
YPR078C	Q06813	4589
YPR079W	Q06815	4590
YPR082C	Q06819	4591
YPR083W	Q06820	4592
YPR084W	Q06821	4593
YPR085C	Q06822	4594
YPR086W	P29055	4595
YPR088C	P20424	4596
YPR090W	O13585	4597
YPR093C	Q06834	4598
YPR094W	Q06835	4599
YPR096C	O13587	4600
YPR099C	O13548	4601
YPR100W	Q06090	4602
YPR101W	Q06091	4603
YPR102C	P0C0W9	4604
YPR103W	P30656	4605
YPR104C	P39521	4606
YPR105C	Q06096	4607
YPR106W	Q06098	4608
YPR107C	Q06102	4609
YPR108W	Q06103	4610
YPR110C	P07703	4611
YPR111W	P32328	4612
YPR112C	Q06106	4613
YPR113W	P06197	4614
YPR114W	Q06107	4615
YPR115W	Q06108	4616
YPR118W	Q06489	4617
YPR119W	P24869	4618
YPR120C	P30283	4619
YPR121W	Q06490	4620
YPR122W	P40851	4621
YPR123C	O13566	4622
YPR124W	P49573	4623
YPR126C	O13567	4624
YPR128C	Q06497	4625
YPR130C	O13568	4626
YPR132W	P0CX30	4627
YPR133C	Q06505	4628
YPR134W	P08593	4629
YPR135W	Q01454	4630
YPR136C	O13569	4631
YPR137W	Q06506	4632
YPR138C	P53390	4633
YPR141C	P17119	4634
YPR143W	Q06511	4635
YPR144C	Q06512	4636
YPR145W	P49089	4637
YPR148C	Q06523	4638
YPR149W	Q12207	4639
YPR152C	Q06525	4640
YPR154W	Q06449	4641
YPR155C	Q12374	4642
YPR156C	Q06451	4643
YPR157W	Q06466	4644
YPR159W	P32486	4645
YPR160W	P06738	4646
YPR161C	P23293	4647
YPR162C	P54791	4648
YPR163C	P34167	4649
YPR164W	Q06211	4650
YPR165W	P06780	4651
YPR167C	P18408	4652
YPR168W	Q06213	4653
YPR169W	Q06214	4654
YPR171W	Q06604	4655
YPR172W	Q06608	4656
YPR173C	P52917	4657
YPR174C	Q06616	4658
YPR175W	P24482	4659
YPR176C	P20133	4660
YPR177C	O13575	4661
YPR178W	P20053	4662
YPR179C	Q06623	4663
YPR180W	Q06624	4664
YPR181C	P15303	4665
YPR182W	P54999	4666
YPR183W	P14020	4667
YPR184W	Q06625	4668
YPR185W	Q06628	4669
YPR187W	P20435	4670
YPR188C	Q06580	4671
YPR189W	P17883	4672
YPR190C	P32349	4673
YPR191W	P07257	4674
YPR192W	P0CD91	4675
YPR193C	Q06592	4676
YPR194C	Q06593	4677
YPR198W	P33335	4678
YPR199C	Q06596	4679
YPR201W	Q06598	4680
