YFL056C	YNL201C
YFL056C	YOL018C
YNL141W	YGR142W
YNL141W	YBR280C
YNL141W	YKL086W
YNL141W	YLR225C
YBL074C	YDR283C
YBL074C	YDL208W
YKL106W	YLR447C
YLR027C	YLR314C
YLR027C	YMR059W
YMR072W	YGL127C
YJR108W	YDL130W
YER045C	YOR059C
YNR016C	YER179W
YNR016C	YDR398W
YNR016C	YLR386W
YLR304C	YNL192W
YLR304C	YOR005C
YLR304C	YBR136W
YLR304C	YMR059W
YLR304C	YIL007C
YLR304C	YLR262C
YAL054C	YNL189W
YAL054C	YLR049C
YLR153C	YPR165W
YLR028C	YLR373C
YBR145W	YDR499W
YBR145W	YMR047C
YDR216W	YDL029W
YDR216W	YER177W
YDR216W	YGR252W
YDR216W	YPR086W
YDR216W	YGR274C
YDR216W	YBR198C
YCR010C	YJR040W
YCR010C	YCR061W
YMR064W	YOL123W
YLR397C	YLR074C
YLR397C	YMR047C
YLR397C	YAR044W
YDR085C	YMR059W
YBR132C	YHR042W
YDR214W	YBR217W
YDR214W	YKL011C
YDR214W	YJL030W
YDR214W	YDL200C
YDR214W	YHR030C
YDR214W	YOR212W
YMR092C	YLL050C
YMR092C	YNL138W
YIL079C	YAL041W
YIL079C	YML056C
YIL079C	YMR216C
YDL175C	YBL026W
YDL175C	YGR165W
YDL175C	YCR077C
YDL175C	YNL189W
YDL175C	YMR125W
YBR059C	YGR199W
YBR059C	YIL095W
YBR059C	YCL032W
YBR059C	YER144C
YDR264C	YDL226C
YDR264C	YOR101W
YDR264C	YOR212W
YDR264C	YOR043W
YDR264C	YHR135C
YOR034C	YOR171C
YOR034C	YER144C
YOR374W	YLR447C
YER073W	YEL042W
YER073W	YML032C
YER073W	YPR086W
YPL227C	YBR290W
YPL227C	YBR036C
YPL227C	YGL200C
YPL227C	YIL097W
YPL227C	YMR215W
YPL227C	YCR024C-A
YPL227C	YEL017C-A
YPL227C	YJL026W
YPL227C	YPR198W
YPL227C	YJR010C-A
YPL227C	YEL002C
YPL227C	YHR140W
YPL227C	YBR183W
YNL219C	YGR149W
YOL130W	YIL009W
YOL130W	YGL025C
YOL130W	YGL024W
YGR225W	YKL022C
YBR158W	YDR111C
YGL156W	YOL082W
YGL156W	YKL103C
YPR128C	YAR027W
YPR128C	YAR028W
YPR128C	YGL114W
YDL008W	YDR118W
YDL008W	YKL022C
YDL008W	YHR166C
YDL008W	YFR036W
YDL008W	YBL084C
YDR118W	YHR166C
YDR118W	YFR036W
YDR118W	YBL084C
YBR286W	YDR311W
YBR217W	YHR171W
YBR217W	YGL105W
YBR217W	YDR127W
YBR217W	YDL029W
YBR217W	YLR423C
YBR217W	YNR007C
YBR217W	YLR438W
YBR217W	YLR216C
YBR217W	YGL078C
YBR217W	YKL104C
YBR217W	YBR011C
YBR217W	YIL125W
YBR217W	YMR047C
YBR217W	YHR201C
YBR217W	YEL060C
YBR217W	YAR031W
YBR217W	YDR465C
YBR217W	YHR200W
YBR217W	YFR004W
YBR217W	YHR027C
YBR217W	YER021W
YBR217W	YDL147W
YBR217W	YDL097C
YBR217W	YOR086C
YBR217W	YJL138C
YBR217W	YHR033W
YBR217W	YLR424W
YBR217W	YNL208W
YHR171W	YNR007C
YHR171W	YBL078C
YHR171W	YKL134C
YKL135C	YPR029C
YKL135C	YHL019C
YKL135C	YLR170C
YKL135C	YGL206C
YKL135C	YOL108C
YKL135C	YPR010C
YKL135C	YBL025W
YKL135C	YNL189W
YPR029C	YHL019C
YPR029C	YLR170C
YPR029C	YFR043C
YHL019C	YLR170C
YHL019C	YBR019C
YBR043C	YGR157W
YBR043C	YJL155C
YPR192W	YGR295C
YPR192W	YPL189W
YPR192W	YPR156C
YPR192W	YHR140W
YIL062C	YKL013C
YIL062C	YDL029W
YIL062C	YJR065C
YKL013C	YDL029W
YKL013C	YJR065C
YKL013C	YMR109W
YKL013C	YDR063W
YGL105W	YML095C
YGL105W	YMR059W
YNR019W	YOR381W
YNR019W	YDL006W
YNR019W	YJR117W
YDL137W	YHR188C
YDL137W	YDR007W
YDL137W	YGR052W
YOL058W	YNL189W
YHR018C	YNL189W
YDR173C	YDL017W
YDR173C	YMR043W
YNL020C	YGR241C
YNL020C	YDR259C
YPL051W	YER044C
YPL051W	YKR030W
YPL051W	YPR086W
YDR127W	YKL104C
YDR127W	YHR082C
YDR127W	YFR024C-A
YDR127W	YJR022W
YDR127W	YER095W
YDR127W	YGL048C
YDR127W	YDR260C
YBR249C	YOR050C
YHR137W	YBR198C
YHR137W	YMR152W
YDR106W	YLR222C
YDL029W	YJR065C
YDL029W	YBR039W
YDL029W	YNL161W
YDL029W	YBR208C
YDL029W	YNL084C
YDL029W	YKL104C
YDL029W	YLR309C
YDL029W	YPL140C
YDL029W	YMR109W
YDL029W	YPR178W
YDL029W	YLL013C
YDL029W	YOR261C
YDL029W	YOR259C
YDL029W	YHR030C
YDL029W	YNL189W
YDL029W	YOR212W
YDL029W	YDR260C
YDL029W	YKL211C
YJR065C	YMR109W
YJR065C	YNR053C
YJR065C	YPR086W
YMR033W	YBR289W
YPR199C	YMR325W
YPR201W	YGR174C
YPR201W	YGL200C
YPR201W	YDR039C
YPR201W	YPR079W
YPR201W	YLR171W
YDL100C	YHR057C
YDL100C	YDR304C
YDL100C	YGR189C
YDL100C	YML101C
YDL100C	YPR037C
YDL100C	YHR005C
YDL100C	YML048W
YDL100C	YBL076C
YDL100C	YOL126C
YDL100C	YKL062W
YDL100C	YNL055C
YDL100C	YER083C
YDL100C	YDR513W
YDL100C	YDR259C
YDL100C	YBR014C
YDL100C	YDL121C
YDL100C	YDR431W
YDL100C	YOL111C
YDL100C	YOL159C
YDL100C	YOR164C
YLR242C	YBR023C
YNL159C	YER022W
YNL008C	YCR098C
YNL008C	YBR298C
YKL052C	YDR016C
YKL052C	YMR077C
YDR321W	YML064C
YDR321W	YGL095C
YDR184C	YJR022W
YDR184C	YIR009W
YOR377W	YGL127C
YOR377W	YHR178W
YPR185W	YEL013W
YLR423C	YMR213W
YLR423C	YMR025W
YLR423C	YKL002W
YLR423C	YHR043C
YLR423C	YPR179C
YLR423C	YMR032W
YLR423C	YNL182C
YLR423C	YDR148C
YLR423C	YHR023W
YLR423C	YDR176W
YLR423C	YPL174C
YLR423C	YNL078W
YLR423C	YDR383C
YLR423C	YJL041W
YLR423C	YGR119C
YLR423C	YDR228C
YLR423C	YOR158W
YLR423C	YDR473C
YLR423C	YAL032C
YLR423C	YPR165W
YLR423C	YHR197W
YLR423C	YGL127C
YLR423C	YPL124W
YLR423C	YBL106C
YLR423C	YCL032W
YLR423C	YML064C
YLR423C	YDR311W
YLR423C	YGL212W
YLR423C	YDR259C
YLR423C	YDR357C
YLR423C	YLL049W
YLR423C	YLR108C
YLR423C	YMR124W
YLR423C	YMR204C
YLR423C	YOR164C
YLR423C	YPL159C
YDL113C	YPL174C
YDL113C	YBL025W
YDL113C	YLR424W
YLR189C	YBL038W
YNL242W	YJR022W
YNR007C	YBL078C
YNR007C	YOR160W
YNR007C	YMR047C
YNL223W	YBL078C
YNL223W	YFL037W
YDL149W	YKL064W
YDR384C	YNR060W
YDR384C	YBR199W
YDR384C	YPR156C
YLR295C	YIL124W
YLR295C	YIL004C
YLR295C	YJL058C
YLR295C	YIL111W
YLR295C	YMR238W
YLR295C	YKL002W
YLR295C	YHR193C
YLR295C	YDL045C
YLR295C	YML121W
YLR295C	YJL044C
YLR295C	YNL009W
YLR295C	YKL103C
YLR295C	YJL100W
YLR295C	YNL328C
YLR295C	YBR193C
YLR295C	YIL051C
YLR295C	YMR177W
YLR295C	YDL148C
YLR295C	YIL050W
YLR295C	YKL127W
YLR295C	YJL166W
YLR295C	YJL140W
YLR295C	YGL048C
YLR295C	YLR141W
YLR295C	YPL124W
YLR295C	YML034W
YLR295C	YIL143C
YLR295C	YPR086W
YLR295C	YNL066W
YLR295C	YJR009C
YLR295C	YDR007W
YLR295C	YKL080W
YLR295C	YJR102C
YLR295C	YAR035W
YLR295C	YDR445C
YLR295C	YDR455C
YLR295C	YFR043C
YLR295C	YGL010W
YLR295C	YGR122W
YLR295C	YGR153W
YLR295C	YHR138C
YLR295C	YHR140W
YLR295C	YNL263C
YLR295C	YIL059C
YLR295C	YIL157C
YLR295C	YMR152W
YLR295C	YIR036C
YLR295C	YJL067W
YLR295C	YJR083C
YLR295C	YKL088W
YLR295C	YLR455W
YLR295C	YLR460C
YLR295C	YML079W
YLR295C	YMR090W
YLR295C	YMR141C
YLR295C	YOL008W
YLR295C	YPR118W
YDR377W	YML081C-A
YDR377W	YPL078C
YDR377W	Q0085
YML081C-A	Q0085
YBR039W	YHR197W
YBR039W	YMR059W
YBR039W	YOL087C
YPL078C	Q0085
YPL078C	YER100W
YPL078C	YMR284W
YOR079C	YGR295C
YOR079C	YPR198W
YOR079C	YPR086W
YCL038C	YHR178W
YBL078C	YIL004C
YBL078C	YLR093C
YIL124W	YLR447C
YOR134W	YDR192C
YHR208W	YJR148W
YHR208W	YDL220C
YJR148W	YHR152W
YJR148W	YER022W
YPL255W	YPL124W
YPL255W	YML064C
YPL255W	YLR392C
YPL255W	YFR049W
YER167W	YOL108C
YIL033C	YMR022W
YIL033C	YBL106C
YIL033C	YNL189W
YIL033C	YPR086W
YIL033C	YJL164C
YIL033C	YPL203W
YIL033C	YHR135C
YIL033C	YNL093W
YER155C	YAR014C
YER155C	YBL038W
YER155C	YBR251W
YER155C	YNL201C
YER155C	YPR088C
YER155C	YOL087C
YPL161C	YAL041W
YPL161C	YIL150C
YPL161C	YPR165W
YPL161C	YGR152C
YPL161C	YDR218C
YPL161C	YLR049C
YIL004C	YLR078C
YIL004C	YFR051C
YIL004C	YPL218W
YIL004C	YPR181C
YIL004C	YIL109C
YIL004C	YAR027W
YIL004C	YDR100W
YJL058C	YNL201C
YJL058C	YNL189W
YJL058C	YML064C
YJL058C	YKL203C
YJL058C	YER093C
YJL058C	YLR373C
YJL058C	YLR447C
YJL058C	YGR071C
YJL058C	YNL092W
YFL007W	YGL011C
YFL007W	YML109W
YER177W	YPR030W
YER177W	YDL117W
YER177W	YLR258W
YER177W	YDR001C
YER177W	YDR028C
YER177W	YDR006C
YER177W	YNL189W
YER177W	YHL007C
YPL217C	YCR057C
YPL217C	YER082C
YBL098W	YDL226C
YFR047C	YLL046C
YFR047C	YNL189W
YLR078C	YMR047C
YLR078C	YMR257C
YLR078C	YMR297W
YLR078C	YFR051C
YLR078C	YPL218W
YLR078C	YPR181C
YLR078C	YIL109C
YLR078C	YBL007C
YLL015W	YJR022W
YLL015W	YDL138W
YPL084W	YPR173C
YBR290W	YPL132W
YBR290W	YGL012W
YBR290W	YGR284C
YBR290W	YMR215W
YBR290W	YPL076W
YBR290W	YML048W
YBR290W	YCR024C-A
YBR290W	YLR018C
YBR290W	YIL114C
YBR290W	YIL016W
YBR290W	YJR117W
YBR290W	YPR156C
YBR290W	YDL015C
YBR290W	YAL018C
YBR290W	YGL051W
YBR290W	YPR028W
YBR290W	YBR183W
YDR252W	YHR193C
YGR188C	YOR047C
YMR055C	YLR314C
YMR055C	YER143W
YMR055C	YML064C
YMR055C	YGR153W
YAR014C	YER054C
YAR014C	YMR071C
YAR014C	YOL154W
YNR027W	YCR077C
YLR074C	YHR052W
YLR074C	YLL050C
YLR074C	YDR155C
YLR074C	YDR036C
YLR074C	YHR059W
YLR074C	YDR174W
YLR074C	YEL034W
YLR074C	YHR085W
YLR074C	YNL182C
YLR074C	YBL026W
YLR074C	YKL085W
YLR074C	YLR106C
YLR074C	YNR053C
YLR074C	YLR196W
YLR074C	YHR197W
YLR074C	YNL002C
YLR074C	YKR081C
YLR074C	YBL044W
YLR074C	YCR072C
YLR074C	YFL006W
YKL092C	YCL027W
YKL092C	YPL095C
YCR063W	YMR213W
YCR038C	YEL061C
YCR038C	YDR532C
YCR038C	YDL065C
YGR041W	YBR298C
YGR041W	YPL251W
YER159C	YDR397C
YNL278W	YLR216C
YNL288W	YAL021C
YNL288W	YDL165W
YNL288W	YCR093W
YNL288W	YGR092W
YNL288W	YER068W
YNL288W	YPR072W
YNL288W	YNL091W
YNL288W	YNR052C
YNL288W	YER022W
YNL288W	YPR086W
YER048C	YDR342C
YFL029C	YPR054W
YIL034C	YDL165W
YIL034C	YCL035C
YIL034C	YBR119W
YIL034C	YBR188C
YIL034C	YAL014C
YIL034C	YBR173C
YIL034C	YBR096W
YIL034C	YCL022C
YPL111W	YKL104C
YPL111W	YEL034W
YPL111W	YBR011C
YPL111W	YGR136W
YPL111W	YKL085W
YPL111W	YNL189W
YPL111W	YML064C
YLR438W	YHR169W
YLR438W	YLR186W
YLR438W	YLL019C
YLR438W	YGR010W
YLR438W	YPR165W
YLR438W	YMR059W
YLR438W	YHR135C
YML042W	YDL065C
YML042W	YDR244W
YML042W	YNL189W
YML042W	YNL046W
YMR280C	YOR047C
YPL178W	YBR119W
YPL178W	YPL190C
YPL178W	YNL251C
YPL178W	YML049C
YPL178W	YDR240C
YPL178W	YNL189W
YPL178W	YMR125W
YPL178W	YER011W
YNL161W	YBR018C
YNL161W	YEL060C
YNL161W	YDR293C
YNL161W	YMR304W
YNL161W	YLR447C
YNL161W	YIR016W
YGR174C	YDL054C
YGR174C	YLL028W
YKL208W	YPR086W
YKL011C	YDR155C
YKL011C	YBR278W
YKL011C	YGL121C
YKL011C	YNL014W
YKL011C	YBR010W
YKL011C	YKL073W
YKL011C	YMR201C
YKL011C	YGR184C
YKL011C	YHR033W
YPR025C	YOR173W
YPR025C	YDR508C
YPR025C	YDL108W
YPR025C	YPL031C
YPR025C	YDR460W
YPR025C	YLR373C
YKR066C	YJR048W
YAL021C	YDR188W
YAL021C	YDL165W
YAL021C	YCR093W
YAL021C	YGR092W
YAL021C	YER068W
YAL021C	YPR072W
YAL021C	YGR086C
YAL021C	YNR052C
YAL021C	YCL028W
YAL021C	YPL042C
YAL021C	YNL025C
YAL021C	YOR027W
YAL021C	YGR184C
YIL142W	YGL190C
YIL142W	YJL106W
YIL142W	YNL317W
YIL142W	YLR196W
YIL142W	YOR212W
YIL142W	YMR054W
YIL142W	YBR198C
YIL142W	YER082C
YIL142W	YOR230W
YJL014W	YGL190C
YJL014W	YLR196W
YJL014W	YOR212W
YJL014W	YBR198C
YJL014W	YER082C
YJL014W	YOR230W
YDR188W	YGL190C
YDR188W	YNL317W
YDR188W	YLR196W
YDR188W	YOR212W
YDR188W	YMR028W
YDR188W	YER082C
YDR188W	YOR230W
YDR188W	YOR229W
YDR188W	YDR128W
YJL111W	YMR028W
YLR110C	YLR453C
YBR131W	YPL045W
YBR131W	YML001W
YLR308W	YGL084C
YDL220C	YDR155C
YDL220C	YLR233C
YDL220C	YLR010C
YKL022C	YHR166C
YKL022C	YFR036W
YKL022C	YBL084C
YKL022C	YDR369C
YAL038W	YNL307C
YHR166C	YFR036W
YHR166C	YBL084C
YHR166C	YPR119W
YHR166C	YEL034W
YHR166C	YPL124W
YHR166C	YER161C
YHR166C	YDR260C
YAL041W	YJL157C
YAL041W	YGR152C
YAL041W	YGL233W
YAL041W	YGL127C
YAL041W	YHL007C
YAL041W	YOR212W
YAL041W	YJL187C
YAL041W	YGL052W
YAL041W	YMR298W
YLR310C	YPL240C
YLR310C	YOR101W
YLR310C	YNL098C
YLR310C	YAL005C
YLR310C	YBL075C
YFR036W	YBL084C
YOR257W	YDR356W
YDR054C	YDR328C
YDR054C	YIL148W
YDL165W	YCR093W
YDL165W	YKL002W
YDL165W	YER068W
YDL165W	YPR072W
YDL165W	YGL127C
YDL165W	YPL042C
YDL165W	YNL025C
YDL165W	YLR125W
YDR168W	YKL139W
YDR168W	YPL240C
YDR168W	YOR027W
YCR093W	YER068W
YCR093W	YPR072W
YCR093W	YNR052C
YCR093W	YPL042C
YCR093W	YNL025C
YCR093W	YML015C
YCR093W	YGR274C
YCR093W	YPL011C
YCR093W	YOR110W
YCR093W	YJL141C
YLR314C	YLR254C
YLR274W	YBL023C
YLR274W	YGL201C
YDL126C	YKL213C
YDL126C	YBR170C
YDL126C	YDR028C
YDL126C	YIL148W
YDL126C	YGR048W
YDL126C	YDR049W
YGL190C	YJR138W
YGL190C	YMR109W
YGL190C	YDL134C
YGL190C	YAL016W
YGL190C	YLR373C
YGL190C	YHR033W
YGL190C	YDR381W
YGL190C	YML109W
YMR001C	YNL189W
YMR001C	YJL187C
YMR001C	YDR229W
YMR001C	YNL092W
YJL194W	YBL023C
YJL194W	YML065W
YJL194W	YBR060C
YJL194W	YLL004W
YJL194W	YDR196C
YDL017W	YDL160C
YDL017W	YBL023C
YDL017W	YLR134W
YDL017W	YPL218W
YDL017W	YOR027W
YDL017W	YIL148W
YDL017W	YLR386W
YDL017W	YCR022C
YDL017W	YOR006C
YBR029C	YCR061W
YMR213W	YGR278W
YMR213W	YBR065C
YMR213W	YJR050W
YMR213W	YNR011C
YMR213W	YAL032C
YMR213W	YML049C
YMR213W	YPR101W
YMR213W	YGR129W
YLR115W	YKR002W
YLR115W	YDR228C
YLR115W	YNL317W
YLR115W	YGR156W
YLR115W	YMR061W
YLR115W	YNL222W
YLR115W	YKL018W
YLR115W	YLR277C
YLR115W	YPR107C
YGL206C	YHR108W
YGL206C	YBR169C
YER164W	YOR039W
YER164W	YOR304W
YER164W	YKR001C
YBR274W	YKL104C
YBR274W	YMR255W
YBR274W	YLR258W
YBR274W	YBL052C
YBR274W	YLR152C
YPL008W	YOL150C
YDR254W	YIL111W
YER026C	YBR036C
YER026C	YMR215W
YER026C	YPL076W
YER026C	YLR292C
YER026C	YJR010C-A
YER026C	YEL002C
YER026C	YDR307W
YER026C	YHR140W
YER026C	YIL171W
YNL192W	YHR082C
YBR038W	YPR106W
YBR038W	YCL022C
YBR023C	YJR117W
YJL099W	YDR079W
YJL099W	YLR424W
YHR052W	YOR005C
YHR052W	YKL172W
YHR052W	YDR060W
YHR052W	YKR081C
YPL241C	YNR011C
YOR028C	YJL057C
YOR028C	YGL154C
YOR028C	YER022W
YOR028C	YLR373C
YOR028C	YLR447C
YOR028C	YLR247C
YOR028C	YLR446W
YOR028C	YNL092W
YEL061C	YLR453C
YEL061C	YER082C
YEL061C	YLR454W
YEL061C	YMR124W
YPR001W	YER103W
YOR039W	YFR024C-A
YOR039W	YER112W
YOR039W	YPL174C
YOR039W	YNL330C
YOR039W	YGL207W
YOR039W	YER022W
YOR039W	YER103W
YOR039W	YKL088W
YOR039W	YGR270W
YPR119W	YBR024W
YPR119W	YJL187C
YPR119W	YIL148W
YPR119W	YHR035W
YOL016C	YGL127C
YLR433C	YKL190W
YLR433C	YNL027W
YLR433C	YIR009W
YLR433C	YLR453C
YLR433C	YDL186W
YLR433C	YNL047C
YKL190W	YMR211W
YBR155W	YLL026W
YBR155W	YPL240C
YBR155W	YLR355C
YBR155W	YDR463W
YLL050C	YGL241W
YLL050C	YLR453C
YLL050C	YMR059W
YLL050C	YNL138W
YLL050C	YML064C
YLL050C	YGL179C
YNL041C	YIL144W
YNL041C	YLR386W
YNL041C	YDR229W
YGL005C	YGR119C
YGL005C	YLR453C
YNR041C	YLR222C
YNR041C	YLR373C
YBL045C	YNL118C
YBL045C	YMR036C
YBL045C	YMR047C
YBL045C	YDL179W
YBL045C	YMR059W
YBL045C	YPR054W
YBL045C	YML064C
YBR302C	YDR311W
YBR302C	YLL028W
YBR302C	YPL105C
YGR295C	YML048W
YGR295C	YDL128W
YGR295C	YGL051W
YGR295C	YMR221C
YPL132W	YDR178W
YGR062C	YDL193W
YIL111W	YAR027W
YDR155C	YIL112W
YDR155C	YOL068C
YDR155C	YKL103C
YDR155C	YDL200C
YDR155C	YMR036C
YDR155C	YML095C
YDR155C	YMR059W
YDR155C	YBR103W
YDR155C	YOR290C
YDR155C	YML064C
YDR155C	YNL157W
YHR057C	YLR373C
YHR057C	YKL023W
YML078W	YML064C
YLR216C	YPL240C
YLR216C	YIR037W
YLR216C	YNR032W
YLR216C	YHR074W
YLR216C	YNL330C
YLR216C	YKL117W
YLR216C	YHR030C
YLR216C	YDR398W
YLR216C	YDR128W
YLR216C	YOR154W
YLR216C	YOR220W
YNR028W	YGL127C
YNR028W	YIL023C
YNR028W	YIL092W
YNR028W	YJL045W
YJL172W	YIL148W
YGR189C	YNL092W
YNL027W	YER120W
YNL027W	YHR207C
YNR010W	YDL005C
YNR010W	YOL135C
YNR010W	YNL055C
YNR010W	YBL093C
YNR010W	YGL127C
YNR010W	YBR253W
YBR036C	YGR284C
YBR036C	YMR215W
YBR036C	YPL076W
YBR036C	YML048W
YBR036C	YJL214W
YBR036C	YHL003C
YBR036C	YDR276C
YBR036C	YLR018C
YBR036C	YIL114C
YBR036C	YPR198W
YBR036C	YIL016W
YBR036C	YJR117W
YBR036C	YDL015C
YBR036C	YAL018C
YBR036C	YBR161W
YBR036C	YLL048C
YBR036C	YDR307W
YBR036C	YGL051W
YBR036C	YHR140W
YMR025W	YNR052C
YMR025W	YDL216C
YPR030W	YOR043W
YLR394W	YMR224C
YLR394W	YDL154W
YLR394W	YER095W
YLR394W	YDR004W
YLR394W	YDR285W
YDR256C	YGL153W
YDR256C	YNL189W
YLR381W	YAR035W
YKL139W	YML112W
YKL139W	YBR169C
YML112W	YNL118C
YML112W	YDR169C
YML112W	YKL210W
YLR411W	YDL015C
YCR054C	YMR032W
YCR054C	YDL097C
YMR264W	YPL076W
YMR264W	YBR298C
YMR264W	YLR018C
YMR264W	YJR010C-A
YMR264W	YLL028W
YMR264W	YAR027W
YMR264W	YEL002C
YML101C	YJR102C
YOL082W	YPL091W
YOL082W	YNL037C
YOL082W	YDR122W
YOL082W	YKL103C
YOL082W	YNL189W
YOL082W	YDR311W
YOL082W	YOR115C
YOL082W	YHR113W
YOL082W	YFR049W
YGR278W	YAL032C
YML054C	YPL063W
YOR037W	YPR086W
YOR037W	YDL199C
YBR112C	YCR096C
YBR112C	YGL035C
YBR112C	YDR043C
YOR065W	YOL073C
YDR016C	YKL002W
YDR016C	YGL044C
YIR028W	YJL183W
YJR152W	YPR003C
YNL314W	YOR047C
YNL314W	YJR066W
YPR111W	YHR193C
YGR092W	YOR317W
YGR092W	YNR052C
YGR092W	YDL147W
YGR092W	YPL042C
YGR092W	YDL185W
YGR092W	YKL061W
YGR092W	YLR424W
YPL119C	YBL026W
YNL112W	YDL195W
YKR024C	YLR233C
YKR024C	YHR082C
YKR024C	YDR215C
YHR169W	YNL014W
YHR169W	YIL125W
YHR169W	YMR105C
YHR169W	YCR057C
YHR169W	YJL026W
YHR169W	YHR027C
YHR169W	YPR121W
YHR169W	YJL138C
YHR169W	YDL086W
YHR169W	YKL075C
YOL149W	YNL118C
YOL149W	YDL160C
YOL149W	YDR206W
YOL149W	YBL026W
YOL149W	YER112W
YOL149W	YNL147W
YOL149W	YJR022W
YOL149W	YMR047C
YNL118C	YKR054C
YNL118C	YIR024C
YNL118C	YOL151W
YNL118C	YGL173C
YNL118C	YBL026W
YNL118C	YER112W
YNL118C	YJR022W
YNL118C	YDR060W
YNL118C	YDL116W
YNL118C	YCR077C
YNL118C	YGL014W
YNL118C	YKR031C
YNL118C	YGR116W
YNL118C	YBL054W
YNL118C	YCR076C
YOR173W	YHR152W
YOR173W	YJL141C
YER143W	YGL044C
YER143W	YIL148W
YER143W	YNR071C
YMR173W	YPR096C
YMR238W	YOL131W
YOR245C	YGL053W
YOR245C	YBL050W
YOR245C	YOR097C
YDL160C	YCL030C
YDL160C	YBL026W
YDL160C	YNL147W
YDL160C	YCR077C
YDL160C	YNR052C
YDL160C	YER125W
YDL160C	YLR373C
YDL024C	YEL017W
YPR082C	YNL147W
YPR082C	YFL017W-A
YKL002W	YER044C
YKL002W	YEL049W
YKL002W	YDL130W
YKL002W	YER104W
YKL002W	YOR047C
YKL002W	YER011W
YKL002W	YBR262C
YKL002W	YDL162C
YKL002W	YDR063W
YKL002W	YDR290W
YKL002W	YEL057C
YKL002W	YEL068C
YKL002W	YER084W
YKL002W	YER121W
YKL002W	YLR108C
YPL049C	YNL189W
YPL049C	YML064C
YPL049C	YFR049W
YPL265W	YCR098C
YPL265W	YGR165W
YPL265W	YLR222C
YER179W	YDL148C
YER179W	YNL055C
YER179W	YNL189W
YER179W	YML064C
YER179W	YKL211C
YER179W	YIL105C
YER179W	YNL013C
YER179W	YOR285W
YMR211W	YGR133W
YIL150C	YBL023C
YIL150C	YGL201C
YER166W	YGL200C
YOR005C	YIL125W
YOR005C	YCR014C
YOR005C	YKR081C
YOR005C	YGL146C
YKL213C	YHL002W
YKL213C	YPR010C
YDR069C	YBR221C
YDR069C	YBL064C
YDR069C	YDL147W
YDR069C	YER022W
YDR273W	YFR052W
YJL090C	YDL116W
YJL090C	YNL189W
YBR278W	YMR290C
YBR278W	YLR181C
YBR278W	YIL006W
YDR284C	YBR298C
YDR284C	YPR079W
YDR284C	YPL147W
YLL018C	YOR282W
YMR276W	YHR027C
YMR276W	YIL075C
YMR276W	YIL148W
YMR276W	YDL190C
YNL258C	YFL021W
YNL258C	YFR051C
YNL258C	YBL052C
YNL258C	YGL145W
YBR208C	YBR221C
YKR054C	YDL181W
YKR054C	YHR158C
YDR424C	YDR488C
YKL172W	YKR081C
YKL172W	YOR294W
YDR206W	YER027C
YDR206W	YJL030W
YDR206W	YBR057C
YDR206W	YOR047C
YBL001C	YNL189W
YBL001C	YPL068C
YLR390W	YDR145W
YHL030W	YBL056W
YHL030W	YHR200W
YHL030W	YFR004W
YHL030W	YFR052W
YHL030W	YDL147W
YHL030W	YDL097C
YHL030W	YOR261C
YLR299W	YOL137W
YER035W	YDR318W
YMR212C	YJL137C
YPL037C	YMR059W
YHR193C	YHR030C
YDR036C	YBR251W
YDR036C	YGL129C
YLR186W	YBR247C
YLR186W	YPL004C
YLR186W	YCR057C
YLR186W	YER030W
YDR516C	YNL032W
YGL200C	YGR284C
YGL200C	YMR215W
YGL200C	YML048W
YGL200C	YEL017C-A
YGL200C	YGL058W
YGL200C	YDL147W
YGL200C	YPL218W
YGL200C	YPR181C
YGL200C	YIL109C
YGL200C	YDL195W
YGL200C	YLR378C
YGL200C	YIL016W
YGL200C	YJR117W
YGL200C	YBR069C
YGL200C	YDL015C
YGL200C	YDL210W
YGL200C	YGL051W
YGL200C	YHR140W
YLR080W	YOL131W
YDR039C	YBR183W
YNL084C	YMR065W
YNL084C	YHR158C
YNL084C	YPL174C
YNL084C	YIR006C
YNL084C	YBL007C
YNL084C	YER022W
YGR254W	YJR045C
YBR247C	YHR148W
YBR247C	YJR002W
YBR247C	YOR056C
YBR247C	YDL148C
YBR247C	YBL056W
YBR247C	YCR057C
YBR247C	YER082C
YJR125C	YOR111W
YFL024C	YDR359C
YPL028W	YPR165W
YPL028W	YGR223C
YML126C	YKL125W
YML126C	YMR059W
YGL012W	YMR215W
YML008C	YLR292C
YML008C	YMR059W
YML008C	YJR010C-A
YML008C	YOR097C
YHR190W	YIR038C
YHR190W	YLR453C
YML130C	YML067C
YML130C	YAL042W
YML130C	YDR021W
YML130C	YCR057C
YCR075C	YDR456W
YGR284C	YML067C
YGR284C	YMR215W
YGR284C	YPL076W
YGR284C	YGR289C
YGR284C	YLL061W
YGR284C	YCR024C-A
YGR284C	YEL017C-A
YGR284C	YLR018C
YGR284C	YJR010C-A
YGR284C	YBR069C
YGR284C	YPR156C
YGR284C	YDL015C
YGR284C	YAR027W
YGR284C	YEL002C
YGR284C	YHR140W
YGR284C	YBR183W
YPR037C	YPR156C
YML067C	YAL042W
YML067C	YML048W
YML067C	YIL016W
YML067C	YJR010C-A
YML067C	YPL234C
YML067C	YAR028W
YML067C	YBR183W
YDR363W	YDR275W
YDR365C	YMR296C
YDR365C	YCR057C
YDR365C	YKR081C
YDR365C	YCR087W
YDR365C	YDR102C
YDR365C	YDR381W
YLR233C	YLR318W
YLR233C	YGL201C
YLR233C	YCL043C
YLR233C	YLR196W
YLR233C	YKR081C
YLR233C	YKL020C
YLR233C	YLR006C
YLR233C	YAL028W
YLR233C	YER077C
YLR233C	YML038C
YOR033C	YMR167W
YOR317W	YLR373C
YOR317W	YBR064W
YOR317W	YCR079W
YMR246W	YOL126C
YMR246W	YLR019W
YMR246W	YDR129C
YMR246W	YHR136C
YMR246W	YML064C
YMR246W	YDR398W
YFR019W	YOL135C
YDL045C	YGL127C
YNL127W	YMR052W
YNL127W	YGL251C
YNL127W	YLR371W
YNL127W	YGL131C
YNL127W	YBR169C
YNL127W	YAL016W
YNL127W	YDR050C
YNL127W	YDR200C
YJL157C	YBL026W
YJL157C	YNL189W
YJL157C	YOR212W
YJL157C	YMR304W
YMR052W	YLR453C
YMR052W	YDR200C
YMR052W	YDL133W
YLR377C	YML121W
YLR377C	YPL169C
YLR377C	YNL189W
YLR377C	YML064C
YJL155C	YER112W
YMR277W	YCR079W
YCR028C	YJL004C
YCR028C	YGL051W
YER032W	YCL027W
YER032W	YHR152W
YER032W	YDR259C
YER032W	YJR110W
YIL065C	YLR292C
YIL065C	YLR321C
YDR236C	YDR398W
YKL220C	YDR508C
YOR381W	YBR139W
YCL026C-A	YNL189W
YCL026C-A	YPR086W
YCL026C-A	YLR177W
YDR373W	YGL153W
YMR222C	YIL016W
YBR207W	YER021W
YBR207W	YGR152C
YBR207W	YOR068C
YPL262W	YML095C
YPL262W	YPR165W
YPL262W	YMR291W
YAL034C	YGR274C
YAL034C	YBR198C
YCL027W	YPR008W
YCL027W	YGR289C
YCL027W	YMR047C
YCL027W	YAL017W
YCL027W	YGR070W
YCL027W	YKR101W
YCL027W	YNL054W
YCL027W	YDL199C
YCL027W	YKR023W
YCL027W	YNL058C
YIL054W	YLR386W
YHR059W	YBR251W
YBR019C	YOL150C
YPL248C	YOR259C
YPL248C	YGL048C
YPL248C	YER022W
YPL248C	YGR104C
YPL248C	YBR253W
YPL248C	YPL042C
YPL248C	YPR086W
YBR018C	YHR030C
YBR018C	YPR054W
YER027C	YDR477W
YMR215W	YPL076W
YMR215W	YML048W
YMR215W	YIL114C
YMR215W	YKL006C-A
YMR215W	YIL016W
YMR215W	YJR117W
YMR215W	YPL234C
YMR215W	YLL028W
YMR215W	YPR156C
YMR215W	YDL015C
YMR215W	YGL198W
YMR215W	YHR140W
YMR215W	YJL091C
YMR215W	YPR028W
YFL021W	YGL011C
YFL021W	YJR066W
YDR283C	YPL240C
YDR283C	YPR178W
YDR283C	YNL213C
YEL009C	YPL038W
YEL009C	YDR176W
YEL009C	YDL097C
YEL009C	YER022W
YEL009C	YPL042C
YEL009C	YGR274C
YEL009C	YBR198C
YEL009C	YHR145C
YGR252W	YCL010C
YGR252W	YBR253W
YDL226C	YJL151C
YDL226C	YGL161C
YDL226C	YGL198W
YDL226C	YKL126W
YEL042W	YEL017W
YEL042W	YPR193C
YEL042W	YLR250W
YEL042W	YBR161W
YEL042W	YJL152W
YPR184W	YER054C
YPR184W	YBL026W
YPR184W	YJL141C
YER136W	YIR009W
YER136W	YMR047C
YER136W	YFL005W
YER136W	YLR362W
YER136W	YOR089C
YER136W	YKR014C
YER136W	YLR262C
YER136W	YML001W
YJR040W	YAR027W
YJR040W	YGL212W
YJR040W	YBL086C
YKL104C	YER095W
YKL104C	YHR200W
YKL104C	YDR311W
YKL104C	YBR238C
YKL104C	YGL081W
YMR255W	YDL207W
YMR255W	YDR192C
YMR255W	YHR016C
YER054C	YLR258W
YER054C	YKL085W
YML006C	YDR477W
YCR098C	YLR447C
YEL011W	YPR086W
YMR311C	YPL031C
YMR311C	YDR436W
YDL207W	YKL068W
YDL207W	YDR192C
YJL137C	YFR015C
YJL137C	YLR258W
YER040W	YDR477W
YER040W	YNL189W
YER040W	YCL032W
YER040W	YJR066W
YER040W	YKL203C
YOR040W	YNL092W
YPL091W	YDL116W
YDR508C	YIL114C
YDR508C	YLR373C
YDR508C	YMR279C
YHR005C	YER020W
YHR005C	YLR452C
YHR005C	YLR362W
YHR005C	YOR212W
YHR005C	YIL148W
YHR005C	YMR069W
YER020W	YAL056W
YER020W	YGL121C
YER020W	YDL035C
YER020W	YNL037C
YER020W	YNL124W
YER020W	YPL036W
YAL056W	YGL121C
YOL059W	YBR058C
YGL121C	YDL200C
YGL121C	YCR077C
YHR188C	YPL076W
YHR188C	YBR296C
YHR188C	YLL028W
YHR188C	YJR015W
YHR188C	YNL092W
YPL076W	YML048W
YPL076W	YGL077C
YPL076W	YNL238W
YPL076W	YJL062W
YPL076W	YIL016W
YPL076W	YJR010C-A
YPL076W	YHR178W
YPL076W	YJR117W
YPL076W	YEL002C
YPL076W	YAR033W
YPL076W	YFL054C
YPL076W	YGL051W
YPL076W	YHR140W
YPL076W	YJL091C
YPL076W	YOL003C
YPL076W	YPR028W
YPL076W	YBR183W
YDL035C	YCR061W
YKR067W	YFR051C
YKL026C	YFL051C
YOL151W	YLR196W
YOL151W	YGR111W
YCL035C	YMR059W
YML048W	YIR038C
YML048W	YHR094C
YML048W	YMR011W
YML048W	YJL214W
YML048W	YBR298C
YML048W	YLL061W
YML048W	YEL017C-A
YML048W	YLR018C
YML048W	YPR198W
YML048W	YJR010C-A
YML048W	YMR149W
YML048W	YBR069C
YML048W	YLL028W
YML048W	YPR156C
YML048W	YDL015C
YML048W	YDL210W
YML048W	YJL222W
YML048W	YEL002C
YML048W	YDR307W
YML048W	YHR140W
YML048W	YBR183W
YOR185C	YOR171C
YOR185C	YJR074W
YOR185C	YDL193W
YOR185C	YOL128C
YFR015C	YLR258W
YFR015C	YHR008C
YFR015C	YOR047C
YFR015C	YDR259C
YFR015C	YER077C
YFR015C	YGL081W
YLR258W	YLR273C
YIR038C	YEL017W
YIR038C	YOL065C
YIR038C	YER022W
YIR038C	YDR120C
YIR038C	YGR149W
YIR038C	YIL023C
YEL017W	YDR120C
YEL017W	YKL063C
YGL084C	YNL058C
YPL189W	YDR086C
YPL189W	YFL026W
YFL027C	YHR115C
YJL110C	YER112W
YJL110C	YCR014C
YJL110C	YJR066W
YJR069C	YDR192C
YJR069C	YGL127C
YMR290C	YKL103C
YMR290C	YDR060W
YMR290C	YDL208W
YMR290C	YKR081C
YMR290C	YNL189W
YMR290C	YML064C
YMR290C	YLR427W
YPL001W	YEL056W
YPL001W	YBR272C
YPL001W	YBL023C
YEL056W	YBR272C
YDR295C	YDR150W
YNL014W	YDL200C
YNL014W	YMR059W
YNL014W	YCR079W
YBR010W	YPL209C
YBR010W	YKL103C
YBR010W	YDL200C
YBR010W	YDR477W
YOR038C	YOR290C
YOR038C	YBR289W
YCL030C	YGR052W
YBR248C	YOL102C
YDR528W	YNL189W
YML075C	YOL013C
YML075C	YLR207W
YML075C	YHR079C
YML075C	YIL016W
YML075C	YLL005C
YML075C	YEL002C
YML075C	YOR102W
YLR450W	YOL013C
YLR450W	YLR207W
YLR450W	YPR154W
YLR450W	YMR022W
YDR174W	YHL002W
YDR174W	YNL189W
YDR174W	YKR092C
YDR174W	YML015C
YDR174W	YML064C
YDR174W	YAL027W
YCR096C	YMR043W
YCR096C	YDL116W
YOR032C	YIL108W
YBR034C	YJR022W
YBR034C	YGR165W
YBR034C	YNL078W
YBR034C	YPR132W
YDR305C	YLR447C
YJR075W	YJL183W
YMR032W	YOR098C
YMR032W	YER144C
YMR032W	YGR250C
YMR032W	YNL152W
YER062C	YPL201C
YIL112W	YOL068C
YIL112W	YNL147W
YIL112W	YKR029C
YIL112W	YBR103W
YPR193C	YNL189W
YPR193C	YCL032W
YPR193C	YML064C
YBR215W	YLR453C
YOL013C	YLR207W
YLR207W	YGL042C
YOL123W	YFL018C
YOL123W	YKL068W
YOL123W	YMR047C
YOL123W	YMR061W
YOL123W	YGL044C
YOL123W	YCL032W
YOL123W	YDR350C
YHL002W	YMR109W
YHL002W	YBR279W
YHL002W	YNL015W
YHL002W	YOR076C
YHL002W	YIL148W
YHL002W	YDR259C
YHL002W	YPR115W
YBR133C	YDL154W
YBR133C	YHL007C
YBR133C	YJL187C
YBR272C	YEL034W
YBR272C	YFR052W
YBR272C	YER021W
YBR272C	YDL097C
YBR272C	YOR261C
YBR272C	YDL007W
YBR272C	YGL048C
YBR272C	YBL050W
YBR272C	YGL004C
YLL026W	YMR047C
YLL026W	YGR119C
YLL026W	YOR027W
YLL026W	YGR205W
YJL159W	YBL044W
YJL159W	YBR064W
YJL159W	YDL023C
YBR072W	YPL169C
YBR072W	YNL189W
YBR072W	YML064C
YDR533C	YNL189W
YDR171W	YML065W
YDR171W	YNL216W
YDR171W	YBR069C
YPL240C	YKL117W
YPL240C	YDR328C
YPL240C	YAL005C
YPL240C	YJR045C
YPL240C	YLR362W
YPL240C	YOR027W
YOL068C	YKR029C
YOL068C	YBR103W
YBL003C	YCR057C
YFL011W	YMR004W
YFL011W	YJL222W
YNL318C	YML019W
YNL318C	YCR061W
YMR011W	YGL051W
YDR345C	YOR047C
YDR342C	YOL100W
YDR342C	YLR019W
YDR342C	YLR340W
YDR342C	YGL042C
YJL214W	YLR093C
YJL214W	YPR198W
YJL214W	YHR140W
YKL189W	YDL065C
YEL034W	YLR340W
YEL034W	YOR043W
YEL034W	YHR135C
YEL034W	YMR284W
YIR037W	YMR047C
YPR006C	YLR447C
YNL037C	YPL140C
YNL037C	YHR030C
YLR223C	YBR119W
YLR223C	YCL032W
YLR384C	YDR461W
YLR384C	YOR151C
YLR384C	YJL140W
YLR384C	YPR187W
YJL057C	YMR129W
YJL057C	YLR452C
YBL076C	YBR058C
YER086W	YDL044C
YER086W	YER095W
YER086W	YDR311W
YER086W	YBR162C
YLR355C	YDR499W
YLR355C	YHR030C
YLR355C	YHR135C
YML056C	YLR427W
YJL106W	YLR447C
YGL192W	YBR057C
YJR138W	YER112W
YJR138W	YBL038W
YJR138W	YMR304W
YMR150C	YHR078W
YHR148W	YJR002W
YHR148W	YCR057C
YHR148W	YCR099C
YDL181W	YDR318W
YDL181W	YGR089W
YOL108C	YOL067C
YOL108C	YDR324C
YOL108C	YLR422W
YOL108C	YMR317W
YNL106C	YPR188C
YNL106C	YNL055C
YNL106C	YDL230W
YNL106C	YCL028W
YNL106C	YER104W
YNL106C	YKR028W
YNL106C	YBL007C
YNL106C	YJL138C
YNL106C	YPR173C
YOL065C	YDL204W
YOL065C	YJR010C-A
YHR085W	YLR356W
YNL182C	YHR197W
YNL182C	YNL189W
YNL182C	YLR447C
YNL182C	YCR072C
YDR315C	YJR117W
YPL209C	YOR084W
YBR011C	YLR371W
YBR011C	YHR030C
YBR011C	YPL066W
YOL081W	YGL087C
YHR079C	YDR532C
YHR079C	YPR086W
YOR155C	YMR167W
YOR155C	YNL189W
YOR304W	YGL133W
YJR050W	YGR129W
YJR050W	YLR297W
YGL133W	YBR123C
YDR497C	YLL028W
YPR169W	YOR101W
YNL227C	YJR022W
YNL227C	YBR119W
YNL227C	YEL048C
YNL227C	YNL093W
YMR294W	YPL174C
YMR294W	YMR047C
YMR294W	YGR119C
YMR294W	YDR311W
YMR294W	YGR294W
YMR294W	YLL049W
YPL125W	YKL068W
YPL125W	YMR047C
YPL125W	YGR119C
YPL125W	YER161C
YJL034W	YMR297W
YMR065W	YGR059W
YMR065W	YLR454W
YHR158C	YGR238C
YHR158C	YOR269W
YHR158C	YLR453C
YHR158C	YLR452C
YHR158C	YOR047C
YHR158C	YJL187C
YHR158C	YAL016W
YGL173C	YBL026W
YGL173C	YER112W
YGL173C	YJR022W
YGL173C	YCR077C
YNL238W	YLL028W
YIL125W	YDR148C
YIL125W	YFL018C
YIL125W	YDL147W
YIL125W	YML064C
YIL125W	YCR079W
YIL125W	YFR049W
YDR148C	YFL018C
YDR148C	YMR047C
YDR148C	YNL189W
YDR148C	YFR049W
YDR148C	YNL092W
YJL094C	YLR193C
YDL108W	YOR151C
YDL108W	YDR460W
YAR018C	YBL106C
YAR018C	YML064C
YKL168C	YJR061W
YKL168C	YLR012C
YLL019C	YIL113W
YLL019C	YDL185W
YDL041W	YDR318W
YDL041W	YIR002C
YDR532C	YER022W
YER038C	YML023C
YHR082C	YNL201C
YHR082C	YAL016W
YPL053C	YER022W
YHL003C	YMR047C
YHL003C	YJR010C-A
YHL003C	YMR149W
YHL003C	YEL002C
YHL003C	YMR298W
YKL103C	YGR119C
YKL103C	YNL189W
YKL103C	YML064C
YKL103C	YDR311W
YKL103C	YFL034W
YJL062W	YKL146W
YNL071W	YBR221C
YJL134W	YGL053W
YOR171C	YHR178W
YDR499W	YBR136W
YDR499W	YDR097C
YDR499W	YCL028W
YNL104C	YKL183W
YKL073W	YDL200C
YKL073W	YHR030C
YKL073W	YOL087C
YLR011W	YLR447C
YFL018C	YBR221C
YFL018C	YGL063W
YPL060W	YLR373C
YPL060W	YGR052W
YGR136W	YER125W
YGR136W	YNL189W
YGR136W	YBR108W
YGR136W	YIL108W
YFR024C-A	YMR302C
YFR024C-A	YBL007C
YFR024C-A	YMR304W
YFR024C-A	YJL045W
YFR024C-A	YLR422W
YHR121W	YLL013C
YHR121W	YHR178W
YBL026W	YER112W
YBL026W	YNL147W
YBL026W	YJR022W
YBL026W	YCR020C-A
YBL026W	YCR077C
YBL026W	YCR066W
YBL026W	YLR039C
YBL026W	YDL097C
YBL026W	YDR166C
YBL026W	YMR066W
YBL026W	YPL042C
YBL026W	YOL102C
YBL026W	YOR043W
YBL026W	YGL185C
YBL026W	YLR126C
YBL026W	YMR237W
YBL026W	YOL163W
YBL026W	YLR120C
YER112W	YNL147W
YER112W	YJR022W
YER112W	YNL091W
YER112W	YCR077C
YER112W	YDR452W
YER112W	YOR195W
YER112W	YER029C
YER112W	YFL017W-A
YER112W	YBR289W
YER112W	YOR219C
YER112W	YMR304W
YER112W	YLR386W
YER112W	YDR485C
YER112W	YIL029C
YER112W	YLR269C
YNL147W	YJR022W
YNL147W	YCR077C
YNL147W	YPR178W
YJR022W	YCR020C-A
YJR022W	YNR053C
YJR022W	YCR077C
YJR022W	YDR228C
YJR022W	YDR473C
YJR022W	YPR178W
YJR022W	YFR052W
YJR022W	YOR261C
YJR022W	YOL031C
YJR022W	YOR076C
YJR022W	YER029C
YJR022W	YJL004C
YJR022W	YGL117W
YJR022W	YHR034C
YJR022W	YHR035W
YJR022W	YKR021W
YJR022W	YKR104W
YJR022W	YLR269C
YPL004C	YDR490C
YPL004C	YOL100W
YPL004C	YMR059W
YPL004C	YDR200C
YPL004C	YPL074W
YGR057C	YKL015W
YGR057C	YIL109C
YJL030W	YGL229C
YDR005C	YGL044C
YDR060W	YPL024W
YDR060W	YNL002C
YDR060W	YKR081C
YDR060W	YEL026W
YDR060W	YGR281W
YCR020C-A	YPR051W
YPR051W	YCL032W
YGR289C	YIL016W
YGR289C	YDR413C
YGR289C	YOL003C
YGR289C	YPR028W
YBR298C	YDR276C
YBR298C	YGL051W
YBR298C	YMR279C
YOR197W	YMR257C
YOR197W	YPR154W
YOR197W	YER022W
YOR197W	YBL106C
YOR197W	YDR311W
YOR197W	YJL141C
YDL054C	YAR031W
YDL054C	YDR307W
YDL054C	YGL051W
YNL307C	YIL105C
YMR043W	YER022W
YMR043W	YOR088W
YDR318W	YGR179C
YDR318W	YDL061C
YDR318W	YDR328C
YDR318W	YER029C
YDR318W	YHR152W
YDR318W	YNL189W
YDR318W	YDL026W
YDR318W	YDL046W
YDR318W	YDL050C
YDR318W	YDL110C
YDR318W	YDL162C
YDR318W	YDR455C
YDR318W	YDR542W
YDR318W	YEL068C
YDR318W	YER084W
YDR318W	YGR146C
YDR318W	YHR189W
YDR318W	YIL141W
YDR318W	YLL037W
YGL201C	YMR216C
YGL201C	YER161C
YGL201C	YDL185W
YKL150W	YPR154W
YBR227C	YML064C
YKL085W	YBR136W
YKL085W	YGL163C
YKL085W	YDR129C
YKL085W	YCR079W
YKL085W	YOL128C
YOL126C	YCL043C
YOL126C	YDL147W
YOL126C	YIL108W
YOR147W	YFR003C
YLR106C	YCR072C
YBR136W	YDR097C
YBR136W	YIR009W
YBR136W	YPR010C
YBR136W	YOR027W
YMR112C	YDL005C
YMR112C	YOL135C
YMR112C	YBL093C
YMR112C	YER022W
YMR112C	YBR253W
YDL005C	YHR058C
YDL005C	YOL135C
YDL005C	YBR193C
YDL005C	YGL025C
YDL005C	YLR071C
YDL005C	YER022W
YDL005C	YGR104C
YDL005C	YBR253W
YDL005C	YNL189W
YDL005C	YBR169C
YDL005C	YPL042C
YHR058C	YOL135C
YHR058C	YBL093C
YHR058C	YGL127C
YHR058C	YER022W
YHR058C	YBR253W
YHR058C	YPR086W
YHR058C	YKL023W
YOL135C	YBR193C
YOL135C	YCR012W
YOL135C	YLR071C
YOL135C	YBL093C
YOL135C	YBL050W
YOL135C	YGL127C
YOL135C	YER022W
YOL135C	YGR104C
YOL135C	YBR253W
YOL135C	YNL189W
YOL135C	YJL138C
YBR193C	YMR047C
YBR193C	YER012W
YBR193C	YBL093C
YBR193C	YGL127C
YBR193C	YER022W
YBR193C	YGR104C
YBR193C	YBR253W
YBR193C	YPR086W
YPR138C	YBR067C
YLR303W	YNL189W
YNL277W	YPL169C
YNL277W	YBR119W
YNL277W	YKL028W
YPL169C	YHR015W
YPL169C	YKL068W
YPL169C	YER023W
YPL169C	YDR381W
YGR249W	YOL063C
YGR249W	YNL189W
YGR249W	YBR162C
YGR249W	YLR446W
YGR249W	YNL092W
YIR033W	YAR027W
YOR211C	YDR276C
YDL200C	YGR184C
YDL200C	YHR033W
YGL035C	YKL074C
YGL035C	YDR477W
YJR077C	YBR069C
YJR077C	YER100W
YOR231W	YIL014W
YOR231W	YHR030C
YOR231W	YLR447C
YPL140C	YEL060C
YPL140C	YCL028W
YPL140C	YHR027C
YPL140C	YHR030C
YNL085W	YER095W
YNL085W	YHR030C
YNL085W	YIL143C
YNL085W	YGR067C
YGL106W	YHR023W
YPR188C	YHR023W
YMR167W	YLR035C
YMR167W	YPL164C
YMR167W	YOL043C
YMR167W	YNL082W
YMR167W	YER095W
YLR035C	YGR165W
YLR035C	YOR261C
YLR035C	YDR120C
YLR035C	YMR206W
YPL164C	YMR190C
YLL061W	YDR276C
YLL061W	YIL016W
YLL061W	YJL163C
YGL087C	YER125W
YGL087C	YOR220W
YKL064W	YLR138W
YER068W	YPR072W
YER068W	YNR052C
YOR177C	YOR265W
YOR177C	YMR216C
YOR177C	YHR135C
YOL088C	YLR312C
YIR002C	YDR097C
YJR002W	YCR057C
YJR002W	YER082C
YMR224C	YDL154W
YMR224C	YDR369C
YPR079W	YDR456W
YPR079W	YEL017C-A
YPR079W	YKR093W
YPR079W	YDL138W
YPR079W	YGL042C
YPR079W	YPL162C
YKL142W	YGR086C
YKL142W	YMR165C
YBL038W	YMR024W
YBL038W	YOR290C
YBL038W	YGR033C
YBL038W	YML025C
YMR193W	YJL041W
YMR193W	YPR086W
YCR003W	YIR039C
YMR024W	YJL041W
YHR147C	YBL093C
YHR147C	YER066W
YBR251W	YOR243C
YBR251W	YDL138W
YBR251W	YHR197W
YBR251W	YGL129C
YBR251W	YJR101W
YBR251W	YNL186W
YLR219W	YLR427W
YKR030W	YBL007C
YKR030W	YBL106C
YKR030W	YHR016C
YFL003C	YDL154W
YFL003C	YMR125W
YDL154W	YGL025C
YDL154W	YGL170C
YDL154W	YIL144W
YDR097C	YML032C
YDR097C	YHL024W
YDR097C	YMR190C
YDR097C	YLR234W
YDR097C	YKR001C
YBR195C	YKR029C
YNL073W	YER022W
YIR009W	YNL036W
YIR009W	YNL091W
YIR009W	YHR197W
YIR009W	YBR152W
YIR009W	YIL143C
YIR009W	YPL016W
YIR009W	YNL165W
YPL097W	YPR086W
YDL044C	YDL116W
YDL044C	YDL030W
YDL044C	YDR505C
YDL044C	YGR056W
YDL044C	YER144C
YDL044C	YLR386W
YMR097C	YPL154C
YOR160W	YMR047C
YOR160W	YOR098C
YOR160W	YDR192C
YOR160W	YGR119C
YOR160W	YAL005C
YBR119W	YKL012W
YBR119W	YFL017W-A
YBR119W	YDR240C
YBR119W	YMR125W
YBR119W	YLR298C
YKL074C	YPL016W
YKL074C	YPL105C
YBR057C	YKR031C
YBR057C	YIL144W
YBR057C	YLR222C
YNR043W	YCR057C
YMR004W	YLR452C
YMR004W	YBR077C
YHR023W	YGR059W
YHR023W	YGR274C
YMR109W	YBL093C
YMR109W	YGR192C
YPL190C	YMR125W
YPL190C	YLL020C
YNL124W	YDL208W
YGR232W	YHR200W
YGR232W	YGL048C
YGR232W	YPR086W
YGR232W	YGL004C
YDR162C	YDL006W
YPR155C	YPR086W
YPR155C	YBR162C
YPL024W	YDR311W
YHR042W	YAL067C
YHR042W	YPL092W
YHR042W	YHR140W
YOL104C	YDR383C
YDR176W	YCL010C
YDR176W	YOL148C
YDR176W	YER022W
YDR176W	YPR086W
YDR176W	YGR274C
YDR176W	YBR198C
YDR176W	YIL144W
YDR176W	YCR041W
YDR176W	YJR080C
YLR138W	YCR061W
YLR138W	YHL010C
YDL208W	YPR178W
YDL208W	YER029C
YDL208W	YCL037C
YDR456W	YPL092W
YDR456W	YIL171W
YPL174C	YOR098C
YPL174C	YDR488C
YPL174C	YPR165W
YPL174C	YBL106C
YPL174C	YIL144W
YNL078W	YMR047C
YNL078W	YOL070C
YDR383C	YLR315W
YDR383C	YPL002C
YDR383C	YNL189W
YLR315W	YLR453C
YGR010W	YNL189W
YGR089W	YDR150W
YGR089W	YOR269W
YGR089W	YEL043W
YGR089W	YHL010C
YNR053C	YCR077C
YNR053C	YDL030W
YNR053C	YKR081C
YNR053C	YER029C
YDL148C	YCR057C
YPR072W	YDR145W
YPR072W	YGR274C
YPR072W	YBR198C
YBR170C	YGR048W
YBR170C	YDL190C
YBR170C	YDR259C
YNL183C	YGR241C
YNL251C	YNL330C
YNL251C	YMR125W
YDR043C	YDR477W
YJL041W	YMR047C
YJL041W	YGR119C
YJL041W	YML025C
YNL091W	YKL075C
YNL091W	YPL229W
YOL043C	YCL032W
YDR150W	YER120W
YDR150W	YDR247W
YKL068W	YMR047C
YKL068W	YBL079W
YKL068W	YDL116W
YKL068W	YNL189W
YKL068W	YBR123C
YKL068W	YBR216C
YMR047C	YAR002W
YMR047C	YDL116W
YMR047C	YGR222W
YMR047C	YDL065C
YMR047C	YOR104W
YMR047C	YDR490C
YMR047C	YOR157C
YMR047C	YLR196W
YMR047C	YDR465C
YMR047C	YGR056W
YMR047C	YGL229C
YMR047C	YOR329C
YMR047C	YPR181C
YMR047C	YPL083C
YMR047C	YJR134C
YMR047C	YGL170C
YMR047C	YNL189W
YMR047C	YJR019C
YMR047C	YGR080W
YMR047C	YBR105C
YMR047C	YBL094C
YMR047C	YBR216C
YMR047C	YBR137W
YMR047C	YBR273C
YMR047C	YDR229W
YMR047C	YHR209W
YMR047C	YMR152W
YMR047C	YJL091C
YMR047C	YKL061W
YMR047C	YKL088W
YMR047C	YLR294C
YMR047C	YLR312C
YMR047C	YMR206W
YMR047C	YOR064C
YMR047C	YNR040W
YMR047C	YNR061C
YMR047C	YNR074C
YMR047C	YOL111C
YMR047C	YOR062C
YMR047C	YOR102W
YMR047C	YOR121C
YMR047C	YOR289W
YMR047C	YOR314W
YMR047C	YPR172W
YMR047C	YOL154W
YBL079W	YOR098C
YOR098C	YAL055W
YOR098C	YGL037C
YOR098C	YPR187W
YOR098C	YKL020C
YOR098C	YGL097W
YOR098C	YNL189W
YOR098C	YAL005C
YOR098C	YMR271C
YOR098C	YOR229W
YOR098C	YKL061W
YOR098C	YOL070C
YOR098C	YPR172W
YDR192C	YDL116W
YDR192C	YPR181C
YDR192C	YNL189W
YDR192C	YAL005C
YDR192C	YNL092W
YGR119C	YDL116W
YGR119C	YDL065C
YGR119C	YOR035C
YGR119C	YGL170C
YGR119C	YNL189W
YGR119C	YLR178C
YGR119C	YEL043W
YGR119C	YKL061W
YAR002W	YGL097W
YAR002W	YNL189W
YAR002W	YAL005C
YDL116W	YOR294W
YDL116W	YPL124W
YDL116W	YCL044C
YDL116W	YGL179C
YDL116W	YHR033W
YDL116W	YOL131W
YLR093C	YBL050W
YLR093C	YGL212W
YLR093C	YMR197C
YLR093C	YKL196C
YGL038C	YGL055W
YKL134C	YPR086W
YGL055W	YIL016W
YIL136W	YEL048C
YML065W	YBR060C
YML065W	YLL004W
YML065W	YKR101W
YML065W	YML109W
YBR060C	YLL004W
YAR044W	YER120W
YAR044W	YGR192C
YDL019C	YER120W
YML019W	YPR086W
YPL171C	YHR135C
YDR488C	YBL064C
YOR269W	YKL127W
YOR269W	YLR254C
YDR538W	YGL044C
YBR279W	YGL244W
YBR279W	YGL207W
YBR279W	YML010W
YBR279W	YGR104C
YER129W	YDR477W
YER129W	YIL144W
YDR251W	YPL057C
YIR006C	YGL094C
YIR006C	YIL095W
YIR006C	YBL007C
YKR002W	YDR228C
YKR002W	YNL317W
YKR002W	YGR156W
YKR002W	YMR061W
YKR002W	YNL189W
YKR002W	YNL222W
YKR002W	YDR390C
YKR002W	YGR048W
YKR002W	YJL029C
YKR002W	YLR277C
YKR002W	YPR107C
YCR077C	YDL065C
YCR077C	YDL216C
YCR077C	YDL139C
YCR077C	YBR103W
YCR077C	YER115C
YCR077C	YML109W
YAR020C	YDR455C
YNL015W	YPR086W
YDR228C	YPL031C
YDR228C	YMR061W
YDR228C	YGL044C
YDR228C	YLR424W
YDR228C	YLR277C
YBR186W	YGL127C
YBR186W	YLR373C
YIL071C	YDL216C
YIL071C	YOL117W
YIL071C	YDR311W
YHR071W	YPL031C
YER059W	YPL031C
YER059W	YDL224C
YER059W	YBR141C
YER059W	YER156C
YER059W	YJL084C
YER059W	YLR190W
YER059W	YOR392W
YIL050W	YPL031C
YIL050W	YDL224C
YIL050W	YLR190W
YPL219W	YPL031C
YDL179W	YPL031C
YDL179W	YMR147W
YER178W	YBR221C
YER178W	YKL124W
YBR221C	YGR193C
YBR221C	YFR004W
YBR221C	YLR218C
YBR221C	YLR345W
YBR221C	YML059C
YLR134W	YLR447C
YLR134W	YHR135C
YCL043C	YLR354C
YDR406W	YAR027W
YBR035C	YNL189W
YPL154C	YLR453C
YMR231W	YPL045W
YMR231W	YLR396C
YJL053W	YLR453C
YJL053W	YJL154C
YMR257C	YMR233W
YOR158W	YBL050W
YOR158W	YLR424W
YJL023C	YDR004W
YNR045W	YGR222W
YNL003C	YLR292C
YNL003C	YMR179W
YBL030C	YBL050W
YDR265W	YDL065C
YDR265W	YAL055W
YDR265W	YGR133W
YGL153W	YDL065C
YGL153W	YDR244W
YGL153W	YCR036W
YGL153W	YDL139C
YGL153W	YGL127C
YGL153W	YOL105C
YHR160C	YIL160C
YDL065C	YAL055W
YDL065C	YDR244W
YDL065C	YLR071C
YDL065C	YER066C-A
YDL065C	YMR284W
YDL065C	YLR063W
YDL065C	YMR155W
YDL065C	YMR163C
YAL055W	YGR133W
YDR244W	YGL205W
YNL317W	YGR156W
YNL317W	YMR061W
YNL317W	YKL018W
YNL317W	YLR277C
YNL317W	YPR107C
YOR122C	YOR363C
YOR122C	YNL138W
YGL025C	YBL093C
YGL025C	YBR253W
YBR196C	YGL229C
YBR196C	YAL027W
YCR012W	YDL097C
YCR012W	YOR110W
YMR105C	YOR212W
YMR105C	YLR222C
YMR105C	YPR015C
YAR071W	YLR453C
YNL097C	YNL330C
YOL001W	YPL031C
YPL031C	YDR473C
YPL031C	YNL201C
YPL031C	YFL033C
YPL031C	YNL025C
YPL031C	YFL030W
YBR296C	YLL028W
YBR296C	YLR137W
YBR296C	YML089C
YDR313C	YIL148W
YML061C	YBR198C
YLR273C	YBL050W
YLR273C	YLR447C
YGR086C	YDR490C
YGR086C	YOL100W
YGR086C	YER120W
YGR086C	YMR059W
YGR086C	YHR030C
YGR086C	YLR447C
YGR086C	YDR200C
YGR086C	YPL074W
YPR154W	YOL038W
YPR154W	YIL148W
YPR154W	YGR048W
YPR154W	YIL108W
YBL051C	YGL127C
YBL051C	YJL138C
YBL051C	YIL151C
YBL051C	YKR096W
YKL164C	YLR447C
YDR490C	YHR207C
YDR490C	YIR044C
YOL100W	YGR033C
YOL011W	YLR447C
YOL011W	YOL105C
YDR183W	YGL044C
YDR183W	YOR212W
YPL036W	YPL136W
YCR024C-A	YJL004C
YEL017C-A	YLR292C
YEL017C-A	YJR117W
YEL017C-A	YOL018C
YEL017C-A	YMR299C
YDR276C	YKL212W
YDR276C	YJR010C-A
YDR276C	YMR149W
YDR276C	YEL002C
YDR276C	YDR307W
YDR276C	YBR183W
YGL037C	YNL189W
YML069W	YGL207W
YML069W	YOR292C
YBL035C	YNR052C
YCR014C	YNL180C
YLR018C	YIL016W
YLR018C	YJR117W
YLR018C	YLL028W
YLR018C	YAR027W
YLR018C	YHR140W
YLR018C	YPR028W
YLR018C	YBR183W
YNR052C	YGL014W
YNR052C	YBR050C
YNR052C	YER022W
YNR052C	YOR047C
YNR052C	YDL185W
YNR052C	YJL141C
YNR052C	YDR259C
YGR030C	YBR167C
YBR167C	YHR062C
YNL055C	YLR222C
YNL055C	YHR135C
YNL055C	YOL087C
YNL055C	YNL093W
YIL114C	YHR140W
YGL205W	YDR128W
YHR075C	YDL134C
YDL134C	YOR014W
YDL134C	YMR028W
YDL134C	YAL016W
YDL134C	YLR373C
YDL134C	YHR135C
YDR452W	YPR086W
YHR201C	YPR056W
YEL060C	YDR328C
YEL060C	YDR477W
YEL060C	YDR260C
YEL060C	YBR280C
YMR297W	YLR378C
YER012W	YOL038W
YER012W	YBL041W
YER012W	YGR135W
YER012W	YHR200W
YER012W	YFR004W
YER012W	YFR052W
YER012W	YLR421C
YER012W	YHR027C
YER012W	YIL075C
YER012W	YER021W
YER012W	YDL147W
YER012W	YDL097C
YER012W	YOR261C
YER012W	YDL007W
YER012W	YGL048C
YER012W	YGL011C
YER012W	YHR033W
YER012W	YLR199C
YOL038W	YCR057C
YOL038W	YHR200W
YOL038W	YGL011C
YBL041W	YHR200W
YBL041W	YDL020C
YBL041W	YDL147W
YBL041W	YIL007C
YGR135W	YCR057C
YGR135W	YHR200W
YGR135W	YOR261C
YGR135W	YGL011C
YGR135W	YOR043W
YIL095W	YBL007C
YGL053W	YHR140W
YGL053W	YOR059C
YAR031W	YCR030C
YAR031W	YBR069C
YAR031W	YLL028W
YAR031W	YJR015W
YER023W	YNL189W
YER023W	YML064C
YMR302C	YGR280C
YGR075C	YBR152W
YDR473C	YPR178W
YDR473C	YFL017W-A
YDR473C	YBR152W
YKL012W	YFL017W-A
YKL012W	YMR125W
YKL012W	YLR298C
YAL032C	YML049C
YAL032C	YNL189W
YAL032C	YLR345W
YPR178W	YFL017W-A
YPR178W	YBR152W
YPR178W	YOR027W
YPR178W	YGR241C
YDL030W	YML049C
YDL030W	YFL017W-A
YDL030W	YBR152W
YDL030W	YDR485C
YDL214C	YEL013W
YJL079C	YPR086W
YNL169C	YLR447C
YNL169C	YBR183W
YLL010C	YOR043W
YLR019W	YGL127C
YLR019W	YOR043W
YNL201C	YDR379W
YNL201C	YPR101W
YNL201C	YML010W
YNL201C	YOR047C
YNL201C	YPR115W
YNL201C	YDR285W
YBL056W	YDR076W
YBL056W	YOR086C
YBL056W	YBR097W
YBL056W	YGR205W
YGR156W	YPR107C
YOR208W	YHR030C
YKR093W	YER022W
YLL013C	YHR035W
YOR157C	YER144C
YPL212C	YER082C
YKL015W	YDL110C
YOR348C	YCR045C
YOR348C	YJL084C
YOR348C	YLR294C
YCR057C	YPR137W
YCR057C	YGL011C
YCR057C	YLR222C
YCR057C	YDR324C
YCR057C	YER082C
YCR057C	YGR210C
YPL147W	YLL048C
YGR280C	YNL189W
YGR280C	YKR092C
YGR280C	YMR102C
YIL120W	YGL051W
YHR074W	YIL092W
YMR022W	YLR006C
YMR022W	YIL148W
YML095C	YMR201C
YML095C	YJL026W
YML095C	YER043C
YML095C	YHR008C
YML095C	YDL185W
YML095C	YJL138C
YML095C	YAL027W
YMR201C	YER162C
YMR201C	YJR052W
YMR201C	YDR311W
YMR201C	YIL011W
YCR066W	YGL058W
YGR258C	YIL143C
YGR258C	YDR311W
YER162C	YJR052W
YER162C	YLR167W
YER162C	YIL148W
YER095W	YML032C
YER095W	YGL163C
YER095W	YDR076W
YER095W	YPR010C
YER095W	YOR151C
YER095W	YNL189W
YER095W	YMR233W
YDR076W	YHR033W
YGL058W	YOL080C
YGL058W	YKL210W
YGL058W	YGR184C
YGL058W	YKL153W
YJR052W	YIL148W
YNL216W	YLR453C
YOR101W	YNL098C
YDR202C	YDR328C
YDR202C	YDL185W
YDR202C	YBR127C
YOR265W	YFL037W
YDL135C	YPR165W
YDL135C	YNL176C
YMR133W	YPL114W
YDR028C	YDR477W
YBL020W	YPR086W
YDR137W	YLR039C
YDR137W	YLR262C
YLR071C	YBL093C
YLR071C	YGL011C
YLR071C	YBR253W
YLR071C	YJR110W
YOR107W	YHL021C
YKL038W	YOR047C
YDL138W	YEL026W
YDL138W	YCR076C
YDL138W	YPR077C
YDL138W	YIR039C
YPR165W	YLR371W
YPR165W	YER008C
YPR165W	YER096W
YPR165W	YOR230W
YPR165W	YBL053W
YPR165W	YIL007C
YPR165W	YML109W
YBL033C	YNL105W
YBL033C	YPR172W
YOL066C	YPR086W
YLR039C	YLR262C
YLR453C	YOR001W
YLR453C	YBL102W
YLR453C	YDR422C
YLR453C	YOR195W
YLR453C	YER022W
YLR453C	YPL057C
YLR453C	YJL138C
YLR453C	YDL210W
YLR453C	YOR230W
YLR453C	YGR073C
YLR453C	YJL015C
YLR453C	YLR301W
YLR453C	YLR426W
YLR453C	YML038C
YLR453C	YMR147W
YLR453C	YNL013C
YLR453C	YNR071C
YLR453C	YOR220W
YLR453C	YOR314W
YLR453C	YPL034W
YLR453C	YNL237W
YFL033C	YJL164C
YBR192W	YBR162C
YHR197W	YKR081C
YHR197W	YCR072C
YHR197W	YDR131C
YPL089C	YHR030C
YNL002C	YKR081C
YMR061W	YGL044C
YMR061W	YBR103W
YMR061W	YBR105C
YMR061W	YLR277C
YGL044C	YMR270C
YGL044C	YDL218W
YGL044C	YDR084C
YGL044C	YNL013C
YGL044C	YNL157W
YLL046C	YDR455C
YCL028W	YER125W
YCL028W	YNL189W
YCL028W	YOR212W
YCL028W	YDR260C
YCL028W	YBR223C
YCL028W	YEL021W
YCL028W	YDR128W
YJL026W	YGR180C
YJL026W	YMR059W
YJL026W	YPR054W
YJL026W	YML064C
YJL026W	YDR398W
YJL026W	YOR229W
YOR018W	YER125W
YLR371W	YOR008C
YMR200W	YIL007C
YBR229C	YDL210W
YPR065W	YLR373C
YBL093C	YER022W
YBL093C	YGR104C
YBL093C	YPL042C
YPR010C	YAL005C
YPR010C	YKL067W
YOR151C	YJL140W
YOR151C	YPR187W
YOR151C	YAL005C
YJL140W	YHL021C
YOR224C	YNR003C
YNL330C	YBR095C
YNL330C	YDL076C
YNL330C	YMR125W
YNL330C	YPL139C
YNL330C	YKR001C
YKR081C	YCL054W
YKR081C	YER161C
YKR081C	YOL102C
YKR081C	YLR427W
YHR200W	YFR004W
YHR200W	YFR052W
YHR200W	YLR421C
YHR200W	YER021W
YHR200W	YDL147W
YHR200W	YDL097C
YHR200W	YOR261C
YHR200W	YDL007W
YHR200W	YOR259C
YHR200W	YGL048C
YHR200W	YBL025W
YHR200W	YGL011C
YHR200W	YER120W
YHR200W	YER022W
YHR200W	YGL004C
YFR004W	YFR052W
YFR004W	YER021W
YFR004W	YDL147W
YFR004W	YDL097C
YFR004W	YOR261C
YFR004W	YDL007W
YFR004W	YGL048C
YFR004W	YIR011C
YFR004W	YGL004C
YFR052W	YER021W
YFR052W	YDL147W
YFR052W	YDL097C
YFR052W	YOR261C
YFR052W	YDL007W
YFR052W	YOR259C
YFR052W	YGL048C
YLR421C	YIL075C
YLR421C	YDL147W
YLR421C	YDL097C
YLR421C	YGL048C
YLR421C	YGL004C
YHR027C	YDL147W
YHR027C	YGL048C
YHR027C	YDL123W
YHR027C	YGL004C
YHR027C	YKL171W
YIL075C	YGR184C
YER021W	YDL147W
YER021W	YDL097C
YER021W	YDR363W-A
YER021W	YGL004C
YDL020C	YIL007C
YDL147W	YDL097C
YDL147W	YOR261C
YDL147W	YDL007W
YDL147W	YOR259C
YDL147W	YGL048C
YDL147W	YDL216C
YDL147W	YGL011C
YDL147W	YGL127C
YDL147W	YDR341C
YDL147W	YGL004C
YDL097C	YOR261C
YDL097C	YDL007W
YDL097C	YOR259C
YDL097C	YGL048C
YDL097C	YHR030C
YDL097C	YGL004C
YOR261C	YGL004C
YPR187W	YER125W
YLR340W	YDL130W
YLR340W	YHR087W
YDL130W	YJR012C
YER131W	YLR435W
YDL007W	YGL004C
YOR259C	YGL048C
YOR259C	YMR216C
YOR259C	YDR398W
YOR259C	YGL004C
YOR259C	YGR146C
YGL048C	YBR198C
YGL048C	YGR184C
YDL216C	YOL117W
YBL025W	YMR270C
YBL025W	YIL141W
YBL025W	YJR087W
YJL025W	YMR270C
YMR270C	YCL032W
YCR035C	YDR280W
YCR035C	YHR069C
YCR035C	YGL127C
YCR035C	YNL189W
YDR280W	YHR069C
YDR280W	YOR001W
YDR280W	YOR076C
YDR280W	YNL189W
YHR069C	YOR076C
YHR069C	YNL189W
YHR069C	YAL005C
YOR001W	YNL189W
YPR137W	YGL146C
YOR294W	YKR017C
YML127W	YGL184C
YML049C	YFL017W-A
YML049C	YBR152W
YML049C	YMR125W
YGL129C	YER022W
YGL129C	YAR027W
YGL129C	YGL051W
YER125W	YKL020C
YER125W	YKR018C
YER125W	YLR392C
YGR152C	YGL233W
YGR213C	YHR134W
YGR213C	YOR059C
YGL244W	YML010W
YGL244W	YHR009C
YOR014W	YGR192C
YOR014W	YAL016W
YOR014W	YBR230C
YGR275W	YPR086W
YGR275W	YML115C
YDL076C	YPL139C
YKL212W	YIL016W
YKL212W	YPR028W
YGL175C	YNL189W
YHR079C-A	YPR086W
YER043C	YMR059W
YER043C	YER161C
YER043C	YHR135C
YER043C	YNL157W
YGL229C	YJL211C
YGL229C	YOR062C
YPL218W	YML064C
YPL218W	YDR484W
YBL052C	YGL207W
YBL052C	YOR064C
YKL117W	YOR027W
YER019C-A	YDR074W
YOR329C	YNL092W
YGL011C	YBR173C
YGL011C	YFL006W
YMR305C	YPR086W
YMR305C	YDL121C
YKL141W	YER022W
YIL113W	YHR030C
YIL113W	YNL138W
YGL233W	YCL032W
YBL050W	YDR160W
YBL050W	YOL018C
YBL050W	YGL095C
YBL050W	YMR197C
YBL050W	YAL028W
YBL050W	YDL133W
YBL050W	YDL173W
YBL050W	YKL196C
YPR181C	YIL109C
YPR181C	YDL195W
YIL109C	YDL195W
YNL272C	YFL005W
YER008C	YDR166C
YER008C	YMR304W
YFL005W	YGL161C
YFL005W	YGL198W
YFL005W	YNL263C
YLR378C	YDR086C
YML105C	YPR088C
YML105C	YPR086W
YLR292C	YDL210W
YLR292C	YKL119C
YLR292C	YKR103W
YMR059W	YPL083C
YMR059W	YEL026W
YMR059W	YJL138C
YMR059W	YKL210W
YMR059W	YKL080W
YMR059W	YOR230W
YMR059W	YKL067W
YKR029C	YBR103W
YLR321C	YGL127C
YLR321C	YIL126W
YLR321C	YML064C
YLR321C	YLR345W
YKL006C-A	YHR140W
YKL006C-A	YNL092W
YPR198W	YIL016W
YPR198W	YBR069C
YPR198W	YAR033W
YPR198W	YGL051W
YPR198W	YKL175W
YCL010C	YKL023W
YGL066W	YBR198C
YGL066W	YDR229W
YJR134C	YLR262C
YMR190C	YLR234W
YOR057W	YDR328C
YOR035C	YER156C
YLR079W	YDR328C
YLR079W	YIL148W
YBR103W	YNL189W
YBR103W	YDL185W
YBR103W	YMR155W
YBR103W	YML109W
YDR422C	YER029C
YDR422C	YDR477W
YDR422C	YLR306W
YNL257C	YDR477W
YKR101W	YGL127C
YKR101W	YML109W
YNL032W	YNL056W
YNL032W	YNL093W
YDR328C	YDL185W
YDR328C	YBR127C
YDR328C	YBR280C
YDR328C	YDR131C
YDR328C	YDR219C
YDR328C	YGL149W
YDR328C	YMR258C
YMR216C	YHR087W
YBL007C	YJL151C
YBL007C	YNL138W
YBL007C	YCR030C
YBL007C	YJL004C
YBL007C	YLR064W
YBL007C	YMR253C
YBL007C	YNL152W
YBL007C	YHR016C
YHR030C	YPR054W
YHR030C	YJL138C
YHR030C	YEL048C
YHR030C	YLR446W
YHR030C	YOR220W
YHR030C	YLR262C
YLR135W	YGR016W
YLR135W	YGR033C
YNL196C	YLR447C
YER029C	YFL017W-A
YER029C	YBR152W
YER029C	YLR298C
YPR054W	YOR027W
YPR054W	YFL010C
YFL017W-A	YDR240C
YFL017W-A	YMR125W
YFL017W-A	YLR298C
YFL017W-A	YLR424W
YJL151C	YGL212W
YJL151C	YHR016C
YDR477W	YPL042C
YDR477W	YNL025C
YDR477W	YOR047C
YDR477W	YIL148W
YDR477W	YMR086W
YOR290C	YBR289W
YBR289W	YPL016W
YBR289W	YKR001C
YLR025W	YLR447C
YLR025W	YPR173C
YLR025W	YGR122W
YPL002C	YPR086W
YPL002C	YJR102C
YIL016W	YJR010C-A
YIL016W	YLL028W
YIL016W	YAR027W
YIL016W	YEL002C
YIL016W	YHR140W
YIL016W	YBR183W
YGL131C	YLR413W
YDR240C	YNL189W
YDR240C	YLR298C
YGL127C	YER022W
YGL127C	YOR047C
YGL127C	YMR054W
YGL127C	YCR030C
YGL127C	YOL018C
YGL127C	YIL031W
YGL127C	YLR222C
YGL127C	YDR259C
YGL127C	YDR084C
YGL127C	YDR095C
YGL127C	YDR479C
YGL127C	YEL048C
YGL127C	YIL025C
YGL127C	YLL065W
YGL127C	YLR108C
YGL127C	YLR311C
YGL127C	YOR263C
YGL127C	YOR289W
YDR356W	YPL124W
YDR356W	YLR212C
YJR010C-A	YJR117W
YJR010C-A	YBR069C
YJR010C-A	YLR447C
YPL124W	YML064C
YHR136C	YOR285W
YHR152W	YER022W
YHR152W	YNL138W
YHR152W	YPR152C
YHR014W	YJL138C
YOR190W	YLR447C
YOR190W	YLR294C
YER115C	YOL003C
YER115C	YML109W
YGL207W	YDR247W
YOL148C	YDR392W
YOL148C	YLR055C
YOL148C	YPR086W
YER161C	YNL189W
YER161C	YER082C
YER022W	YGR104C
YER022W	YBR253W
YER022W	YPL042C
YER022W	YPL011C
YER022W	YEL012W
YER022W	YDR259C
YER022W	YBL065W
YER022W	YBR047W
YER022W	YHL005C
YER022W	YHL044W
YER022W	YHL045W
YER022W	YIL141W
YER022W	YJL142C
YER022W	YKL063C
YER022W	YLL020C
YER022W	YLL065W
YER022W	YML082W
YER022W	YMR087W
YER022W	YMR244W
YER022W	YNL235C
YER022W	YNR024W
YER022W	YNR071C
YER022W	YOL106W
YER022W	YOR072W
YGR104C	YBR253W
YGR104C	YPL042C
YGR104C	YNL025C
YBR253W	YPL042C
YBR253W	YNL025C
YGL097W	YOR364W
YGL097W	YIL063C
YCL037C	YPR088C
YCL037C	YMR125W
YDL092W	YPR088C
YNL189W	YMR125W
YNL189W	YIR011C
YNL189W	YJL052W
YNL189W	YJR009C
YNL189W	YGR192C
YNL189W	YPL214C
YNL189W	YHR025W
YNL189W	YPL139C
YNL189W	YDL224C
YNL189W	YFL010C
YNL189W	YBR137W
YNL189W	YCR076C
YNL189W	YDR100W
YNL189W	YER010C
YNL189W	YHL018W
YNL189W	YHR112C
YNL189W	YJL199C
YNL189W	YJL218W
YNL189W	YKL023W
YNL189W	YLR211C
YNL189W	YLR324W
YNL189W	YLR345W
YNL189W	YMR226C
YNL189W	YKL067W
YNL189W	YNL047C
YNL189W	YNR069C
YNL189W	YPR090W
YKR092C	YKL023W
YPR088C	YPL243W
YNL138W	YLR222C
YNL138W	YOL087C
YDR293C	YML064C
YDR293C	YER082C
YLR006C	YDL235C
YLR005W	YDR311W
YIL143C	YOR027W
YIL143C	YPL122C
YIL143C	YPR056W
YPL042C	YNL025C
YNL025C	YLR322W
YNL025C	YHR135C
YLR452C	YOL018C
YLR452C	YDL186W
YLR452C	YER188W
YLR452C	YML038C
YNL222W	YPR107C
YMR053C	YGL212W
YOR047C	YLR447C
YOR047C	YJL048C
YOR047C	YJR011C
YOR047C	YLR446W
YOR047C	YFR049W
YOR047C	YOL131W
YOR047C	YJR099W
YLR362W	YCL032W
YLR362W	YOR089C
YJR117W	YDL015C
YJR117W	YEL002C
YJR117W	YCR061W
YJR117W	YDR307W
YJR117W	YHR140W
YJR117W	YIL171W
YJR117W	YBR183W
YFL026W	YGR141W
YFL026W	YHR016C
YOR212W	YHR033W
YCL032W	YPL120W
YCL032W	YDL016C
YCL032W	YKL061W
YCL032W	YLL049W
YIL126W	YNL116W
YOR027W	YKL210W
YOR027W	YER066C-A
YMR125W	YLR298C
YGL022W	YEL002C
YMR054W	YDL185W
YMR054W	YBR127C
YMR054W	YKL080W
YMR054W	YLR447C
YPR086W	YOR110W
YPR086W	YGL145W
YPR086W	YAR066W
YPR086W	YBR014C
YPR086W	YDL086W
YPR086W	YDR102C
YPR086W	YDR133C
YPR086W	YFL042C
YPR086W	YGR205W
YPR086W	YGR294W
YPR086W	YHL044W
YPR086W	YHL045W
YPR086W	YLR201C
YPR086W	YLR294C
YPR086W	YLR455W
YPR086W	YMR184W
YPR086W	YMR315W
YPR086W	YOR064C
YPR086W	YOL070C
YPR086W	YOL111C
YPR086W	YOL150C
YPR086W	YOR114W
YPR086W	YOR154W
YDL084W	YER063W
YDL084W	YDR381W
YKL018W	YLR277C
YJL187C	YMR304W
YDR126W	YEL002C
YMR149W	YLL028W
YMR149W	YAR027W
YMR149W	YEL002C
YMR149W	YAL064W
YMR149W	YDR459C
YMR149W	YGL051W
YMR149W	YJR015W
YMR149W	YMR279C
YMR149W	YBR183W
YJL004C	YDL199C
YJL004C	YML038C
YJL004C	YHR016C
YML015C	YGR274C
YML015C	YCR042C
YML015C	YBR198C
YML015C	YMR077C
YDR145W	YGR274C
YDR145W	YBR198C
YGR274C	YCR042C
YGR274C	YPL011C
YGR274C	YBR198C
YGR274C	YKR001C
YCR042C	YBR198C
YCR042C	YML114C
YPL011C	YBR198C
YBR198C	YDR259C
YBR069C	YDL015C
YBR069C	YDL199C
YBR069C	YGL051W
YJR009C	YML053C
YML064C	YHR025W
YML064C	YJL138C
YML064C	YKL035W
YML064C	YKL080W
YML064C	YDL224C
YML064C	YOR229W
YML064C	YFL010C
YML064C	YLR070C
YML064C	YBR137W
YML064C	YCR076C
YML064C	YCR087W
YML064C	YFL054C
YML064C	YHR033W
YML064C	YHR112C
YML064C	YHR113W
YML064C	YJL199C
YML064C	YJL218W
YML064C	YMR226C
YML064C	YKL067W
YML064C	YKR014C
YKL028W	YDR311W
YKL028W	YER007C-A
YDR311W	YPR056W
YDR311W	YIL144W
YDR311W	YOR089C
YDR311W	YDR259C
YDR311W	YGL198W
YDR311W	YGR033C
YDR311W	YHR113W
YBR123C	YDR362C
YBR123C	YOR110W
YBR123C	YPL007C
YDR362C	YMR226C
YOR110W	YHR117W
YDL185W	YLR222C
YDL185W	YBR127C
YPL234C	YLL028W
YPL234C	YEL002C
YPR121W	YHR135C
YIL144W	YPL260W
YJL138C	YHR135C
YJL138C	YCR079W
YBR067C	YNL237W
YGL145W	YLR373C
YER011W	YDR084C
YOR010C	YGL139W
YBR117C	YLR447C
YOL018C	YGL095C
YOL018C	YMR197C
YJL093C	YAR027W
YJR066W	YPL180W
YKL203C	YER093C
YAL016W	YHR135C
YAL016W	YGR281W
YAL016W	YML109W
YJL164C	YPL203W
YJL164C	YNL093W
YPL203W	YHR135C
YPL203W	YLR177W
YNL079C	YDL072C
YLL028W	YEL002C
YLL028W	YAL018C
YLL028W	YAR033W
YLL028W	YGL051W
YLL028W	YHR140W
YLL028W	YNL237W
YPR156C	YGL051W
YPR156C	YHR140W
YPR156C	YLR297W
YOR273C	YAR027W
YDR074W	YMR261C
YDR074W	YLR447C
YDR074W	YAR066W
YDL015C	YDL206W
YDL015C	YDR307W
YDL015C	YHR140W
YDL015C	YPR028W
YKL210W	YER100W
YKL210W	YIL148W
YKL210W	YHR135C
YDR390C	YGR048W
YLR306W	YPL003W
YER100W	YPL229W
YIL148W	YDL190C
YIL148W	YPL065W
YIL148W	YOL087C
YMR304W	YJL141C
YMR304W	YBL044W
YMR304W	YDR111C
YMR304W	YPR115W
YGR184C	YJL141C
YGR184C	YGL081W
YGR048W	YPL222W
YDL190C	YDR049W
YDL190C	YPL236C
YAR027W	YAR028W
YAR027W	YKL196C
YAR027W	YML038C
YAR027W	YML002W
YAR027W	YMR279C
YPL003W	YLR447C
YLR222C	YER082C
YDR324C	YER082C
YER082C	YJL135W
YEL005C	YEL013W
YEL005C	YGL079W
YEL013W	YKL061W
YEL013W	YLR254C
YGL212W	YMR197C
YGL212W	YGL042C
YGL212W	YGL161C
YGL212W	YNL263C
YGL212W	YKL196C
YGL212W	YMR071C
YGL212W	YOR292C
YGL212W	YML001W
YML115C	YEL002C
YDL128W	YKL102C
YGR065C	YJL199C
YLR373C	YDR317W
YLR373C	YPL107W
YBR127C	YKL080W
YBR127C	YLR447C
YBR127C	YGR117C
YLR447C	YDR484W
YLR447C	YDR259C
YLR447C	YAR035W
YLR447C	YDL193W
YLR447C	YDL221W
YLR447C	YDL241W
YLR447C	YHR009C
YLR447C	YHR177W
YLR447C	YJL199C
YLR447C	YKR005C
YLR447C	YLR426W
YLR447C	YLR465C
YLR447C	YMR071C
YLR447C	YNL028W
YLR447C	YNL134C
YLR447C	YOR053W
YPL045W	YLR396C
YKR001C	YJL141C
YMR077C	YJR102C
YMR077C	YPR173C
YOR089C	YHR135C
YOR089C	YGL161C
YOR089C	YGR223C
YOR089C	YNL263C
YOR089C	YKR014C
YOR089C	YNL093W
YLR396C	YMR291W
YGL095C	YMR197C
YGL095C	YKL196C
YPR173C	YLR181C
YPR173C	YER128W
YDR484W	YJL029C
YDR484W	YDR259C
YDR484W	YLR262C
YJL029C	YLR262C
YLR322W	YBL086C
YMR197C	YKL196C
YOR359W	YHR009C
YEL002C	YOL003C
YOR230W	YOR229W
YFL010C	YOL106W
YDR369C	YBR063C
YJL141C	YPL247C
YAL018C	YIL171W
YAL027W	YDR381W
YAL049C	YDL025C
YGR241C	YNL092W
YDR259C	YLR446W
YDR259C	YNL092W
YAR033W	YGL051W
YBL059W	YCR099C
YBL100C	YJL070C
YBL108W	YHR135C
YBR077C	YGR201C
YBR139W	YBR280C
YBR194W	YPR152C
YBR238C	YKR043C
YBR246W	YDR520C
YLL048C	YCR061W
YHR135C	YGR111W
YHR135C	YHR112C
YHR135C	YMR226C
YHR135C	YNL116W
YHR135C	YNL093W
YCR004C	YLR253W
YCR007C	YCR061W
YCR060W	YHR034C
YCR061W	YPR058W
YCR099C	YGR203W
YCR099C	YGR205W
YCR099C	YIL059C
YDL025C	YGR016W
YDL025C	YHR009C
YDL063C	YDR381W
YDL110C	YLR125W
YDR003W	YML001W
YDR084C	YGL161C
YDR084C	YGL198W
YDR100W	YGL161C
YDR100W	YPL095C
YDR128W	YHR033W
YDR131C	YIL063C
YDR229W	YJL017W
YDR307W	YHR140W
YDR307W	YJL091C
YDR327W	YOR378W
YDR357C	YGL079W
YDR374C	YJL070C
YDR479C	YLR324W
YDR504C	YJL070C
YEL043W	YOR164C
YEL068C	YLR225C
YFR003C	YIL064W
YFR003C	YPR050C
YOL128C	YML023C
YGL042C	YOL003C
YGL051W	YHR140W
YGL051W	YKL146W
YGL161C	YGL198W
YGL161C	YPL095C
YGL161C	YNL304W
YGL161C	YKR014C
YGL161C	YNL093W
YGL161C	YML001W
YGL179C	YKR096W
YGL198W	YNL263C
YGL198W	YPL095C
YGL198W	YNL304W
YGL198W	YKR014C
YGL198W	YNL093W
YGL198W	YLR262C
YGL198W	YML001W
YGR052W	YJL086C
YGR073C	YML119W
YGR079W	YNL081C
YGR126W	YLR063W
YGR294W	YHL018W
YHL010C	YKR017C
YHR083W	YNL092W
YHR115C	YNL116W
YHR140W	YIL023C
YHR140W	YMR279C
YHR140W	YOL003C
YHR140W	YPR028W
YHR140W	YBR183W
YHR151C	YNL193W
YNL263C	YPR028W
YNL263C	YNL304W
YNL263C	YKR014C
YNL263C	YNL093W
YNL263C	YLR262C
YNL263C	YML001W
YIL019W	YMR258C
YIL024C	YNL092W
YIL025C	YOR006C
YIL025C	YOR352W
YIL092W	YNR040W
YIL105C	YNL047C
YIL171W	YML002W
YIL171W	YPR028W
YJL185C	YMR204C
YJL199C	YLR198C
YJR011C	YNR069C
YJR083C	YHR016C
YJR097W	YNL092W
YKL036C	YKL126W
YKL082C	YML109W
YKL153W	YNL092W
YKR074W	YLR446W
YLL047W	YMR069W
YLL049W	YNR069C
YLR064W	YHR016C
YLR124W	YNL092W
YLR125W	YMR030W
YLR211C	YLR446W
YLR324W	YPR028W
YML037C	YNL092W
YMR147W	YFR049W
YNL028W	YNL045W
YNL092W	YOR004W
YNL208W	YOR285W
YNL266W	YOL131W
YNR040W	YOL131W
YNR046W	YOL124C
YOR131C	YPL034W
YKR014C	YNL093W
YLR277C	YPR107C
