YAL001C	P34111	0
YAL002W	P39702	1
YAL003W	P32471	2
YAL007C	P39704	3
YAL011W	P31376	4
YAL016W	P31383	5
YAL021C	P31384	6
YAL024C	P07866	7
YAL026C	P39524	8
YAL027W	P39735	9
YAL029C	P32492	10
YAL032C	P28004	11
YAL033W	P28005	12
YAL034C	P28003	13
YAL034W-A	P39731	14
YAL035W	P39730	15
YAL042W	P39727	16
YAL043C	Q01329	17
YAL047C	P39723	18
YAL053W	P39719	19
YAL062W	P39708	20
YAR002C-A	Q05359	21
YAR002W	P39705	22
YAR003W	P39706	23
YAR007C	P22336	24
YAR014C	P27637	25
YAR073W	P39567	26
YAR075W	O42831	27
YBL002W	P02294	28
YBL003C	P04912	29
YBL004W	P35194	30
YBL007C	P32790	31
YBL008W	P32479	32
YBL014C	P32786	33
YBL021C	P13434	34
YBL026W	P38203	35
YBL027W	P0CX83	36
YBL035C	P38121	37
YBL037W	P38065	38
YBL038W	P38064	39
YBL041W	P23724	40
YBL045C	P07256	41
YBL046W	P38193	42
YBL047C	P34216	43
YBL056W	P34221	44
YBL067C	P38187	45
YBL072C	P0CX39	46
YBL074C	P32357	47
YBL079W	P38181	48
YBL084C	P38042	49
YBL087C	P0CX41	50
YBL090W	P38175	51
YBL092W	P38061	52
YBL093C	P25046	53
YBL097W	P38170	54
YBL099W	P07251	55
YBL103C	P38165	56
YBL105C	P24583	57
YBR010W	P61830	58
YBR011C	P00817	59
YBR017C	P38217	60
YBR025C	P38219	61
YBR031W	P10664	62
YBR048W	P0CX48	63
YBR052C	P38234	64
YBR055C	P19735	65
YBR060C	P32833	66
YBR061C	P38238	67
YBR065C	P38241	68
YBR072W	P15992	69
YBR079C	P38249	70
YBR081C	P35177	71
YBR084W	P09440	72
YBR087W	P38251	73
YBR094W	P38254	74
YBR095C	P38255	75
YBR097W	P22219	76
YBR102C	P38261	77
YBR103W	P38262	78
YBR105C	P38263	79
YBR107C	P38265	80
YBR109C	P06787	81
YBR117C	P33315	82
YBR119W	P32605	83
YBR122C	P36531	84
YBR123C	P32367	85
YBR125C	P38089	86
YBR126C	Q00764	87
YBR127C	P16140	88
YBR128C	P38270	89
YBR130C	P38272	90
YBR135W	P20486	91
YBR136W	P38111	92
YBR137W	P38276	93
YBR142W	P38112	94
YBR143C	P12385	95
YBR146W	P38120	96
YBR152W	P38282	97
YBR154C	P20434	98
YBR160W	P00546	99
YBR167C	P38291	100
YBR169C	P32590	101
YBR170C	P33755	102
YBR171W	P33754	103
YBR175W	P38123	104
YBR189W	P05755	105
YBR191W	Q02753	106
YBR193C	P38304	107
YBR195C	P13712	108
YBR196C	P12709	109
YBR198C	P38129	110
YBR211C	P38313	111
YBR215W	Q01448	112
YBR221C	P32473	113
YBR225W	P38321	114
YBR229C	P38138	115
YBR231C	P38326	116
YBR234C	P38328	117
YBR245C	P38144	118
YBR247C	P38333	119
YBR251W	P33759	120
YBR253W	P32570	121
YBR254C	P38334	122
YBR257W	P38336	123
YBR258C	P38337	124
YBR260C	P38339	125
YBR267W	P38344	126
YBR278W	P27344	127
YBR279W	P38351	128
YBR282W	P36526	129
YBR288C	P38153	130
YBR289W	P18480	131
YCL008C	P25604	132
YCL010C	P25554	133
YCL011C	P25555	134
YCL016C	P25559	135
YCL017C	P25374	136
YCL024W	P25389	137
YCL031C	P25368	138
YCL032W	P25344	139
YCL037C	P25567	140
YCL043C	P17967	141
YCL048W	P25380	142
YCL054W	P25582	143
YCL059C	P25586	144
YCR002C	P25342	145
YCR004C	P25349	146
YCR009C	P25343	147
YCR012W	P00560	148
YCR014C	P25615	149
YCR020C-A	P23059	150
YCR020W-B	Q9URQ5	151
YCR024C	P25345	152
YCR028C-A	P32445	153
YCR030C	P25623	154
YCR031C	P06367	155
YCR033W	P25357	156
YCR035C	P25359	157
YCR042C	P23255	158
YCR046C	P25626	159
YCR052W	P25632	160
YCR057C	P25635	161
YCR060W	P25638	162
YCR063W	P25337	163
YCR066W	P10862	164
YCR071C	P25642	165
YCR072C	P25382	166
YCR076C	P25659	167
YCR077C	P25644	168
YCR079W	P25646	169
YCR081W	P25648	170
YCR088W	P15891	171
YCR092C	P25336	172
YCR093W	P25655	173
YCR095C	P25366	174
YDL002C	Q03435	175
YDL003W	Q12158	176
YDL005C	Q12124	177
YDL007W	P40327	178
YDL013W	P32828	179
YDL014W	P15646	180
YDL018C	Q12403	181
YDL029W	P32381	182
YDL030W	P19736	183
YDL031W	Q12389	184
YDL040C	P12945	185
YDL042C	P06700	186
YDL043C	Q07350	187
YDL044C	P10849	188
YDL045W-A	O75012	189
YDL047W	P20604	190
YDL051W	P33399	191
YDL053C	Q07362	192
YDL055C	P41940	193
YDL056W	P39678	194
YDL060W	Q07381	195
YDL066W	P21954	196
YDL070W	Q07442	197
YDL074C	Q07457	198
YDL075W	P0C2H8	199
YDL076C	Q07458	200
YDL077C	Q07468	201
YDL082W	Q12690	202
YDL083C	P0CX52	203
YDL084W	Q07478	204
YDL087C	Q07508	205
YDL092W	P38985	206
YDL097C	Q12377	207
YDL098C	Q12368	208
YDL099W	Q12191	209
YDL102W	P15436	210
YDL108W	P06242	211
YDL111C	Q12277	212
YDL112W	Q07527	213
YDL116W	P52891	214
YDL126C	P25694	215
YDL131W	Q12122	216
YDL132W	Q12018	217
YDL134C	P23594	218
YDL140C	P04050	219
YDL143W	P39078	220
YDL145C	P53622	221
YDL147W	Q12250	222
YDL148C	Q99207	223
YDL150W	P25441	224
YDL155W	P24870	225
YDL156W	Q12510	226
YDL160C	P39517	227
YDL165W	P06100	228
YDL175C	Q12476	229
YDL182W	P48570	230
YDL185W	P17255	231
YDL188C	P23595	232
YDL195W	P38968	233
YDL201W	Q12009	234
YDL203C	Q07622	235
YDL208W	P32495	236
YDL209C	Q12046	237
YDL213C	Q07623	238
YDL216C	Q12468	239
YDL225W	Q07657	240
YDR001C	P32356	241
YDR005C	P41910	242
YDR012W	P49626	243
YDR013W	Q12488	244
YDR016C	Q12248	245
YDR022C	Q12421	246
YDR027C	Q12071	247
YDR028C	Q00816	248
YDR032C	Q12335	249
YDR036C	P28817	250
YDR041W	Q03201	251
YDR045C	Q04307	252
YDR049W	Q04311	253
YDR050C	P00942	254
YDR054C	P14682	255
YDR060W	Q12176	256
YDR062W	P40970	257
YDR064W	P05756	258
YDR067C	Q12454	259
YDR071C	Q12447	260
YDR073W	P38956	261
YDR074W	P31688	262
YDR075W	P32345	263
YDR080W	P38959	264
YDR087C	P35178	265
YDR091C	Q03195	266
YDR097C	Q03834	267
YDR099W	P34730	268
YDR101C	Q03862	269
YDR108W	P46944	270
YDR116C	Q04599	271
YDR118W	Q04601	272
YDR121W	Q04603	273
YDR127W	P08566	274
YDR137W	P16664	275
YDR138W	P17629	276
YDR141C	Q03921	277
YDR145W	Q03761	278
YDR148C	P19262	279
YDR152W	Q03768	280
YDR155C	P14832	281
YDR156W	P50106	282
YDR165W	Q03774	283
YDR166C	P89102	284
YDR167W	Q12030	285
YDR170C	P11075	286
YDR171W	Q12329	287
YDR172W	P05453	288
YDR174W	Q03973	289
YDR175C	Q03976	290
YDR176W	P32494	291
YDR179C	Q03981	292
YDR180W	Q04002	293
YDR186C	Q04007	294
YDR188W	P39079	295
YDR190C	Q03940	296
YDR195W	P42073	297
YDR201W	Q03954	298
YDR202C	Q03956	299
YDR207C	P39001	300
YDR211W	P32501	301
YDR221W	Q04924	302
YDR224C	P02293	303
YDR225W	P04911	304
YDR227W	P11978	305
YDR228C	P39081	306
YDR231C	Q04935	307
YDR233C	Q04947	308
YDR235W	Q03776	309
YDR237W	P36519	310
YDR238C	P41810	311
YDR240C	Q03782	312
YDR245W	P50108	313
YDR246W	Q03784	314
YDR254W	P38907	315
YDR255C	Q12508	316
YDR264C	P39010	317
YDR267C	Q05583	318
YDR279W	Q05635	319
YDR280W	Q05636	320
YDR288W	Q05541	321
YDR289C	Q05543	322
YDR292C	P32916	323
YDR295C	Q06629	324
YDR296W	Q06630	325
YDR299W	Q06631	326
YDR301W	Q06632	327
YDR303C	Q06639	328
YDR308C	P47822	329
YDR311W	P32776	330
YDR318W	Q06675	331
YDR320C	P69851	332
YDR322W	Q06678	333
YDR324C	Q06679	334
YDR325W	Q06680	335
YDR328C	P52286	336
YDR334W	Q05471	337
YDR337W	P21771	338
YDR347W	P10662	339
YDR349C	Q06325	340
YDR359C	Q06337	341
YDR361C	Q06338	342
YDR362C	Q06339	343
YDR363W-A	O94742	344
YDR364C	P40968	345
YDR365C	Q06344	346
YDR369C	P33301	347
YDR378C	Q06406	348
YDR381W	Q12159	349
YDR383C	Q12493	350
YDR388W	P39743	351
YDR390C	P52488	352
YDR392W	P06844	353
YDR394W	P33298	354
YDR398W	Q04177	355
YDR404C	P34087	356
YDR405W	P32387	357
YDR407C	Q04183	358
YDR415C	Q04033	359
YDR416W	Q04048	360
YDR418W	P0CX54	361
YDR422C	P32578	362
YDR425W	Q04053	363
YDR427W	Q04062	364
YDR429C	Q04067	365
YDR432W	Q01560	366
YDR443C	P38931	367
YDR448W	Q02336	368
YDR449C	Q02354	369
YDR460W	Q03290	370
YDR462W	P36527	371
YDR469W	Q03323	372
YDR471W	P0C2H7	373
YDR472W	Q03337	374
YDR473C	Q03338	375
YDR477W	P06782	376
YDR478W	P40993	377
YDR484W	P39904	378
YDR485C	Q03388	379
YDR489W	Q03406	380
YDR490C	Q03407	381
YDR496C	Q04373	382
YDR498C	P28791	383
YDR502C	P19358	384
YDR507C	Q12263	385
YDR517W	Q04410	386
YEL002C	P33767	387
YEL003W	P40005	388
YEL013W	P39968	389
YEL015W	P39998	390
YEL018W	P39995	391
YEL022W	P39993	392
YEL026W	P39990	393
YEL034W	P23301	394
YEL036C	P32629	395
YEL037C	P32628	396
YEL051W	P32610	397
YEL053C	Q02197	398
YEL054C	P0CX53	399
YEL055C	P39985	400
YEL056W	P39984	401
YEL058W	P38628	402
YER006W	P40010	403
YER007C-A	P89886	404
YER008C	P33332	405
YER012W	P22141	406
YER017C	P39925	407
YER018C	P40014	408
YER021W	P40016	409
YER022W	P32569	410
YER025W	P32481	411
YER027C	Q04739	412
YER029C	P40018	413
YER031C	P38555	414
YER043C	P39954	415
YER048W-A	Q6Q560	416
YER050C	P40033	417
YER071C	P40045	418
YER074W	P0CX31	419
YER081W	P40054	420
YER082C	P40055	421
YER086W	P00927	422
YER089C	P39966	423
YER092W	P40060	424
YER094C	P25451	425
YER104W	P40063	426
YER107C	P40066	427
YER110C	P40069	428
YER111C	P25302	429
YER112W	P40070	430
YER120W	P40075	431
YER122C	P38682	432
YER125W	P39940	433
YER126C	P40078	434
YER127W	P40079	435
YER129W	P38990	436
YER131W	P39939	437
YER133W	P32598	438
YER136W	P39958	439
YER139C	P40084	440
YER140W	P40085	441
YER146W	P40089	442
YER147C	P40090	443
YER148W	P13393	444
YER149C	P40091	445
YER151C	Q01477	446
YER157W	P40094	447
YER162C	P14736	448
YER164W	P32657	449
YER165W	P04147	450
YER171W	P06839	451
YER172C	P32639	452
YER177W	P29311	453
YER178W	P16387	454
YFL002C	P25808	455
YFL007W	P43583	456
YFL008W	P32908	457
YFL013C	P43579	458
YFL017W-A	P40204	459
YFL018C	P09624	460
YFL022C	P15625	461
YFL023W	P43573	462
YFL024C	P43572	463
YFL028C	P43569	464
YFL037W	P02557	465
YFL039C	P60010	466
YFL045C	P07283	467
YFL049W	P43554	468
YFR001W	P43586	469
YFR002W	P34077	470
YFR004W	P43588	471
YFR009W	P43535	472
YFR010W	P43593	473
YFR013W	P43596	474
YFR015C	P23337	475
YFR024C-A	P43603	476
YFR031C	P0CX45	477
YFR031C-A	P0CX45	478
YFR032C-A	P05747	479
YFR037C	P43609	480
YFR040W	P43612	481
YFR049W	P19955	482
YFR050C	P30657	483
YFR051C	P43621	484
YFR052W	P32496	485
YGL005C	P53195	486
YGL011C	P21243	487
YGL014W	P25339	488
YGL019W	P43639	489
YGL022W	P39007	490
YGL025C	P40356	491
YGL030W	P14120	492
YGL031C	P04449	493
YGL043W	P07273	494
YGL044C	P25299	495
YGL048C	Q01939	496
YGL049C	P39936	497
YGL058W	P06104	498
YGL061C	P53168	499
YGL066W	P53165	500
YGL070C	P27999	501
YGL076C	P05737	502
YGL086W	P40957	503
YGL092W	P49687	504
YGL094C	P53010	505
YGL097W	P21827	506
YGL098W	P53146	507
YGL100W	P53011	508
YGL103W	P02406	509
YGL105W	P46672	510
YGL106W	P53141	511
YGL111W	P53136	512
YGL112C	P53040	513
YGL115W	P12904	514
YGL120C	P53131	515
YGL122C	P32505	516
YGL123W	P25443	517
YGL125W	P53128	518
YGL127C	P38633	519
YGL128C	P52868	520
YGL129C	Q01163	521
YGL130W	Q01159	522
YGL133W	P53125	523
YGL137W	P41811	524
YGL145W	P33891	525
YGL147C	P05738	526
YGL150C	P53115	527
YGL153W	P53112	528
YGL171W	P45818	529
YGL172W	Q02199	530
YGL173C	P22147	531
YGL189C	P39938	532
YGL190C	Q00362	533
YGL194C	P53096	534
YGL195W	P33892	535
YGL197W	P53094	536
YGL200C	P32803	537
YGL206C	P22137	538
YGL207W	P32558	539
YGL208W	P34164	540
YGL213C	Q02793	541
YGL223C	P53079	542
YGL227W	P53076	543
YGL233W	P22224	544
YGL237C	P06774	545
YGL240W	P53068	546
YGL241W	P53067	547
YGL242C	P53066	548
YGL244W	P53064	549
YGL245W	P46655	550
YGL246C	P53063	551
YGL252C	P32608	552
YGR002C	P53201	553
YGR005C	P41896	554
YGR010W	P53204	555
YGR013W	P53207	556
YGR017W	P53210	557
YGR020C	P39111	558
YGR027C	Q3E792	559
YGR030C	P53218	560
YGR047C	P33339	561
YGR048W	P53044	562
YGR054W	P53235	563
YGR056W	P53236	564
YGR063C	P32914	565
YGR071C	P53246	566
YGR074W	Q02260	567
YGR075C	Q00723	568
YGR076C	P23369	569
YGR078C	P48363	570
YGR081C	P53251	571
YGR083C	P12754	572
YGR084C	P12686	573
YGR085C	Q3E757	574
YGR086C	P53252	575
YGR090W	P53254	576
YGR091W	P49704	577
YGR095C	P53256	578
YGR103W	P53261	579
YGR104C	P32585	580
YGR113W	P53267	581
YGR116W	P23615	582
YGR118W	P0CX29	583
YGR119C	P48837	584
YGR120C	P53271	585
YGR124W	P49090	586
YGR128C	P53276	587
YGR130C	P53278	588
YGR132C	P40961	589
YGR134W	P53280	590
YGR135W	P23638	591
YGR145W	P48234	592
YGR156W	P39927	593
YGR158C	P48240	594
YGR159C	P27476	595
YGR161C	Q12316	596
YGR162W	P39935	597
YGR165W	P53292	598
YGR166W	P32893	599
YGR167W	P17891	600
YGR173W	P53295	601
YGR175C	P32476	602
YGR179C	P53298	603
YGR186W	P41895	604
YGR192C	P00359	605
YGR193C	P16451	606
YGR195W	P46948	607
YGR196C	P46949	608
YGR200C	P42935	609
YGR206W	P42939	610
YGR214W	P32905	611
YGR215W	P53305	612
YGR218W	P30822	613
YGR220C	P31334	614
YGR231C	P50085	615
YGR232W	P50086	616
YGR233C	P17442	617
YGR234W	P39676	618
YGR238C	P50090	619
YGR240C	P16861	620
YGR244C	P53312	621
YGR245C	P53313	622
YGR250C	P53316	623
YGR252W	Q03330	624
YGR253C	P32379	625
YGR254W	P00924	626
YGR261C	P46682	627
YGR262C	P53323	628
YGR264C	P00958	629
YGR274C	P46677	630
YGR275W	P53330	631
YGR278W	P53333	632
YGR283C	P53336	633
YGR285C	P32527	634
YHL001W	P38754	635
YHL002W	P38753	636
YHL004W	P32902	637
YHL011C	P38689	638
YHL015W	P38701	639
YHL020C	P21957	640
YHL025W	P18888	641
YHL029C	P38738	642
YHL030W	P38737	643
YHL033C	P17076	644
YHL034C	P10080	645
YHR010W	P0C2H6	646
YHR012W	P38759	647
YHR020W	P38708	648
YHR023W	P08964	649
YHR027C	P38764	650
YHR029C	P38765	651
YHR034C	P38768	652
YHR041C	P34162	653
YHR052W	P38779	654
YHR058C	P38782	655
YHR062C	P38786	656
YHR064C	P38788	657
YHR069C	P38792	658
YHR081W	P38801	659
YHR084W	P13574	660
YHR085W	P38803	661
YHR086W	Q00539	662
YHR088W	P38805	663
YHR089C	P28007	664
YHR090C	P38806	665
YHR099W	P38811	666
YHR102W	P38692	667
YHR107C	P32468	668
YHR110W	P38819	669
YHR118C	P38826	670
YHR119W	P38827	671
YHR121W	P38828	672
YHR122W	P38829	673
YHR131C	P38835	674
YHR143W-A	P40422	675
YHR146W	P38845	676
YHR148W	P32899	677
YHR156C	P38852	678
YHR158C	P38853	679
YHR164C	P38859	680
YHR165C	P33334	681
YHR166C	P16522	682
YHR167W	O13539	683
YHR170W	P38861	684
YHR172W	P38863	685
YHR174W	P00925	686
YHR187W	P38874	687
YHR191C	P38877	688
YHR193C	P38879	689
YHR196W	P38882	690
YHR197W	P38883	691
YHR200W	P38886	692
YHR204W	P38888	693
YHR208W	P38891	694
YHR216W	P38697	695
YIL017C	P40547	696
YIL021W	P16370	697
YIL022W	Q01852	698
YIL034C	P13517	699
YIL035C	P15790	700
YIL050W	P40186	701
YIL061C	Q00916	702
YIL062C	P40518	703
YIL068C	P32844	704
YIL070C	P40513	705
YIL071C	P40512	706
YIL074C	P40510	707
YIL075C	P32565	708
YIL076W	P40509	709
YIL084C	P40505	710
YIL093C	P40496	711
YIL094C	P40495	712
YIL097W	P40492	713
YIL098C	P40491	714
YIL103W	P40487	715
YIL109C	P40482	716
YIL112W	P40480	717
YIL115C	P40477	718
YIL125W	P20967	719
YIL126W	P32597	720
YIL128W	P40469	721
YIL133C	P26784	722
YIL142W	P39076	723
YIL143C	Q00578	724
YIL144W	P40460	725
YIL153W	P40454	726
YIL161W	P40449	727
YIR001C	P40561	728
YIR003W	P40563	729
YIR006C	P32521	730
YIR008C	P10363	731
YIR009W	P40567	732
YIR010W	P40568	733
YIR025W	P40577	734
YJL001W	P38624	735
YJL002C	P41543	736
YJL006C	P46962	737
YJL011C	P47076	738
YJL024C	P47064	739
YJL026W	P09938	740
YJL029C	P47061	741
YJL030W	P40958	742
YJL031C	Q00618	743
YJL033W	P20448	744
YJL034W	P16474	745
YJL036W	P47057	746
YJL041W	P14907	747
YJL047C	P47050	748
YJL050W	P47047	749
YJL052W	P00360	750
YJL053W	P40335	751
YJL061W	P40368	752
YJL063C	P22353	753
YJL065C	P40366	754
YJL066C	P40364	755
YJL069C	P40362	756
YJL070C	P40361	757
YJL072C	P40359	758
YJL074C	P47037	759
YJL076W	P47035	760
YJL080C	P06105	761
YJL081C	P80428	762
YJL084C	P47029	763
YJL085W	P19658	764
YJL098W	P40856	765
YJL099W	P40955	766
YJL109C	P42945	767
YJL111W	P42943	768
YJL115W	P32447	769
YJL124C	P47017	770
YJL125C	P46959	771
YJL138C	P10081	772
YJL140W	P20433	773
YJL146W	P46958	774
YJL148W	P47006	775
YJL154C	P34110	776
YJL164C	P06244	777
YJL173C	P26755	778
YJL176C	P32591	779
YJL177W	P46990	780
YJL179W	P46988	781
YJL180C	P22135	782
YJL183W	P46985	783
YJL184W	P46984	784
YJL190C	P0C0W1	785
YJL191W	P39516	786
YJL203W	P32524	787
YJL208C	P08466	788
YJR002W	P47083	789
YJR005W	P27351	790
YJR007W	P20459	791
YJR009C	P00358	792
YJR011C	P47086	793
YJR014W	P47089	794
YJR022W	P47093	795
YJR033C	P47104	796
YJR041C	P47108	797
YJR042W	P46673	798
YJR043C	P47110	799
YJR045C	P0CS90	800
YJR050W	P21374	801
YJR063W	P32529	802
YJR065C	P47117	803
YJR067C	P47118	804
YJR068W	P40348	805
YJR074W	P47123	806
YJR075W	P47124	807
YJR076C	P32458	808
YJR077C	P23641	809
YJR084W	P47130	810
YJR092W	P47136	811
YJR093C	P45976	812
YJR094W-A	P0CX26	813
YJR101W	P47141	814
YJR109C	P03965	815
YJR112W	P47149	816
YJR113C	P47150	817
YJR121W	P00830	818
YJR123W	P26783	819
YJR135C	P47167	820
YJR140C	P47171	821
YJR145C	P0CX35	822
YJR148W	P47176	823
YKL003C	P28778	824
YKL007W	P28495	825
YKL009W	P33201	826
YKL012W	P33203	827
YKL013C	P33204	828
YKL014C	P34241	829
YKL018W	P36104	830
YKL022C	P09798	831
YKL023W	P36103	832
YKL025C	P36102	833
YKL029C	P36013	834
YKL045W	P20457	835
YKL046C	P36091	836
YKL052C	P35734	837
YKL057C	P35729	838
YKL058W	P32774	839
YKL059C	P35728	840
YKL060C	P14540	841
YKL074C	P36084	842
YKL078W	P36009	843
YKL080W	P31412	844
YKL081W	P36008	845
YKL088W	P36076	846
YKL104C	P14742	847
YKL119C	P32341	848
YKL122C	P32342	849
YKL130C	P36068	850
YKL135C	P36000	851
YKL139W	Q03957	852
YKL142W	P35719	853
YKL143W	P34078	854
YKL144C	P35718	855
YKL145W	P33299	856
YKL148C	Q00711	857
YKL152C	P00950	858
YKL154W	P36057	859
YKL155C	P36056	860
YKL167C	P32388	861
YKL172W	P36049	862
YKL173W	P36048	863
YKL180W	P05740	864
YKL181W	P32895	865
YKL182W	P07149	866
YKL190W	P25296	867
YKL191W	P32461	868
YKL196C	P36015	869
YKL206C	P36040	870
YKL210W	P22515	871
YKL214C	P36036	872
YKR001C	P21576	873
YKR002W	P29468	874
YKR006C	Q02204	875
YKR008W	Q02206	876
YKR014C	P36018	877
YKR021W	P36117	878
YKR022C	P36118	879
YKR025W	P36121	880
YKR026C	P14741	881
YKR027W	P36122	882
YKR028W	P36123	883
YKR029C	P36124	884
YKR037C	P36131	885
YKR038C	P36132	886
YKR048C	P25293	887
YKR060W	P36144	888
YKR068C	P36149	889
YKR071C	P36152	890
YKR072C	P36024	891
YKR079C	P36159	892
YKR081C	P36160	893
YKR083C	P36162	894
YKR085C	P22354	895
YKR091W	P36167	896
YLL002W	Q07794	897
YLL004W	P54790	898
YLL008W	P32892	899
YLL010C	Q07800	900
YLL011W	P33750	901
YLL021W	P23201	902
YLL022C	Q12373	903
YLL026W	P31539	904
YLL034C	Q07844	905
YLL036C	P32523	906
YLL041C	P21801	907
YLL045C	P29453	908
YLR002C	Q07896	909
YLR005W	Q04673	910
YLR015W	P43132	911
YLR025W	P39929	912
YLR028C	P54113	913
YLR029C	P05748	914
YLR033W	Q07979	915
YLR035C	Q12088	916
YLR039C	P40395	917
YLR044C	P06169	918
YLR048W	P46654	919
YLR052W	Q12345	920
YLR055C	P38915	921
YLR060W	P15624	922
YLR071C	P19263	923
YLR074C	Q08004	924
YLR075W	P41805	925
YLR085C	Q12509	926
YLR102C	Q12107	927
YLR106C	Q12019	928
YLR115W	Q12102	929
YLR116W	Q12186	930
YLR117C	Q12309	931
YLR119W	Q99176	932
YLR127C	Q12440	933
YLR129W	Q12220	934
YLR132C	Q12208	935
YLR139C	P42900	936
YLR146C	Q12455	937
YLR147C	P43321	938
YLR148W	P27801	939
YLR150W	P39015	940
YLR166C	Q06245	941
YLR170C	P35181	942
YLR175W	P33322	943
YLR178C	P14306	944
YLR180W	P10659	945
YLR182W	P09959	946
YLR186W	Q06287	947
YLR192C	Q05775	948
YLR196W	P21304	949
YLR197W	Q12460	950
YLR199C	Q05778	951
YLR200W	P52553	952
YLR203C	P32335	953
YLR208W	Q04491	954
YLR212C	P53378	955
YLR215C	Q05791	956
YLR221C	Q05942	957
YLR222C	Q05946	958
YLR223C	P39520	959
YLR226W	Q05949	960
YLR240W	P22543	961
YLR249W	P16521	962
YLR258W	P27472	963
YLR259C	P19882	964
YLR262C	Q99260	965
YLR264W	P0C0X0	966
YLR268W	P22214	967
YLR270W	Q06151	968
YLR272C	Q06156	969
YLR275W	Q06217	970
YLR276C	Q06218	971
YLR277C	Q06224	972
YLR287C	P0CX33	973
YLR287C-A	P0CX33	974
YLR291C	P32502	975
YLR292C	P39742	976
YLR293C	P32835	977
YLR298C	Q05900	978
YLR310C	P04821	979
YLR312W-A	P36523	980
YLR314C	P32457	981
YLR315W	Q06162	982
YLR321C	Q06168	983
YLR325C	P49167	984
YLR328W	Q06178	985
YLR330W	Q12114	986
YLR335W	P32499	987
YLR337C	P37370	988
YLR340W	P05317	989
YLR342W	P38631	990
YLR344W	P05743	991
YLR347C	Q06142	992
YLR357W	Q06488	993
YLR360W	Q05919	994
YLR362W	P23561	995
YLR367W	Q3E7Y3	996
YLR370C	Q05933	997
YLR371W	P51862	998
YLR373C	Q05934	999
YLR381W	Q12748	1000
YLR384C	Q06706	1001
YLR385C	Q06707	1002
YLR386W	Q06708	1003
YLR396C	P20795	1004
YLR398C	P35207	1005
YLR399C	P35817	1006
YLR406C	P0C2H9	1007
YLR407W	Q06070	1008
YLR409C	Q06078	1009
YLR410W	P0C2J3	1010
YLR417W	Q06696	1011
YLR418C	Q06697	1012
YLR423C	Q06410	1013
YLR424W	Q06411	1014
YLR429W	Q06440	1015
YLR430W	Q00416	1016
YLR432W	P50095	1017
YLR433C	P23287	1018
YLR435W	Q06672	1019
YLR436C	Q06673	1020
YLR438C-A	P57743	1021
YLR439W	P36517	1022
YLR440C	Q12745	1023
YLR441C	P33442	1024
YLR447C	P32366	1025
YLR448W	P05739	1026
YLR449W	Q06205	1027
YML007W	P19880	1028
YML009C	P36533	1029
YML010W	P27692	1030
YML012W	P54837	1031
YML014W	P49957	1032
YML015C	Q04226	1033
YML016C	P26570	1034
YML024W	P02407	1035
YML025C	P51998	1036
YML026C	P0CX56	1037
YML028W	P34760	1038
YML032C	P06778	1039
YML035C	P15274	1040
YML036W	Q03705	1041
YML041C	Q03433	1042
YML046W	P39682	1043
YML049C	Q04693	1044
YML056C	P50094	1045
YML057W	P14747	1046
YML062C	P33441	1047
YML063W	P23248	1048
YML065W	P54784	1049
YML067C	Q04651	1050
YML069W	Q04636	1051
YML071C	Q04632	1052
YML072C	Q03640	1053
YML073C	Q02326	1054
YML074C	P38911	1055
YML077W	Q03630	1056
YML092C	P23639	1057
YML094W	Q04493	1058
YML095C	P06838	1059
YML098W	P11747	1060
YML100W	P38427	1061
YML102W	Q04199	1062
YML105C	P29478	1063
YML109W	P54786	1064
YML112W	P46963	1065
YML114C	Q03750	1066
YML117W	Q03735	1067
YML124C	P09734	1068
YML127W	Q03124	1069
YMR005W	P50105	1070
YMR012W	Q03690	1071
YMR024W	P36516	1072
YMR025W	Q04368	1073
YMR031C	Q05050	1074
YMR033W	Q05123	1075
YMR047C	Q02630	1076
YMR048W	Q04659	1077
YMR049C	Q04660	1078
YMR061W	P25298	1079
YMR072W	Q02486	1080
YMR075W	Q04779	1081
YMR078C	P49956	1082
YMR083W	P07246	1083
YMR089C	P40341	1084
YMR091C	P32832	1085
YMR093W	Q04305	1086
YMR099C	Q03161	1087
YMR109W	Q04439	1088
YMR112C	Q99278	1089
YMR116C	P38011	1090
YMR117C	Q04477	1091
YMR125W	P34160	1092
YMR128W	Q04217	1093
YMR135C	P40208	1094
YMR139W	P38615	1095
YMR142C	P40212	1096
YMR143W	P0CX51	1097
YMR146C	P40217	1098
YMR149W	Q02795	1099
YMR153W	Q03790	1100
YMR158W	Q03799	1101
YMR167W	P38920	1102
YMR172W	Q03213	1103
YMR186W	P15108	1104
YMR188C	Q03246	1105
YMR191W	P42933	1106
YMR192W	Q04322	1107
YMR193W	P36525	1108
YMR194W	P05745	1109
YMR197C	Q04338	1110
YMR199W	P20437	1111
YMR203W	P23644	1112
YMR205C	P16862	1113
YMR213W	Q03654	1114
YMR214W	P25303	1115
YMR218C	Q03660	1116
YMR223W	P50102	1117
YMR224C	P32829	1118
YMR227C	Q05021	1119
YMR229C	Q05022	1120
YMR230W	P46784	1121
YMR231W	P12868	1122
YMR236W	Q05027	1123
YMR237W	Q05029	1124
YMR240C	Q02554	1125
YMR242C	P0CX23	1126
YMR258C	Q04847	1127
YMR259C	Q03496	1128
YMR261C	P38426	1129
YMR263W	P38429	1130
YMR268C	P49960	1131
YMR273C	P50111	1132
YMR288W	P49955	1133
YMR290C	Q03532	1134
YMR296C	P25045	1135
YMR297W	P00729	1136
YMR303C	P00331	1137
YMR304W	P50101	1138
YMR308C	P32337	1139
YMR309C	P32497	1140
YMR310C	Q04867	1141
YMR312W	Q04868	1142
YMR314W	P40302	1143
YNL002C	P40693	1144
YNL004W	P38922	1145
YNL005C	P12687	1146
YNL021W	P53973	1147
YNL023C	P53971	1148
YNL025C	P47821	1149
YNL030W	P02309	1150
YNL031C	P61830	1151
YNL032W	P53965	1152
YNL037C	P28834	1153
YNL041C	P53959	1154
YNL049C	P53953	1155
YNL051W	P53951	1156
YNL055C	P04840	1157
YNL059C	P53946	1158
YNL061W	P40991	1159
YNL062C	P41814	1160
YNL069C	P26785	1161
YNL071W	P12695	1162
YNL072W	P53942	1163
YNL075W	P53941	1164
YNL078W	P53939	1165
YNL081C	P53937	1166
YNL082W	P14242	1167
YNL084C	P39013	1168
YNL085W	P40850	1169
YNL096C	P48164	1170
YNL097C	P50947	1171
YNL099C	P50946	1172
YNL102W	P13382	1173
YNL104C	P06208	1174
YNL106C	P50942	1175
YNL107W	P53930	1176
YNL110C	P53927	1177
YNL112W	P24783	1178
YNL113W	P28000	1179
YNL118C	P53550	1180
YNL126W	P53540	1181
YNL132W	P53914	1182
YNL135C	P20081	1183
YNL136W	P53911	1184
YNL137C	P27929	1185
YNL138W	P17555	1186
YNL147W	P53905	1187
YNL149C	P53903	1188
YNL151C	P17890	1189
YNL153C	P53900	1190
YNL172W	P53886	1191
YNL177C	P53881	1192
YNL178W	P05750	1193
YNL182C	P53877	1194
YNL186W	P53874	1195
YNL189W	Q02821	1196
YNL192W	P08004	1197
YNL201C	P40164	1198
YNL207W	P40160	1199
YNL209W	P40150	1200
YNL212W	P40157	1201
YNL214W	P40155	1202
YNL215W	P40154	1203
YNL218W	P40151	1204
YNL221C	P41812	1205
YNL222W	P53538	1206
YNL224C	P53866	1207
YNL232W	P53859	1208
YNL236W	P32259	1209
YNL238W	P13134	1210
YNL240C	P23503	1211
YNL243W	P33338	1212
YNL244C	P32911	1213
YNL246W	P53853	1214
YNL248C	Q01080	1215
YNL251C	P53617	1216
YNL252C	P36528	1217
YNL253W	P53851	1218
YNL258C	P53847	1219
YNL260C	P53846	1220
YNL261W	P50874	1221
YNL262W	P21951	1222
YNL273W	P53840	1223
YNL282W	P53833	1224
YNL284C	Q12112	1225
YNL287W	P32074	1226
YNL288W	P53829	1227
YNL290W	P38629	1228
YNL297C	P48563	1229
YNL301C	P0CX50	1230
YNL302C	P07281	1231
YNL306W	P42847	1232
YNL308C	P42846	1233
YNL312W	P26754	1234
YNL317W	P42841	1235
YNL325C	P42837	1236
YNL330C	P32561	1237
YNR003C	P32910	1238
YNR006W	P40343	1239
YNR010W	P33308	1240
YNR023W	P53628	1241
YNR024W	P53725	1242
YNR035C	P53731	1243
YNR037C	P53733	1244
YNR046W	P53738	1245
YNR051C	P53741	1246
YNR052C	P39008	1247
YNR053C	P53742	1248
YNR054C	P53743	1249
YOL001W	P20052	1250
YOL004W	P22579	1251
YOL005C	P38902	1252
YOL010W	Q08096	1253
YOL012C	Q12692	1254
YOL017W	Q08119	1255
YOL021C	Q08162	1256
YOL031C	Q08199	1257
YOL034W	Q08204	1258
YOL038W	P40303	1259
YOL039W	P05319	1260
YOL040C	Q01855	1261
YOL041C	Q08208	1262
YOL051W	P19659	1263
YOL054W	Q12161	1264
YOL062C	Q99186	1265
YOL063C	Q08226	1266
YOL067C	P32607	1267
YOL068C	P53685	1268
YOL069W	P33895	1269
YOL070C	Q08229	1270
YOL076W	Q12387	1271
YOL077C	Q08235	1272
YOL086C	P00330	1273
YOL087C	Q99247	1274
YOL090W	P25847	1275
YOL094C	P40339	1276
YOL115W	P53632	1277
YOL117W	Q12348	1278
YOL120C	P0CX49	1279
YOL124C	Q12463	1280
YOL127W	P04456	1281
YOL135C	Q08278	1282
YOL139C	P07260	1283
YOL142W	Q08285	1284
YOL144W	Q08287	1285
YOL145C	P89105	1286
YOL146W	Q12146	1287
YOL148C	P50875	1288
YOL149W	Q12517	1289
YOR001W	Q12149	1290
YOR007C	Q12118	1291
YOR014W	P38903	1292
YOR016C	Q12450	1293
YOR027W	P15705	1294
YOR035C	P51534	1295
YOR036W	P32854	1296
YOR038C	P32480	1297
YOR039W	P38930	1298
YOR043W	P12611	1299
YOR048C	Q02792	1300
YOR054C	Q08438	1301
YOR056C	Q08444	1302
YOR058C	P50275	1303
YOR061W	P19454	1304
YOR063W	P14126	1305
YOR069W	Q92331	1306
YOR075W	P41834	1307
YOR078W	Q08492	1308
YOR096W	P26786	1309
YOR098C	P20676	1310
YOR108W	Q12166	1311
YOR110W	Q12415	1312
YOR115C	Q99394	1313
YOR116C	P04051	1314
YOR117W	P33297	1315
YOR123C	P38439	1316
YOR124C	Q01476	1317
YOR132W	P32913	1318
YOR133W	P32324	1319
YOR136W	P28241	1320
YOR138C	Q12242	1321
YOR141C	Q12386	1322
YOR142W	P53598	1323
YOR144C	Q12050	1324
YOR145C	Q99216	1325
YOR150W	Q12487	1326
YOR151C	P08518	1327
YOR153W	P33302	1328
YOR154W	Q12232	1329
YOR156C	Q12216	1330
YOR157C	P25043	1331
YOR158W	P17558	1332
YOR159C	Q12330	1333
YOR173W	Q12123	1334
YOR174W	Q12343	1335
YOR179C	Q08553	1336
YOR181W	Q12446	1337
YOR185C	P32836	1338
YOR194C	P32773	1339
YOR198C	P38934	1340
YOR204W	P06634	1341
YOR206W	P39744	1342
YOR207C	P22276	1343
YOR210W	P22139	1344
YOR212W	P18851	1345
YOR217W	P38630	1346
YOR224C	P20436	1347
YOR230W	Q12363	1348
YOR234C	P41056	1349
YOR244W	Q08649	1350
YOR249C	Q08683	1351
YOR250C	Q08685	1352
YOR254C	P14906	1353
YOR259C	P53549	1354
YOR260W	P09032	1355
YOR267C	Q08732	1356
YOR270C	P32563	1357
YOR272W	Q12024	1358
YOR276W	P12962	1359
YOR281C	Q12017	1360
YOR290C	P22082	1361
YOR294W	Q08746	1362
YOR299W	Q08754	1363
YOR303W	P07258	1364
YOR304W	Q08773	1365
YOR308C	Q12420	1366
YOR310C	Q12499	1367
YOR319W	Q99181	1368
YOR323C	P54885	1369
YOR326W	P19524	1370
YOR332W	P22203	1371
YOR340C	P46669	1372
YOR341W	P10964	1373
YOR352W	Q08816	1374
YOR353C	Q08817	1375
YOR358W	Q02516	1376
YOR361C	P06103	1377
YOR362C	P21242	1378
YOR370C	P32864	1379
YOR375C	P07262	1380
YPL001W	Q12341	1381
YPL002C	Q12483	1382
YPL003W	Q12059	1383
YPL004C	Q12230	1384
YPL007C	Q12308	1385
YPL010W	P53600	1386
YPL011C	Q12297	1387
YPL012W	Q12754	1388
YPL013C	Q02608	1389
YPL016W	P09547	1390
YPL018W	Q02732	1391
YPL020C	Q02724	1392
YPL022W	P06777	1393
YPL023C	P46151	1394
YPL031C	P17157	1395
YPL037C	Q02642	1396
YPL042C	P39073	1397
YPL043W	P37838	1398
YPL045W	Q03308	1399
YPL047W	Q03067	1400
YPL048W	P29547	1401
YPL049C	Q03063	1402
YPL050C	P39107	1403
YPL055C	Q02796	1404
YPL066W	Q12194	1405
YPL081W	O13516	1406
YPL082C	P32333	1407
YPL085W	P48415	1408
YPL086C	Q02908	1409
YPL090C	P0CX37	1410
YPL093W	Q02892	1411
YPL094C	P21825	1412
YPL101W	Q02884	1413
YPL118W	Q02950	1414
YPL120W	Q02948	1415
YPL126W	Q02931	1416
YPL128C	Q02457	1417
YPL129W	P35189	1418
YPL131W	P26321	1419
YPL137C	Q03016	1420
YPL138C	Q03012	1421
YPL139C	Q03010	1422
YPL143W	P05744	1423
YPL146C	Q12080	1424
YPL151C	Q12417	1425
YPL153C	P22216	1426
YPL154C	P07267	1427
YPL178W	Q08920	1428
YPL181W	Q08923	1429
YPL190C	P38996	1430
YPL195W	Q08951	1431
YPL198W	Q12213	1432
YPL203W	P06245	1433
YPL204W	P29295	1434
YPL208W	Q08961	1435
YPL210C	P38688	1436
YPL211W	Q08962	1437
YPL213W	Q08963	1438
YPL217C	Q08965	1439
YPL219W	Q08966	1440
YPL220W	P0CX43	1441
YPL228W	O13297	1442
YPL231W	P19097	1443
YPL233W	Q12143	1444
YPL235W	Q12464	1445
YPL237W	P09064	1446
YPL240C	P02829	1447
YPL243W	P38687	1448
YPL249C	Q12344	1449
YPL249C-A	O14455	1450
YPL254W	Q12060	1451
YPL256C	P20438	1452
YPL259C	Q00776	1453
YPL266W	P41819	1454
YPR010C	P22138	1455
YPR016C	Q12522	1456
YPR018W	Q12495	1457
YPR023C	Q12432	1458
YPR025C	P37366	1459
YPR029C	Q12028	1460
YPR034W	Q12406	1461
YPR035W	P32288	1462
YPR036W	P41807	1463
YPR041W	P38431	1464
YPR046W	Q12262	1465
YPR048W	Q12181	1466
YPR049C	Q12527	1467
YPR051W	Q03503	1468
YPR052C	P11632	1469
YPR055W	P32855	1470
YPR056W	Q12004	1471
YPR057W	Q99177	1472
YPR066W	Q99344	1473
YPR067W	Q12425	1474
YPR069C	Q12074	1475
YPR070W	Q12321	1476
YPR072W	Q12514	1477
YPR074C	P23254	1478
YPR080W	P02994	1479
YPR082C	Q06819	1480
YPR088C	P20424	1481
YPR093C	Q06834	1482
YPR101W	Q06091	1483
YPR102C	P0C0W9	1484
YPR103W	P30656	1485
YPR105C	Q06096	1486
YPR107C	Q06102	1487
YPR108W	Q06103	1488
YPR110C	P07703	1489
YPR112C	Q06106	1490
YPR131C	Q06504	1491
YPR133C	Q06505	1492
YPR137W	Q06506	1493
YPR140W	Q06510	1494
YPR144C	Q06512	1495
YPR145W	P49089	1496
YPR149W	Q12207	1497
YPR161C	P23293	1498
YPR162C	P54791	1499
YPR168W	Q06213	1500
YPR169W	Q06214	1501
YPR171W	Q06604	1502
YPR173C	P52917	1503
YPR174C	Q06616	1504
YPR175W	P24482	1505
YPR176C	P20133	1506
YPR178W	P20053	1507
YPR179C	Q06623	1508
YPR180W	Q06624	1509
YPR181C	P15303	1510
YPR182W	P54999	1511
YPR187W	P20435	1512
YPR188C	Q06580	1513
YPR189W	P17883	1514
YPR190C	P32349	1515
YPR191W	P07257	1516
