YAL001C	YGR047C
YAL001C	YOR110W
YAL001C	YPL007C
YAL002W	YLR396C
YAL011W	YDR190C
YAL011W	YDR334W
YAL011W	YLR085C
YAL011W	YPL235W
YAL027W	YML095C
YAL027W	YPL022W
YAL029C	YKL130C
YAL029C	YOR326W
YAL035W	YBR031W
YAL035W	YBR079C
YAL035W	YDL082W
YAL035W	YDR091C
YAL035W	YDR418W
YAL035W	YDR429C
YAL035W	YDR496C
YAL035W	YFR031C-A
YAL035W	YJL190C
YAL035W	YJR123W
YAL035W	YLL045C
YAL035W	YLR192C
YAL035W	YMR309C
YAL035W	YNL178W
YAL035W	YOR063W
YAL035W	YOR361C
YAL035W	YPL198W
YAL047C	YHR172W
YAL047C	YNL126W
YAL053W	YOR153W
YAL062W	YOR375C
YAR002C-A	YGL200C
YAR003W	YBR175W
YAR003W	YHR119W
YAR003W	YLR015W
YAR007C	YHR164C
YAR007C	YML032C
YAR007C	YOL090W
YBL004W	YBL072C
YBL004W	YBR048W
YBL004W	YDL148C
YBL004W	YDR064W
YBL004W	YER082C
YBL004W	YGR090W
YBL004W	YGR145W
YBL004W	YHR196W
YBL004W	YJR002W
YBL004W	YKR060W
YBL004W	YLR129W
YBL004W	YLR197W
YBL004W	YLR222C
YBL004W	YLR367W
YBL004W	YLR409C
YBL004W	YMR093W
YBL004W	YNL132W
YBL004W	YOR145C
YBL004W	YPL012W
YBL004W	YPL126W
YBL004W	YPL266W
YBL008W	YBR215W
YBL026W	YBR055C
YBL026W	YCR077C
YBL026W	YDL098C
YBL026W	YDL160C
YBL026W	YDR378C
YBL026W	YDR473C
YBL026W	YER146W
YBL026W	YER172C
YBL026W	YGL173C
YBL026W	YGR075C
YBL026W	YHR165C
YBL026W	YKL173W
YBL026W	YLR438C-A
YBL026W	YPR178W
YBL027W	YBL092W
YBL027W	YBR031W
YBL027W	YBR048W
YBL027W	YCR031C
YBL027W	YDL075W
YBL027W	YDL082W
YBL027W	YDR012W
YBL027W	YDR064W
YBL027W	YDR471W
YBL027W	YER074W
YBL027W	YFR031C-A
YBL027W	YFR032C-A
YBL027W	YGL014W
YBL027W	YGL031C
YBL027W	YGL103W
YBL027W	YGR085C
YBL027W	YHL033C
YBL027W	YJL177W
YBL027W	YJR123W
YBL027W	YKL180W
YBL027W	YLL045C
YBL027W	YLR150W
YBL027W	YLR448W
YBL027W	YNL069C
YBL027W	YNL096C
YBL027W	YNL178W
YBL027W	YNL301C
YBL027W	YOL040C
YBL027W	YOR063W
YBL027W	YPL090C
YBL038W	YBR122C
YBL038W	YDR116C
YBL038W	YDR322W
YBL038W	YGR220C
YBL038W	YKL167C
YBL038W	YMR024W
YBL038W	YMR193W
YBL038W	YNL284C
YBL041W	YER012W
YBL041W	YER021W
YBL041W	YFR050C
YBL041W	YGR135W
YBL041W	YGR253C
YBL041W	YJL001W
YBL041W	YOL038W
YBL041W	YOR362C
YBL045C	YPR191W
YBL072C	YBR031W
YBL072C	YBR048W
YBL072C	YBR079C
YBL072C	YCL037C
YBL072C	YCR031C
YBL072C	YDL082W
YBL072C	YDL148C
YBL072C	YDR064W
YBL072C	YDR418W
YBL072C	YDR471W
YBL072C	YER074W
YBL072C	YFR031C-A
YBL072C	YGL103W
YBL072C	YGL120C
YBL072C	YGR054W
YBL072C	YGR085C
YBL072C	YGR090W
YBL072C	YGR145W
YBL072C	YHL015W
YBL072C	YHL033C
YBL072C	YHL034C
YBL072C	YJL177W
YBL072C	YJL190C
YBL072C	YJR002W
YBL072C	YJR123W
YBL072C	YKL180W
YBL072C	YLL045C
YBL072C	YLR129W
YBL072C	YLR197W
YBL072C	YLR448W
YBL072C	YMR093W
YBL072C	YMR290C
YBL072C	YNL096C
YBL072C	YNL132W
YBL072C	YNL178W
YBL072C	YOR063W
YBL072C	YOR361C
YBL072C	YPL012W
YBL072C	YPL090C
YBL072C	YPL126W
YBL072C	YPL131W
YBL072C	YPL198W
YBL074C	YBR055C
YBL074C	YER172C
YBL074C	YHR165C
YBL074C	YKL173W
YBL074C	YPR178W
YBL079W	YMR153W
YBL084C	YDR118W
YBL084C	YHR166C
YBL084C	YKL022C
YBL084C	YNL172W
YBL084C	YOR249C
YBL092W	YBR031W
YBL092W	YDL075W
YBL092W	YDL082W
YBL092W	YDR064W
YBL092W	YDR471W
YBL092W	YER074W
YBL092W	YFR031C-A
YBL092W	YFR032C-A
YBL092W	YGL014W
YBL092W	YGL031C
YBL092W	YGL103W
YBL092W	YGR085C
YBL092W	YGR118W
YBL092W	YJL177W
YBL092W	YJR094W-A
YBL092W	YJR123W
YBL092W	YKL180W
YBL092W	YLR448W
YBL092W	YNL069C
YBL092W	YNL096C
YBL092W	YNL301C
YBL092W	YOL040C
YBL092W	YOR063W
YBL099W	YJR121W
YBR017C	YGL122C
YBR017C	YJR077C
YBR025C	YJR121W
YBR025C	YKL081W
YBR031W	YBR048W
YBR031W	YBR142W
YBR031W	YCR031C
YBR031W	YDL075W
YBR031W	YDL082W
YBR031W	YDR012W
YBR031W	YDR418W
YBR031W	YDR471W
YBR031W	YDR496C
YBR031W	YER074W
YBR031W	YFR031C-A
YBR031W	YGL031C
YBR031W	YGL103W
YBR031W	YGR085C
YBR031W	YHL033C
YBR031W	YJL177W
YBR031W	YJL190C
YBR031W	YJR123W
YBR031W	YKL180W
YBR031W	YLL045C
YBR031W	YLR448W
YBR031W	YMR290C
YBR031W	YNL069C
YBR031W	YNL096C
YBR031W	YNL112W
YBR031W	YNL132W
YBR031W	YNL178W
YBR031W	YNL301C
YBR031W	YOL077C
YBR031W	YOL120C
YBR031W	YOR063W
YBR031W	YPL012W
YBR031W	YPL090C
YBR031W	YPL198W
YBR048W	YCR031C
YBR048W	YDL148C
YBR048W	YDR012W
YBR048W	YDR064W
YBR048W	YDR418W
YBR048W	YDR471W
YBR048W	YER025W
YBR048W	YER074W
YBR048W	YFR031C-A
YBR048W	YGR085C
YBR048W	YGR090W
YBR048W	YHL033C
YBR048W	YJL177W
YBR048W	YJL190C
YBR048W	YJR123W
YBR048W	YKL180W
YBR048W	YLL045C
YBR048W	YLR367W
YBR048W	YLR448W
YBR048W	YMR290C
YBR048W	YNL069C
YBR048W	YNL096C
YBR048W	YNL132W
YBR048W	YNL178W
YBR048W	YOR063W
YBR048W	YOR204W
YBR048W	YPL012W
YBR048W	YPL090C
YBR048W	YPL131W
YBR048W	YPL198W
YBR052C	YCR004C
YBR055C	YBR152W
YBR055C	YCR077C
YBR055C	YDL043C
YBR055C	YDL098C
YBR055C	YDL160C
YBR055C	YDR378C
YBR055C	YDR473C
YBR055C	YER146W
YBR055C	YER172C
YBR055C	YGR013W
YBR055C	YGR075C
YBR055C	YHR165C
YBR055C	YJL203W
YBR055C	YKL173W
YBR055C	YLL036C
YBR055C	YMR240C
YBR055C	YPL213W
YBR055C	YPR178W
YBR060C	YHR118C
YBR060C	YLL004W
YBR060C	YML065W
YBR060C	YPR162C
YBR079C	YDR064W
YBR079C	YDR091C
YBR079C	YDR429C
YBR079C	YER025W
YBR079C	YLR192C
YBR079C	YMR309C
YBR079C	YOR361C
YBR087W	YOR217W
YBR097W	YLR360W
YBR103W	YCR033W
YBR103W	YKR029C
YBR103W	YOL068C
YBR105C	YDL082W
YBR105C	YIL097W
YBR107C	YBR211C
YBR107C	YDR318W
YBR107C	YJR135C
YBR122C	YDR116C
YBR122C	YDR322W
YBR122C	YGR220C
YBR122C	YKL167C
YBR122C	YMR024W
YBR122C	YMR193W
YBR127C	YEL051W
YBR127C	YGR020C
YBR127C	YJR033C
YBR135W	YBR160W
YBR137W	YOR007C
YBR142W	YDR496C
YBR142W	YGR085C
YBR142W	YHR052W
YBR142W	YLL045C
YBR142W	YMR049C
YBR142W	YMR290C
YBR142W	YNL002C
YBR142W	YNL061W
YBR142W	YOL041C
YBR142W	YOR063W
YBR142W	YOR272W
YBR142W	YPL131W
YBR142W	YPL198W
YBR146W	YDR175C
YBR146W	YDR347W
YBR146W	YER050C
YBR146W	YHL004W
YBR146W	YIL093C
YBR146W	YJR101W
YBR146W	YKL003C
YBR146W	YMR188C
YBR146W	YNL081C
YBR146W	YNL137C
YBR146W	YNL306W
YBR146W	YOR158W
YBR146W	YOR204W
YBR146W	YPL118W
YBR152W	YDL098C
YBR152W	YDR473C
YBR152W	YGR075C
YBR152W	YPR178W
YBR175W	YLR015W
YBR195C	YPR018W
YBR211C	YDR318W
YBR211C	YDR383C
YBR211C	YGR179C
YBR211C	YJR135C
YBR211C	YLR381W
YBR211C	YPL018W
YBR215W	YJR140C
YBR221C	YER178W
YBR225W	YGL197W
YBR245C	YDR190C
YBR245C	YDR303C
YBR245C	YFR013W
YBR245C	YFR037C
YBR245C	YGL133W
YBR245C	YKR001C
YBR245C	YKR008W
YBR245C	YLR033W
YBR245C	YMR091C
YBR245C	YNL030W
YBR253W	YCR081W
YBR253W	YDL005C
YBR253W	YER022W
YBR253W	YGL025C
YBR253W	YHR041C
YBR253W	YHR058C
YBR253W	YNR010W
YBR254C	YDR407C
YBR254C	YML077W
YBR267W	YDR101C
YBR278W	YDR121W
YBR278W	YNL262W
YBR278W	YPR175W
YBR288C	YGR261C
YBR289W	YDR073W
YBR289W	YFL049W
YBR289W	YHL025W
YBR289W	YJL176C
YBR289W	YMR033W
YBR289W	YNR023W
YBR289W	YPL016W
YBR289W	YPR034W
YCL017C	YER048W-A
YCL031C	YGR090W
YCL037C	YGL049C
YCL037C	YGL120C
YCL037C	YGL173C
YCL037C	YGR162W
YCL037C	YHL034C
YCL037C	YJL190C
YCL037C	YML056C
YCL037C	YMR230W
YCL037C	YMR290C
YCL037C	YOL139C
YCL037C	YPL131W
YCL054W	YGL111W
YCL054W	YMR290C
YCL054W	YNL002C
YCL054W	YNL061W
YCL054W	YNL110C
YCL054W	YPL093W
YCR009C	YLR429W
YCR014C	YDL007W
YCR014C	YDL147W
YCR014C	YDR427W
YCR014C	YHR027C
YCR020C-A	YEL053C
YCR020W-B	YDR303C
YCR020W-B	YFR037C
YCR020W-B	YGR056W
YCR020W-B	YKR008W
YCR020W-B	YLR033W
YCR020W-B	YLR321C
YCR020W-B	YMR033W
YCR020W-B	YMR091C
YCR020W-B	YPR034W
YCR028C-A	YML032C
YCR031C	YDL075W
YCR031C	YDL082W
YCR031C	YDL148C
YCR031C	YDR064W
YCR031C	YDR418W
YCR031C	YDR471W
YCR031C	YER074W
YCR031C	YFR031C-A
YCR031C	YGL031C
YCR031C	YGL103W
YCR031C	YGR085C
YCR031C	YHL015W
YCR031C	YHL033C
YCR031C	YJL177W
YCR031C	YJL190C
YCR031C	YJR123W
YCR031C	YKL180W
YCR031C	YLL045C
YCR031C	YLR150W
YCR031C	YLR448W
YCR031C	YNL069C
YCR031C	YNL096C
YCR031C	YNL132W
YCR031C	YNL178W
YCR031C	YNL301C
YCR031C	YNL302C
YCR031C	YOR063W
YCR031C	YOR204W
YCR031C	YOR234C
YCR031C	YPL090C
YCR031C	YPL143W
YCR033W	YKR029C
YCR060W	YPL235W
YCR077C	YDL160C
YCR077C	YDR378C
YCR077C	YDR473C
YCR077C	YER146W
YCR077C	YER172C
YCR077C	YGL173C
YCR077C	YHR165C
YCR077C	YKL173W
YCR077C	YLR438C-A
YCR077C	YPR178W
YCR081W	YER022W
YCR081W	YGL025C
YCR081W	YHR041C
YCR081W	YHR058C
YCR081W	YNR010W
YCR095C	YNL032W
YDL003W	YFL008W
YDL003W	YJL074C
YDL005C	YER022W
YDL005C	YGL025C
YDL005C	YHR041C
YDL005C	YHR058C
YDL005C	YNR010W
YDL007W	YDL097C
YDL007W	YDL147W
YDL007W	YDR427W
YDL007W	YER021W
YDL007W	YHL030W
YDL007W	YHR027C
YDL007W	YOR117W
YDL029W	YIL062C
YDL029W	YJR065C
YDL029W	YLR370C
YDL029W	YNR035C
YDL040C	YPL198W
YDL042C	YJL076W
YDL043C	YHR165C
YDL043C	YJL203W
YDL043C	YKL173W
YDL043C	YMR240C
YDL043C	YPL213W
YDL043C	YPR178W
YDL051W	YGR162W
YDL051W	YKL122C
YDL051W	YNL262W
YDL051W	YPL243W
YDL051W	YPR088C
YDL053C	YHR121W
YDL055C	YNL149C
YDL056W	YLR182W
YDL070W	YLR399C
YDL075W	YDL082W
YDL075W	YDR012W
YDL075W	YDR064W
YDL075W	YDR101C
YDL075W	YDR418W
YDL075W	YDR471W
YDL075W	YER074W
YDL075W	YFR031C-A
YDL075W	YFR032C-A
YDL075W	YGL014W
YDL075W	YGL103W
YDL075W	YGR085C
YDL075W	YGR103W
YDL075W	YJL177W
YDL075W	YJL190C
YDL075W	YJR123W
YDL075W	YKL180W
YDL075W	YLL045C
YDL075W	YLR367W
YDL075W	YLR448W
YDL075W	YNL002C
YDL075W	YNL069C
YDL075W	YNL096C
YDL075W	YNL110C
YDL075W	YNL301C
YDL075W	YOL040C
YDL075W	YOR063W
YDL075W	YOR234C
YDL075W	YPL012W
YDL075W	YPL090C
YDL075W	YPL131W
YDL075W	YPL198W
YDL075W	YPR067W
YDL076C	YIL084C
YDL076C	YMR263W
YDL076C	YPL139C
YDL076C	YPL181W
YDL077C	YLR396C
YDL082W	YDR012W
YDL082W	YDR064W
YDL082W	YDR418W
YDL082W	YDR471W
YDL082W	YEL054C
YDL082W	YER074W
YDL082W	YFR031C-A
YDL082W	YFR032C-A
YDL082W	YGL014W
YDL082W	YGL031C
YDL082W	YGL103W
YDL082W	YGR085C
YDL082W	YGR103W
YDL082W	YHL033C
YDL082W	YHR216W
YDL082W	YJL177W
YDL082W	YJL190C
YDL082W	YJR123W
YDL082W	YKL180W
YDL082W	YLL045C
YDL082W	YLR448W
YDL082W	YMR290C
YDL082W	YNL069C
YDL082W	YNL096C
YDL082W	YNL110C
YDL082W	YNL178W
YDL082W	YNL301C
YDL082W	YOL041C
YDL082W	YOL077C
YDL082W	YOL120C
YDL082W	YOR063W
YDL082W	YOR234C
YDL082W	YOR272W
YDL082W	YPL090C
YDL082W	YPL093W
YDL082W	YPL198W
YDL087C	YDR235W
YDL087C	YDR240C
YDL087C	YGR013W
YDL087C	YHR086W
YDL087C	YHR165C
YDL087C	YKL012W
YDL087C	YKL173W
YDL097C	YDL147W
YDL097C	YDR427W
YDL097C	YER021W
YDL097C	YHL030W
YDL097C	YHR027C
YDL097C	YOR117W
YDL098C	YDR378C
YDL098C	YDR473C
YDL098C	YER172C
YDL098C	YGR075C
YDL098C	YHR165C
YDL098C	YJL203W
YDL098C	YKL173W
YDL098C	YMR240C
YDL098C	YPL213W
YDL098C	YPR178W
YDL108W	YDR460W
YDL111C	YGR095C
YDL111C	YGR158C
YDL111C	YGR195W
YDL111C	YHR081W
YDL111C	YOL021C
YDL111C	YOR001W
YDL111C	YPR189W
YDL112W	YKL182W
YDL116W	YGL092W
YDL116W	YGL100W
YDL116W	YJR042W
YDL147W	YDR427W
YDL147W	YER021W
YDL147W	YHL030W
YDL147W	YHR027C
YDL147W	YIL071C
YDL147W	YOL117W
YDL147W	YOR117W
YDL148C	YDR064W
YDL148C	YER082C
YDL148C	YGR090W
YDL148C	YGR145W
YDL148C	YJR002W
YDL148C	YKR060W
YDL148C	YLR129W
YDL148C	YLR197W
YDL148C	YMR093W
YDL148C	YNL132W
YDL148C	YOR310C
YDL148C	YPL012W
YDL148C	YPL126W
YDL160C	YDR378C
YDL160C	YGL173C
YDL160C	YKL173W
YDL160C	YPR178W
YDL175C	YJL050W
YDL175C	YLR430W
YDL188C	YOR014W
YDL208W	YHR089C
YDL208W	YMR310C
YDR012W	YDR418W
YDR012W	YDR471W
YDR012W	YDR496C
YDR012W	YER074W
YDR012W	YFR031C-A
YDR012W	YGL103W
YDR012W	YGR085C
YDR012W	YHL033C
YDR012W	YJL177W
YDR012W	YJR123W
YDR012W	YKL180W
YDR012W	YLL045C
YDR012W	YLR448W
YDR012W	YMR290C
YDR012W	YNL061W
YDR012W	YNL069C
YDR012W	YNL178W
YDR012W	YNL301C
YDR012W	YOL041C
YDR012W	YOL120C
YDR012W	YOR063W
YDR012W	YPL090C
YDR012W	YPL198W
YDR013W	YOL146W
YDR027C	YJL029C
YDR045C	YJL011C
YDR045C	YNL113W
YDR045C	YNL151C
YDR064W	YDR418W
YDR064W	YDR471W
YDR064W	YER074W
YDR064W	YER082C
YDR064W	YFR031C-A
YDR064W	YGL014W
YDR064W	YGL103W
YDR064W	YGL120C
YDR064W	YGR054W
YDR064W	YGR085C
YDR064W	YGR090W
YDR064W	YGR145W
YDR064W	YHL015W
YDR064W	YHL034C
YDR064W	YJL177W
YDR064W	YJL190C
YDR064W	YJR002W
YDR064W	YJR123W
YDR064W	YKL180W
YDR064W	YLL045C
YDR064W	YLR129W
YDR064W	YLR197W
YDR064W	YLR367W
YDR064W	YLR448W
YDR064W	YML026C
YDR064W	YMR093W
YDR064W	YMR230W
YDR064W	YNL069C
YDR064W	YNL096C
YDR064W	YNL132W
YDR064W	YNL178W
YDR064W	YNL207W
YDR064W	YNL301C
YDR064W	YOL040C
YDR064W	YOR063W
YDR064W	YOR145C
YDR064W	YOR310C
YDR064W	YPL012W
YDR064W	YPL090C
YDR064W	YPL126W
YDR064W	YPL131W
YDR064W	YPL198W
YDR064W	YPL266W
YDR064W	YPR189W
YDR073W	YHL025W
YDR073W	YJL176C
YDR074W	YML100W
YDR074W	YMR261C
YDR087C	YDR496C
YDR087C	YFL002C
YDR087C	YGL111W
YDR087C	YGR085C
YDR087C	YHR052W
YDR087C	YKL009W
YDR087C	YMR049C
YDR087C	YMR290C
YDR087C	YNL002C
YDR087C	YNL061W
YDR087C	YOL077C
YDR087C	YOR206W
YDR087C	YOR272W
YDR087C	YPR016C
YDR091C	YLR192C
YDR091C	YMR309C
YDR101C	YGL103W
YDR101C	YGR103W
YDR101C	YGR245C
YDR101C	YHR052W
YDR101C	YKL009W
YDR101C	YLL045C
YDR101C	YLR106C
YDR101C	YNL002C
YDR101C	YNL110C
YDR101C	YOR063W
YDR101C	YPL093W
YDR101C	YPR016C
YDR116C	YDR322W
YDR116C	YGR220C
YDR116C	YKL167C
YDR116C	YMR024W
YDR116C	YMR193W
YDR118W	YHR166C
YDR118W	YKL022C
YDR118W	YNL172W
YDR118W	YOR249C
YDR121W	YGL133W
YDR121W	YNL262W
YDR121W	YPR175W
YDR138W	YHR167W
YDR138W	YNL253W
YDR167W	YDR392W
YDR167W	YMR223W
YDR167W	YMR227C
YDR167W	YMR236W
YDR167W	YOL148C
YDR167W	YPL254W
YDR175C	YDR347W
YDR175C	YHL004W
YDR175C	YIL093C
YDR175C	YJR101W
YDR175C	YMR188C
YDR175C	YNL081C
YDR175C	YNL137C
YDR175C	YNL306W
YDR175C	YOR158W
YDR175C	YPL118W
YDR188W	YFR009W
YDR188W	YIL142W
YDR188W	YJL111W
YDR188W	YOR281C
YDR190C	YDR334W
YDR190C	YER092W
YDR190C	YFL013C
YDR190C	YGR002C
YDR190C	YLR052W
YDR190C	YLR085C
YDR190C	YLR385C
YDR190C	YLR399C
YDR190C	YNL059C
YDR190C	YPL129W
YDR190C	YPL235W
YDR201W	YGL061C
YDR201W	YGR113W
YDR201W	YKR037C
YDR201W	YKR083C
YDR202C	YJR033C
YDR207C	YIL084C
YDR211W	YER025W
YDR211W	YKR026C
YDR211W	YLR291C
YDR211W	YOR260W
YDR228C	YHR216W
YDR228C	YMR061W
YDR235W	YDR240C
YDR235W	YGR013W
YDR235W	YHR086W
YDR235W	YKL012W
YDR238C	YER122C
YDR238C	YFR051C
YDR240C	YGR013W
YDR240C	YHR086W
YDR240C	YHR165C
YDR240C	YKL012W
YDR245W	YLR342W
YDR245W	YPL050C
YDR264C	YOR212W
YDR279W	YNL072W
YDR295C	YPR179C
YDR301W	YGR156W
YDR301W	YJR093C
YDR301W	YKL059C
YDR301W	YKR002W
YDR301W	YLR277C
YDR301W	YMR061W
YDR301W	YNL222W
YDR303C	YFR037C
YDR303C	YGR056W
YDR303C	YKR001C
YDR303C	YKR008W
YDR303C	YLR033W
YDR303C	YLR321C
YDR303C	YMR033W
YDR303C	YMR091C
YDR303C	YPR034W
YDR311W	YPR056W
YDR318W	YDR383C
YDR318W	YGR179C
YDR318W	YJR135C
YDR318W	YLR381W
YDR318W	YPL018W
YDR318W	YPR046W
YDR322W	YGR220C
YDR322W	YKL167C
YDR322W	YMR024W
YDR322W	YMR193W
YDR322W	YNL284C
YDR325W	YFR031C
YDR334W	YGR002C
YDR334W	YLR085C
YDR334W	YLR385C
YDR334W	YLR399C
YDR334W	YPL235W
YDR347W	YHL004W
YDR347W	YIL093C
YDR347W	YJR101W
YDR347W	YMR188C
YDR347W	YNL137C
YDR347W	YNL306W
YDR347W	YOR158W
YDR347W	YPL118W
YDR359C	YEL018W
YDR359C	YGR002C
YDR359C	YHR099W
YDR364C	YDR416W
YDR364C	YER172C
YDR364C	YGR278W
YDR364C	YKL173W
YDR364C	YLL036C
YDR378C	YDR473C
YDR378C	YER146W
YDR378C	YER172C
YDR378C	YGL173C
YDR378C	YHR165C
YDR378C	YKL173W
YDR378C	YPR178W
YDR383C	YGR179C
YDR383C	YJR135C
YDR383C	YPL018W
YDR392W	YHR099W
YDR392W	YMR223W
YDR392W	YMR236W
YDR392W	YOL148C
YDR392W	YPL254W
YDR398W	YEL055C
YDR398W	YHR196W
YDR398W	YMR093W
YDR398W	YPL126W
YDR407C	YML077W
YDR415C	YKL210W
YDR416W	YER172C
YDR416W	YGL120C
YDR416W	YGL128C
YDR416W	YGR278W
YDR416W	YHR165C
YDR416W	YKL173W
YDR416W	YLL036C
YDR416W	YMR213W
YDR416W	YPL213W
YDR418W	YDR471W
YDR418W	YFR031C-A
YDR418W	YGL103W
YDR418W	YGR085C
YDR418W	YHL033C
YDR418W	YJL177W
YDR418W	YJL190C
YDR418W	YJR123W
YDR418W	YKL180W
YDR418W	YLL045C
YDR418W	YLR150W
YDR418W	YLR448W
YDR418W	YNL069C
YDR418W	YNL178W
YDR418W	YOR063W
YDR418W	YPL131W
YDR427W	YER021W
YDR427W	YHL030W
YDR427W	YHR027C
YDR427W	YOR117W
YDR429C	YLR192C
YDR429C	YMR309C
YDR429C	YOR204W
YDR429C	YOR361C
YDR432W	YGL049C
YDR460W	YPR025C
YDR460W	YPR056W
YDR471W	YDR496C
YDR471W	YER074W
YDR471W	YFR031C-A
YDR471W	YFR032C-A
YDR471W	YGL014W
YDR471W	YGL031C
YDR471W	YGL103W
YDR471W	YGR085C
YDR471W	YHL015W
YDR471W	YHL033C
YDR471W	YJL177W
YDR471W	YJL190C
YDR471W	YJR123W
YDR471W	YKL180W
YDR471W	YLL045C
YDR471W	YLR150W
YDR471W	YLR406C
YDR471W	YLR448W
YDR471W	YMR290C
YDR471W	YNL061W
YDR471W	YNL069C
YDR471W	YNL096C
YDR471W	YNL110C
YDR471W	YNL112W
YDR471W	YNL178W
YDR471W	YNL301C
YDR471W	YOL040C
YDR471W	YOL077C
YDR471W	YOR063W
YDR471W	YPL090C
YDR471W	YPL093W
YDR471W	YPL198W
YDR473C	YER146W
YDR473C	YER172C
YDR473C	YGR075C
YDR473C	YHR165C
YDR473C	YJL203W
YDR473C	YKL173W
YDR473C	YMR240C
YDR473C	YPR178W
YDR478W	YHR062C
YDR478W	YNL221C
YDR489W	YOL146W
YDR496C	YFL002C
YDR496C	YGL111W
YDR496C	YGL173C
YDR496C	YHR052W
YDR496C	YKL009W
YDR496C	YKL014C
YDR496C	YLL045C
YDR496C	YLR197W
YDR496C	YLR449W
YDR496C	YMR049C
YDR496C	YMR290C
YDR496C	YNL002C
YDR496C	YNL061W
YDR496C	YNL110C
YDR496C	YOL077C
YDR496C	YOR063W
YDR496C	YOR206W
YDR496C	YOR272W
YDR496C	YPL012W
YDR496C	YPL093W
YDR496C	YPL131W
YDR496C	YPL198W
YDR496C	YPR016C
YDR498C	YGL098W
YDR498C	YGL145W
YDR498C	YLR440C
YDR498C	YNL258C
YEL003W	YLR200W
YEL003W	YML094W
YEL003W	YNL153C
YEL018W	YGR002C
YEL018W	YHR099W
YEL051W	YGR020C
YEL051W	YOR332W
YEL054C	YOR063W
YEL054C	YPR102C
YEL055C	YHR196W
YEL055C	YMR093W
YEL055C	YPL126W
YEL056W	YLL022C
YEL056W	YNL030W
YER007C-A	YJR014W
YER012W	YER021W
YER012W	YFR050C
YER012W	YGR135W
YER012W	YGR253C
YER012W	YJL001W
YER012W	YOL038W
YER012W	YOR362C
YER017C	YMR089C
YER018C	YIL144W
YER018C	YOL069W
YER021W	YHL030W
YER021W	YHR027C
YER021W	YOL038W
YER021W	YOR117W
YER022W	YGL025C
YER022W	YHR041C
YER022W	YHR058C
YER022W	YNR010W
YER025W	YKR026C
YER025W	YLR291C
YER025W	YMR309C
YER025W	YOR260W
YER031C	YER136W
YER050C	YOR158W
YER050C	YPL118W
YER074W	YFR031C-A
YER074W	YFR032C-A
YER074W	YGL014W
YER074W	YGL103W
YER074W	YGR085C
YER074W	YGR118W
YER074W	YHL033C
YER074W	YJL177W
YER074W	YJL190C
YER074W	YJR123W
YER074W	YKL180W
YER074W	YLL045C
YER074W	YLR150W
YER074W	YLR448W
YER074W	YNL069C
YER074W	YNL096C
YER074W	YNL178W
YER074W	YNL301C
YER074W	YOL040C
YER074W	YOR063W
YER074W	YOR234C
YER074W	YPL090C
YER074W	YPL198W
YER082C	YGR090W
YER082C	YGR145W
YER082C	YHR196W
YER082C	YJR002W
YER082C	YKR060W
YER082C	YLR129W
YER082C	YLR197W
YER082C	YLR222C
YER082C	YLR409C
YER082C	YMR093W
YER082C	YNL132W
YER082C	YPL126W
YER082C	YPL266W
YER092W	YFL013C
YER092W	YLR052W
YER092W	YPL129W
YER092W	YPL235W
YER120W	YHL020C
YER129W	YGL115W
YER131W	YLR150W
YER136W	YLR262C
YER146W	YGL173C
YER146W	YHR165C
YER146W	YKL173W
YER146W	YPR178W
YER149C	YLL021W
YER157W	YGL005C
YER157W	YNL041C
YER164W	YGL019W
YER164W	YOR039W
YER164W	YOR061W
YER172C	YGL120C
YER172C	YGL128C
YER172C	YGR013W
YER172C	YGR075C
YER172C	YGR278W
YER172C	YHR165C
YER172C	YJL203W
YER172C	YKL173W
YER172C	YLL036C
YER172C	YMR213W
YER172C	YMR240C
YER172C	YPL213W
YER172C	YPR178W
YFL002C	YGL111W
YFL002C	YGR103W
YFL002C	YHR052W
YFL002C	YKL009W
YFL002C	YLR449W
YFL002C	YMR049C
YFL002C	YMR290C
YFL002C	YNL002C
YFL002C	YNL061W
YFL002C	YNL110C
YFL002C	YOL077C
YFL002C	YOR063W
YFL002C	YOR206W
YFL002C	YOR272W
YFL002C	YPL093W
YFL002C	YPL131W
YFL002C	YPR016C
YFL008W	YJL074C
YFL013C	YLR052W
YFL013C	YNL059C
YFL013C	YPL129W
YFL013C	YPL235W
YFL022C	YLR060W
YFL049W	YHL025W
YFL049W	YJL176C
YFL049W	YMR033W
YFL049W	YNR023W
YFL049W	YPL016W
YFL049W	YPR034W
YFR009W	YLR180W
YFR013W	YGL133W
YFR015C	YLR258W
YFR024C-A	YNL243W
YFR031C	YLR272C
YFR031C-A	YGL014W
YFR031C-A	YGL031C
YFR031C-A	YGL103W
YFR031C-A	YGR085C
YFR031C-A	YHL033C
YFR031C-A	YJL177W
YFR031C-A	YJL190C
YFR031C-A	YJR123W
YFR031C-A	YKL180W
YFR031C-A	YLL045C
YFR031C-A	YLR150W
YFR031C-A	YLR367W
YFR031C-A	YLR448W
YFR031C-A	YNL069C
YFR031C-A	YNL096C
YFR031C-A	YNL178W
YFR031C-A	YNL301C
YFR031C-A	YNL302C
YFR031C-A	YOL040C
YFR031C-A	YOL120C
YFR031C-A	YOR063W
YFR031C-A	YOR204W
YFR031C-A	YPL090C
YFR031C-A	YPL143W
YFR031C-A	YPL198W
YFR032C-A	YGL014W
YFR032C-A	YGL031C
YFR032C-A	YGL103W
YFR032C-A	YGL189C
YFR032C-A	YGR085C
YFR032C-A	YGR118W
YFR032C-A	YJL177W
YFR032C-A	YKL046C
YFR032C-A	YLR448W
YFR032C-A	YNL096C
YFR032C-A	YOL040C
YFR037C	YGL133W
YFR037C	YGR056W
YFR037C	YKR001C
YFR037C	YKR008W
YFR037C	YLR033W
YFR037C	YLR321C
YFR037C	YMR033W
YFR037C	YMR091C
YFR037C	YNL030W
YFR037C	YPR034W
YFR050C	YGR135W
YFR050C	YGR253C
YFR050C	YJL001W
YFR050C	YOL038W
YFR050C	YOR362C
YGL005C	YNL041C
YGL014W	YGL103W
YGL014W	YJL177W
YGL014W	YLR448W
YGL014W	YNL096C
YGL014W	YNL301C
YGL014W	YNL302C
YGL014W	YOL040C
YGL019W	YGL207W
YGL019W	YGL244W
YGL019W	YGR090W
YGL019W	YLR418C
YGL019W	YML069W
YGL019W	YMR172W
YGL019W	YOR039W
YGL019W	YOR061W
YGL019W	YOR123C
YGL025C	YHR041C
YGL025C	YHR058C
YGL025C	YNR010W
YGL031C	YGL103W
YGL031C	YGR085C
YGL031C	YGR118W
YGL031C	YHL033C
YGL031C	YJL177W
YGL031C	YJR123W
YGL031C	YKL180W
YGL031C	YLR342W
YGL031C	YNL069C
YGL031C	YOR063W
YGL049C	YGL173C
YGL049C	YGR162W
YGL049C	YHL034C
YGL049C	YIR001C
YGL049C	YJL190C
YGL049C	YML117W
YGL049C	YOL139C
YGL061C	YGR113W
YGL061C	YKR037C
YGL061C	YKR083C
YGL092W	YGL100W
YGL092W	YJR042W
YGL097W	YLR293C
YGL098W	YGL145W
YGL098W	YLR440C
YGL098W	YNL258C
YGL100W	YJR042W
YGL103W	YGR085C
YGL103W	YGR118W
YGL103W	YHL015W
YGL103W	YHL033C
YGL103W	YHR052W
YGL103W	YJL177W
YGL103W	YJL190C
YGL103W	YJR123W
YGL103W	YKL180W
YGL103W	YLL045C
YGL103W	YLR342W
YGL103W	YLR406C
YGL103W	YLR448W
YGL103W	YNL069C
YGL103W	YNL096C
YGL103W	YNL110C
YGL103W	YNL178W
YGL103W	YNL301C
YGL103W	YNL302C
YGL103W	YOL040C
YGL103W	YOR063W
YGL103W	YPL012W
YGL103W	YPL090C
YGL103W	YPL093W
YGL103W	YPL198W
YGL111W	YGR103W
YGL111W	YHR052W
YGL111W	YKL009W
YGL111W	YMR049C
YGL111W	YMR290C
YGL111W	YNL002C
YGL111W	YNL061W
YGL111W	YNL110C
YGL111W	YOL077C
YGL111W	YOR063W
YGL111W	YOR206W
YGL111W	YOR272W
YGL111W	YPL093W
YGL111W	YPL131W
YGL111W	YPR016C
YGL120C	YGL128C
YGL120C	YGL173C
YGL120C	YHR165C
YGL120C	YJL190C
YGL120C	YKL173W
YGL120C	YLL036C
YGL120C	YLR197W
YGL120C	YNL132W
YGL120C	YNL224C
YGL120C	YOR063W
YGL120C	YOR310C
YGL120C	YPL131W
YGL125W	YPL023C
YGL128C	YHR165C
YGL128C	YKL173W
YGL128C	YLL036C
YGL128C	YMR213W
YGL133W	YKR001C
YGL145W	YLR440C
YGL145W	YNL258C
YGL171W	YGR145W
YGL171W	YLR129W
YGL173C	YGR054W
YGL173C	YGR162W
YGL173C	YHL034C
YGL173C	YML056C
YGL173C	YMR290C
YGL173C	YOL139C
YGL173C	YPR140W
YGL173C	YPR178W
YGL197W	YJL098W
YGL200C	YOR016C
YGL206C	YGR167W
YGL207W	YGL244W
YGL207W	YLR418C
YGL207W	YML069W
YGL207W	YOR039W
YGL207W	YOR061W
YGL207W	YOR123C
YGL213C	YLR398C
YGL213C	YPR189W
YGL242C	YMR109W
YGL244W	YLR418C
YGL244W	YML069W
YGL244W	YOR039W
YGL244W	YOR061W
YGL244W	YOR123C
YGR002C	YLR085C
YGR002C	YLR385C
YGR002C	YLR399C
YGR002C	YPL235W
YGR013W	YHR086W
YGR013W	YHR165C
YGR013W	YKL012W
YGR013W	YKL173W
YGR013W	YPR057W
YGR013W	YPR178W
YGR017W	YLR410W
YGR020C	YOR332W
YGR027C	YJL177W
YGR027C	YJR123W
YGR027C	YKL180W
YGR047C	YOR110W
YGR047C	YPL007C
YGR054W	YMR290C
YGR054W	YNL207W
YGR054W	YOR063W
YGR056W	YKR008W
YGR056W	YLR033W
YGR056W	YLR321C
YGR056W	YMR033W
YGR056W	YMR091C
YGR056W	YPR034W
YGR075C	YHR165C
YGR075C	YKL173W
YGR075C	YPR178W
YGR085C	YHL015W
YGR085C	YHL033C
YGR085C	YJL177W
YGR085C	YJL190C
YGR085C	YJR123W
YGR085C	YKL180W
YGR085C	YLL045C
YGR085C	YLR150W
YGR085C	YLR367W
YGR085C	YLR448W
YGR085C	YMR290C
YGR085C	YNL061W
YGR085C	YNL069C
YGR085C	YNL096C
YGR085C	YNL112W
YGR085C	YNL132W
YGR085C	YNL178W
YGR085C	YNL301C
YGR085C	YOL040C
YGR085C	YOR063W
YGR085C	YOR204W
YGR085C	YOR234C
YGR085C	YPL090C
YGR085C	YPL093W
YGR085C	YPL131W
YGR085C	YPL143W
YGR085C	YPL198W
YGR090W	YJR002W
YGR090W	YLR129W
YGR090W	YLR197W
YGR090W	YLR222C
YGR090W	YLR223C
YGR090W	YLR409C
YGR090W	YMR093W
YGR090W	YMR290C
YGR090W	YNL132W
YGR090W	YOR039W
YGR090W	YOR061W
YGR090W	YOR063W
YGR090W	YPL012W
YGR090W	YPL126W
YGR095C	YGR158C
YGR095C	YGR195W
YGR095C	YHR081W
YGR095C	YOL021C
YGR095C	YOR001W
YGR103W	YGR245C
YGR103W	YHR052W
YGR103W	YKL009W
YGR103W	YLL045C
YGR103W	YLR106C
YGR103W	YMR049C
YGR103W	YMR290C
YGR103W	YNL002C
YGR103W	YNL061W
YGR103W	YNL110C
YGR103W	YOL077C
YGR103W	YOR063W
YGR103W	YOR206W
YGR103W	YOR272W
YGR103W	YPL093W
YGR103W	YPL131W
YGR103W	YPR016C
YGR118W	YJL177W
YGR118W	YOL040C
YGR134W	YJR011C
YGR134W	YNL288W
YGR134W	YNR052C
YGR135W	YGR253C
YGR135W	YJL001W
YGR135W	YOL038W
YGR135W	YOR362C
YGR145W	YJL033W
YGR145W	YKR060W
YGR145W	YLR129W
YGR145W	YLR409C
YGR145W	YMR093W
YGR145W	YNL132W
YGR145W	YPL126W
YGR156W	YHL033C
YGR156W	YJR093C
YGR156W	YKL059C
YGR156W	YKR002W
YGR156W	YLR277C
YGR156W	YLR448W
YGR156W	YMR061W
YGR156W	YNL222W
YGR156W	YOR179C
YGR158C	YGR195W
YGR158C	YHR081W
YGR158C	YOL021C
YGR158C	YOR001W
YGR158C	YPR189W
YGR162W	YHL034C
YGR162W	YJL138C
YGR162W	YJL190C
YGR162W	YOL139C
YGR162W	YOR204W
YGR179C	YJR135C
YGR179C	YLR381W
YGR179C	YPL018W
YGR186W	YIL021W
YGR186W	YJL140W
YGR186W	YOR151C
YGR186W	YPL129W
YGR192C	YKL060C
YGR195W	YHR081W
YGR195W	YOL021C
YGR195W	YOR001W
YGR218W	YHR020W
YGR218W	YJR077C
YGR218W	YLR180W
YGR220C	YKL167C
YGR220C	YMR193W
YGR234W	YNL085W
YGR244C	YOR142W
YGR245C	YKL009W
YGR245C	YLR106C
YGR245C	YNL002C
YGR245C	YNL110C
YGR245C	YOR063W
YGR245C	YPL093W
YGR245C	YPR016C
YGR250C	YIR001C
YGR253C	YJL001W
YGR253C	YOL038W
YGR253C	YOR362C
YGR262C	YML036W
YGR278W	YHR165C
YGR278W	YKL173W
YGR278W	YLL036C
YGR278W	YMR213W
YGR285C	YHR064C
YGR285C	YJL080C
YGR285C	YPR189W
YHL004W	YIL093C
YHL004W	YJR101W
YHL004W	YMR188C
YHL004W	YNL137C
YHL004W	YNL306W
YHL004W	YOR158W
YHL004W	YOR204W
YHL004W	YPL118W
YHL011C	YKL181W
YHL015W	YJL190C
YHL015W	YJR123W
YHL015W	YKL180W
YHL015W	YMR230W
YHL015W	YNL178W
YHL015W	YOL040C
YHL025W	YJL176C
YHL025W	YMR033W
YHL025W	YNR023W
YHL025W	YPL016W
YHL025W	YPR034W
YHL030W	YHR027C
YHL030W	YOL038W
YHL030W	YOR117W
YHL033C	YJL177W
YHL033C	YJL190C
YHL033C	YJR123W
YHL033C	YKL180W
YHL033C	YKR002W
YHL033C	YLL045C
YHL033C	YLR448W
YHL033C	YNL069C
YHL033C	YNL178W
YHL033C	YOR063W
YHL033C	YPL090C
YHL033C	YPL198W
YHL034C	YJL190C
YHL034C	YJR123W
YHL034C	YLL045C
YHL034C	YOL139C
YHL034C	YPL131W
YHR020W	YJR077C
YHR020W	YLR180W
YHR027C	YOR117W
YHR041C	YHR058C
YHR041C	YNR010W
YHR052W	YKL009W
YHR052W	YLL045C
YHR052W	YLR106C
YHR052W	YLR449W
YHR052W	YMR049C
YHR052W	YMR290C
YHR052W	YNL002C
YHR052W	YNL061W
YHR052W	YNL110C
YHR052W	YOL041C
YHR052W	YOL077C
YHR052W	YOR063W
YHR052W	YOR206W
YHR052W	YOR272W
YHR052W	YPL012W
YHR052W	YPL093W
YHR052W	YPL131W
YHR052W	YPR016C
YHR058C	YNR010W
YHR062C	YNL221C
YHR062C	YNL282W
YHR064C	YLR249W
YHR064C	YNL209W
YHR081W	YOL021C
YHR081W	YOR001W
YHR084W	YPL049C
YHR086W	YKL012W
YHR099W	YMR236W
YHR099W	YOL148C
YHR099W	YPL254W
YHR107C	YJR076C
YHR107C	YLR314C
YHR118C	YLL004W
YHR118C	YML065W
YHR118C	YPR162C
YHR119W	YLR015W
YHR122W	YNL240C
YHR131C	YOR061W
YHR165C	YJL203W
YHR165C	YKL173W
YHR165C	YLL036C
YHR165C	YMR213W
YHR165C	YMR240C
YHR165C	YPL213W
YHR165C	YPR178W
YHR166C	YKL022C
YHR166C	YNL172W
YHR166C	YOR249C
YHR167W	YNL253W
YHR172W	YLR212C
YHR172W	YNL126W
YHR174W	YKL060C
YHR174W	YLR044C
YHR191C	YMR078C
YHR196W	YJR002W
YHR196W	YLR129W
YHR196W	YLR197W
YHR196W	YMR093W
YHR196W	YPL126W
YHR216W	YML056C
YIL021W	YJL140W
YIL021W	YOR151C
YIL021W	YPL129W
YIL022W	YJR045C
YIL062C	YJR065C
YIL062C	YLR370C
YIL062C	YNR035C
YIL068C	YLR166C
YIL071C	YOL117W
YIL084C	YMR263W
YIL084C	YPL139C
YIL084C	YPL181W
YIL093C	YJR101W
YIL093C	YMR188C
YIL093C	YNL081C
YIL093C	YNL137C
YIL093C	YNL306W
YIL093C	YOR158W
YIL093C	YPL118W
YIL094C	YOR136W
YIL098C	YJL180C
YIL103W	YOR133W
YIL109C	YPR181C
YIL142W	YJL111W
YIL142W	YOR281C
YIL143C	YOR352W
YIL144W	YOL069W
YIR006C	YNL084C
YIR009W	YMR240C
YIR009W	YPL213W
YIR010W	YPL233W
YJL001W	YOL038W
YJL001W	YOR362C
YJL006C	YKL139W
YJL011C	YNL113W
YJL011C	YNL151C
YJL011C	YPR110C
YJL033W	YMR290C
YJL069C	YLR129W
YJL069C	YLR222C
YJL069C	YLR409C
YJL069C	YMR093W
YJL080C	YJR123W
YJL099W	YLR330W
YJL099W	YOR299W
YJL111W	YOR281C
YJL138C	YOL139C
YJL140W	YOR151C
YJL140W	YPL129W
YJL148W	YNL113W
YJL148W	YNL248C
YJL148W	YOR340C
YJL148W	YOR341W
YJL148W	YPR110C
YJL176C	YMR033W
YJL176C	YNR023W
YJL176C	YPL016W
YJL176C	YPL129W
YJL176C	YPR034W
YJL177W	YJL190C
YJL177W	YJR123W
YJL177W	YKL180W
YJL177W	YLL045C
YJL177W	YLR150W
YJL177W	YLR448W
YJL177W	YNL069C
YJL177W	YNL096C
YJL177W	YNL178W
YJL177W	YNL301C
YJL177W	YNL302C
YJL177W	YOL040C
YJL177W	YOR063W
YJL177W	YOR204W
YJL177W	YOR234C
YJL177W	YPL090C
YJL177W	YPL198W
YJL184W	YML036W
YJL190C	YJR002W
YJL190C	YJR123W
YJL190C	YKL180W
YJL190C	YLL045C
YJL190C	YLR150W
YJL190C	YLR197W
YJL190C	YLR448W
YJL190C	YMR230W
YJL190C	YNL069C
YJL190C	YNL096C
YJL190C	YNL178W
YJL190C	YOL139C
YJL190C	YOR063W
YJL190C	YOR204W
YJL190C	YPL131W
YJL190C	YPL146C
YJL190C	YPL198W
YJL203W	YKL173W
YJL203W	YMR240C
YJL203W	YPL213W
YJL203W	YPR178W
YJL208C	YMR099C
YJR002W	YJR123W
YJR002W	YKR060W
YJR002W	YLR129W
YJR002W	YLR197W
YJR002W	YLR222C
YJR002W	YLR409C
YJR002W	YMR093W
YJR002W	YNL075W
YJR002W	YNL132W
YJR002W	YOR078W
YJR002W	YOR145C
YJR002W	YOR310C
YJR002W	YPL012W
YJR002W	YPL126W
YJR002W	YPL266W
YJR033C	YOR332W
YJR041C	YKL014C
YJR041C	YOL144W
YJR045C	YLR203C
YJR065C	YLR370C
YJR065C	YNR035C
YJR067C	YNL260C
YJR076C	YJR092W
YJR076C	YLR314C
YJR077C	YKL182W
YJR077C	YLR342W
YJR093C	YKL059C
YJR093C	YKR002W
YJR093C	YLR277C
YJR093C	YMR061W
YJR093C	YNL222W
YJR101W	YMR188C
YJR101W	YNL081C
YJR101W	YNL137C
YJR101W	YNL306W
YJR101W	YOR158W
YJR101W	YOR204W
YJR101W	YPL118W
YJR123W	YKL180W
YJR123W	YLL045C
YJR123W	YLR197W
YJR123W	YLR448W
YJR123W	YMR093W
YJR123W	YMR230W
YJR123W	YNL069C
YJR123W	YNL096C
YJR123W	YNL132W
YJR123W	YNL178W
YJR123W	YNL301C
YJR123W	YNL302C
YJR123W	YOL040C
YJR123W	YOR063W
YJR123W	YOR204W
YJR123W	YPL090C
YJR123W	YPL131W
YJR123W	YPL266W
YJR123W	YPR189W
YJR135C	YLR381W
YJR135C	YPL018W
YJR135C	YPR046W
YKL003C	YPL118W
YKL009W	YLL045C
YKL009W	YLR406C
YKL009W	YMR049C
YKL009W	YMR290C
YKL009W	YNL002C
YKL009W	YNL061W
YKL009W	YNL110C
YKL009W	YOL077C
YKL009W	YOR063W
YKL009W	YOR206W
YKL009W	YOR272W
YKL009W	YPL093W
YKL009W	YPL131W
YKL009W	YPL198W
YKL009W	YPR016C
YKL014C	YMR290C
YKL014C	YNL061W
YKL014C	YOL144W
YKL022C	YNL172W
YKL022C	YOR249C
YKL059C	YKR002W
YKL059C	YLR277C
YKL059C	YNL222W
YKL060C	YLR044C
YKL060C	YOL086C
YKL060C	YOR133W
YKL074C	YLR116W
YKL081W	YLR249W
YKL122C	YPL243W
YKL122C	YPR088C
YKL135C	YLR170C
YKL135C	YPL259C
YKL143W	YNL178W
YKL143W	YNL207W
YKL143W	YPL266W
YKL148C	YLL041C
YKL167C	YMR024W
YKL167C	YMR193W
YKL173W	YLL036C
YKL173W	YMR213W
YKL173W	YMR240C
YKL173W	YPL213W
YKL173W	YPR178W
YKL180W	YLL045C
YKL180W	YLR406C
YKL180W	YLR448W
YKL180W	YNL069C
YKL180W	YNL096C
YKL180W	YNL132W
YKL180W	YNL178W
YKL180W	YNL301C
YKL180W	YNL302C
YKL180W	YOL040C
YKL180W	YOR063W
YKL180W	YPL143W
YKL180W	YPL198W
YKL182W	YLR044C
YKL190W	YML057W
YKR001C	YLR033W
YKR001C	YMR033W
YKR001C	YMR091C
YKR002W	YLR277C
YKR002W	YMR061W
YKR002W	YNL222W
YKR008W	YLR033W
YKR008W	YLR321C
YKR008W	YMR033W
YKR008W	YMR091C
YKR008W	YPR034W
YKR014C	YMR258C
YKR014C	YOR370C
YKR026C	YLR291C
YKR026C	YOR260W
YKR060W	YLR129W
YKR060W	YLR197W
YKR060W	YLR409C
YKR060W	YMR093W
YKR060W	YNL132W
YKR060W	YPL126W
YLL002W	YNL246W
YLL004W	YML065W
YLL004W	YPR162C
YLL022C	YNL030W
YLL036C	YMR213W
YLL036C	YMR240C
YLL036C	YPL213W
YLL045C	YLR196W
YLL045C	YLR448W
YLL045C	YMR290C
YLL045C	YNL002C
YLL045C	YNL061W
YLL045C	YNL069C
YLL045C	YNL112W
YLL045C	YNL132W
YLL045C	YNL178W
YLL045C	YNL301C
YLL045C	YOL041C
YLL045C	YOL077C
YLL045C	YOL120C
YLL045C	YOR063W
YLL045C	YOR206W
YLL045C	YOR272W
YLL045C	YPL012W
YLL045C	YPL090C
YLL045C	YPL093W
YLL045C	YPL131W
YLL045C	YPL198W
YLL045C	YPR016C
YLR033W	YLR321C
YLR033W	YMR033W
YLR033W	YMR091C
YLR033W	YPR034W
YLR044C	YLR249W
YLR044C	YOL086C
YLR052W	YNL059C
YLR052W	YPL129W
YLR052W	YPL235W
YLR085C	YPL235W
YLR106C	YLR180W
YLR106C	YMR012W
YLR106C	YNL002C
YLR106C	YOR151C
YLR106C	YPL093W
YLR129W	YLR197W
YLR129W	YLR222C
YLR129W	YLR409C
YLR129W	YMR093W
YLR129W	YNL132W
YLR129W	YOR145C
YLR129W	YPL012W
YLR129W	YPL126W
YLR129W	YPL266W
YLR150W	YLR448W
YLR150W	YNL069C
YLR150W	YNL112W
YLR150W	YOR063W
YLR150W	YPL198W
YLR170C	YPL259C
YLR180W	YMR012W
YLR180W	YOR151C
YLR192C	YMR309C
YLR192C	YOR361C
YLR196W	YOL041C
YLR196W	YOL077C
YLR196W	YPL131W
YLR197W	YLR222C
YLR197W	YLR409C
YLR197W	YLR448W
YLR197W	YMR093W
YLR197W	YMR290C
YLR197W	YNL075W
YLR197W	YNL132W
YLR197W	YOR078W
YLR197W	YOR310C
YLR197W	YPL012W
YLR197W	YPL126W
YLR200W	YML094W
YLR200W	YNL153C
YLR212C	YNL126W
YLR222C	YLR409C
YLR222C	YMR093W
YLR222C	YNL075W
YLR222C	YNL132W
YLR222C	YPL126W
YLR240W	YLR360W
YLR249W	YOL086C
YLR249W	YOR133W
YLR249W	YPL131W
YLR277C	YLR448W
YLR277C	YMR061W
YLR277C	YNL222W
YLR291C	YOR260W
YLR292C	YOR254C
YLR321C	YMR033W
YLR321C	YMR091C
YLR321C	YPR034W
YLR330W	YMR237W
YLR367W	YML026C
YLR367W	YNL207W
YLR367W	YOL139C
YLR367W	YOR056C
YLR370C	YNR035C
YLR381W	YPL018W
YLR385C	YLR399C
YLR398C	YPR189W
YLR399C	YPL235W
YLR406C	YOR063W
YLR409C	YMR093W
YLR409C	YNL132W
YLR409C	YPL126W
YLR418C	YOR039W
YLR418C	YOR061W
YLR418C	YOR123C
YLR429W	YMR109W
YLR429W	YNL106C
YLR429W	YPR171W
YLR440C	YNL258C
YLR448W	YMR061W
YLR448W	YMR290C
YLR448W	YNL069C
YLR448W	YNL096C
YLR448W	YNL132W
YLR448W	YNL178W
YLR448W	YNL301C
YLR448W	YOL040C
YLR448W	YOL041C
YLR448W	YOR063W
YLR448W	YPL090C
YLR448W	YPL131W
YLR448W	YPL198W
YLR449W	YML074C
YLR449W	YMR049C
YLR449W	YMR290C
YLR449W	YNL061W
YLR449W	YOL077C
YLR449W	YOR063W
YLR449W	YOR206W
YLR449W	YPL093W
YLR449W	YPL131W
YLR449W	YPL146C
YLR449W	YPL198W
YLR449W	YPR169W
YML056C	YOL139C
YML056C	YOR063W
YML056C	YPL198W
YML065W	YPR162C
YML069W	YNL030W
YML069W	YOR039W
YML069W	YOR061W
YML069W	YOR123C
YML094W	YNL153C
YML095C	YPL022W
YML100W	YMR261C
YML124C	YMR012W
YMR012W	YOR151C
YMR024W	YMR193W
YMR024W	YNL284C
YMR033W	YMR091C
YMR033W	YNR023W
YMR033W	YPL016W
YMR033W	YPL129W
YMR033W	YPR034W
YMR049C	YMR290C
YMR049C	YNL002C
YMR049C	YNL061W
YMR049C	YNL110C
YMR049C	YOL077C
YMR049C	YOR063W
YMR049C	YOR206W
YMR049C	YOR272W
YMR049C	YPL093W
YMR049C	YPR016C
YMR083W	YOL086C
YMR091C	YPR034W
YMR093W	YNL075W
YMR093W	YNL132W
YMR093W	YOR145C
YMR093W	YPL012W
YMR093W	YPL126W
YMR093W	YPL266W
YMR172W	YOR039W
YMR172W	YOR061W
YMR188C	YNL137C
YMR188C	YNL306W
YMR188C	YOR158W
YMR188C	YPL118W
YMR223W	YMR236W
YMR223W	YOL148C
YMR223W	YPL254W
YMR227C	YMR236W
YMR227C	YPL254W
YMR230W	YNL178W
YMR236W	YOL148C
YMR236W	YPL254W
YMR240C	YPL213W
YMR240C	YPR178W
YMR263W	YPL139C
YMR263W	YPL181W
YMR290C	YNL002C
YMR290C	YNL061W
YMR290C	YNL069C
YMR290C	YNL110C
YMR290C	YNL132W
YMR290C	YOL041C
YMR290C	YOL077C
YMR290C	YOL120C
YMR290C	YOR063W
YMR290C	YOR206W
YMR290C	YOR272W
YMR290C	YPL012W
YMR290C	YPL093W
YMR290C	YPL131W
YMR290C	YPL198W
YMR290C	YPR016C
YMR309C	YOR204W
YMR309C	YOR361C
YNL002C	YNL061W
YNL002C	YNL110C
YNL002C	YOL041C
YNL002C	YOL077C
YNL002C	YOR063W
YNL002C	YOR206W
YNL002C	YOR272W
YNL002C	YPL093W
YNL002C	YPL131W
YNL002C	YPR016C
YNL023C	YNL135C
YNL037C	YOR136W
YNL049C	YPR181C
YNL059C	YPL129W
YNL059C	YPL235W
YNL061W	YNL110C
YNL061W	YOL041C
YNL061W	YOL077C
YNL061W	YOR063W
YNL061W	YOR206W
YNL061W	YOR272W
YNL061W	YPL093W
YNL061W	YPL131W
YNL061W	YPL198W
YNL061W	YPR016C
YNL069C	YNL096C
YNL069C	YNL178W
YNL069C	YNL301C
YNL069C	YOL039W
YNL069C	YOL040C
YNL069C	YOL120C
YNL069C	YOR063W
YNL069C	YOR204W
YNL069C	YPL090C
YNL069C	YPL143W
YNL069C	YPL198W
YNL069C	YPR102C
YNL075W	YPL126W
YNL078W	YOL070C
YNL096C	YNL178W
YNL096C	YNL301C
YNL096C	YOL040C
YNL096C	YOR063W
YNL096C	YPL090C
YNL096C	YPL146C
YNL096C	YPR067W
YNL106C	YPR171W
YNL110C	YOL077C
YNL110C	YOR063W
YNL110C	YOR206W
YNL110C	YOR272W
YNL110C	YPL093W
YNL110C	YPR016C
YNL112W	YOR063W
YNL113W	YNL151C
YNL113W	YNL248C
YNL113W	YOR340C
YNL113W	YOR341W
YNL113W	YPR110C
YNL132W	YNL178W
YNL132W	YOR063W
YNL132W	YOR310C
YNL132W	YPL012W
YNL132W	YPL090C
YNL132W	YPL126W
YNL132W	YPL198W
YNL137C	YNL306W
YNL137C	YOR158W
YNL137C	YPL118W
YNL151C	YPR110C
YNL172W	YOR249C
YNL178W	YNL301C
YNL178W	YOL040C
YNL178W	YOR063W
YNL178W	YPL090C
YNL178W	YPL131W
YNL178W	YPL198W
YNL207W	YOR056C
YNL207W	YOR145C
YNL207W	YPL266W
YNL221C	YNL282W
YNL222W	YOR179C
YNL248C	YOR340C
YNL248C	YOR341W
YNL248C	YPR110C
YNL262W	YPR175W
YNL288W	YNR052C
YNL301C	YOL120C
YNL301C	YOR063W
YNL301C	YOR204W
YNL301C	YOR206W
YNL301C	YPL090C
YNL301C	YPL131W
YNL306W	YOR158W
YNL306W	YOR204W
YNL306W	YPL118W
YNR023W	YPL016W
YNR023W	YPL129W
YNR023W	YPR034W
YNR046W	YOL124C
YOL021C	YOR001W
YOL038W	YOR362C
YOL040C	YOR063W
YOL040C	YPL090C
YOL041C	YOL077C
YOL041C	YOR063W
YOL041C	YOR206W
YOL041C	YOR272W
YOL041C	YPL012W
YOL041C	YPL131W
YOL041C	YPL198W
YOL077C	YOR063W
YOL077C	YOR206W
YOL077C	YOR272W
YOL077C	YPL012W
YOL077C	YPL093W
YOL077C	YPL131W
YOL077C	YPL198W
YOL086C	YOR133W
YOL120C	YOR063W
YOL120C	YOR206W
YOL120C	YPL143W
YOL120C	YPL198W
YOL139C	YOR276W
YOL148C	YPL254W
YOR039W	YOR061W
YOR061W	YOR123C
YOR063W	YOR206W
YOR063W	YOR272W
YOR063W	YPL012W
YOR063W	YPL090C
YOR063W	YPL093W
YOR063W	YPL131W
YOR063W	YPL143W
YOR063W	YPL198W
YOR063W	YPR016C
YOR063W	YPR189W
YOR110W	YPL007C
YOR124C	YOR138C
YOR133W	YOR151C
YOR136W	YPL235W
YOR145C	YPL012W
YOR145C	YPL126W
YOR145C	YPL266W
YOR151C	YPL129W
YOR158W	YPL118W
YOR204W	YOR361C
YOR204W	YPL090C
YOR204W	YPL118W
YOR206W	YOR272W
YOR206W	YPL093W
YOR206W	YPL131W
YOR206W	YPR016C
YOR272W	YPL093W
YOR272W	YPL131W
YOR272W	YPL198W
YOR310C	YPL126W
YOR340C	YOR341W
YOR340C	YPR110C
YOR341W	YPR110C
YPL003W	YPR066W
YPL012W	YPL126W
YPL012W	YPL131W
YPL012W	YPL266W
YPL016W	YPR034W
YPL090C	YPL198W
YPL093W	YPL131W
YPL093W	YPL198W
YPL093W	YPR016C
YPL093W	YPR102C
YPL126W	YPL266W
YPL129W	YPL235W
YPL131W	YPL198W
YPL131W	YPR016C
YPL131W	YPR102C
YPL139C	YPL181W
YPL213W	YPR178W
YPL243W	YPR088C
