T1	T2	T3	T4	T5	T6	T7	T8	T9	T10	T11	T12
YGL123W	1	0	0	0	0	0	1	1	1	1	1	1
YOR096W	0	0	1	1	0	1	1	1	1	1	1	1
YKL181W	1	0	1	0	1	1	1	1	1	1	1	1
YHR204W	1	0	0	0	0	1	1	1	1	1	1	1
YGL241W	0	1	0	1	1	1	0	0	1	1	1	1
YER089C	1	0	0	1	0	1	1	1	1	1	1	1
YPR055W	1	1	1	1	1	1	1	0	0	0	1	1
YFL028C	1	0	1	0	0	0	1	1	1	1	1	1
YEL022W	1	0	0	0	1	0	1	1	1	1	1	1
YBR267W	0	0	1	1	1	1	1	1	1	1	1	1
YLR033W	1	1	1	0	0	1	0	1	1	0	1	1
YNL242W	1	1	1	1	1	1	1	0	1	1	0	0
YIL050W	1	1	0	1	0	0	1	1	0	1	1	1
YBR081C	0	1	1	1	0	1	1	0	1	1	1	1
YMR116C	1	0	0	0	0	1	1	1	1	1	1	1
YBR189W	0	0	1	1	0	1	1	1	1	1	1	1
YHR084W	1	0	0	0	1	0	1	1	1	1	1	1
YEL051W	1	1	0	1	1	1	1	1	1	1	0	0
YHR156C	1	0	0	1	1	1	1	1	1	0	1	0
YCR033W	1	1	1	0	1	0	1	0	1	0	0	1
YLR116W	0	0	1	1	1	1	1	1	1	0	0	0
YOR250C	1	0	0	1	1	0	1	0	1	1	1	1
YML117W	1	1	1	1	1	1	1	0	1	0	1	0
YLR029C	1	0	0	0	1	1	1	1	1	1	1	1
YJR009C	1	1	1	1	1	1	1	1	0	0	1	0
YDL056W	0	0	1	1	0	1	0	1	1	1	1	1
YLR441C	0	0	0	1	1	1	0	1	1	1	1	1
YGL128C	1	1	0	1	0	1	1	1	0	1	1	0
YJL146W	1	0	1	1	1	1	1	1	1	0	0	0
YER131W	1	0	0	0	0	1	1	1	1	1	1	1
YML010W	1	1	1	1	1	1	1	1	1	0	0	0
YKL074C	0	1	1	1	1	1	1	1	1	0	0	0
YNL061W	0	0	1	1	1	1	1	1	1	1	1	1
YBL002W	1	1	1	0	0	0	0	0	1	1	1	1
YPR102C	1	0	1	1	0	1	1	1	1	1	1	1
YHR110W	1	1	1	1	1	1	1	0	0	1	1	0
YJL154C	0	1	1	1	1	1	1	1	0	0	0	0
YFR010W	0	0	1	1	1	1	1	0	0	1	1	1
YPL151C	0	1	1	1	1	1	1	1	1	0	0	0
YKR027W	1	1	1	1	1	0	0	0	1	1	1	1
YOR076C	1	1	1	1	1	1	1	1	1	0	0	0
YLR180W	1	0	0	0	0	0	0	1	1	1	1	1
YGR145W	1	0	0	1	1	1	1	1	1	1	1	1
YML016C	1	1	1	0	1	1	0	0	1	1	1	1
YHL020C	1	1	1	1	1	1	1	1	0	0	1	1
YDR214W	0	1	1	1	1	1	1	1	0	1	0	0
YGR167W	1	1	1	1	0	1	0	0	1	1	1	1
YOR353C	0	1	1	1	1	1	0	0	1	1	1	1
YGL147C	0	0	0	1	0	1	1	1	1	1	1	1
YCR079W	1	1	1	1	1	1	1	0	0	1	0	0
YNL005C	1	1	0	0	0	0	0	0	1	1	1	1
YPL066W	0	1	1	1	1	1	0	0	0	1	0	1
YIR010W	1	1	1	0	0	0	0	1	1	1	1	1
YMR135C	1	1	1	1	1	1	0	0	1	0	1	0
YJR067C	0	0	0	0	1	1	1	1	1	1	1	1
YDR322W	1	1	0	0	0	0	0	0	1	1	1	1
YML036W	1	0	1	0	0	0	0	1	1	1	1	1
YDL216C	0	1	1	1	1	1	1	0	0	0	1	1
YDL047W	1	0	1	1	1	0	0	1	1	1	1	1
YJR121W	1	1	1	1	0	0	0	0	1	1	1	1
YDR404C	0	1	1	1	1	1	0	1	1	1	0	0
YKR068C	1	0	1	0	1	1	0	1	1	1	1	1
YBL099W	1	1	1	1	0	0	0	0	0	1	1	1
YOR299W	1	1	0	0	0	0	0	1	1	1	1	1
YLR291C	0	0	0	1	1	1	1	1	1	1	1	1
YNL030W	1	1	1	1	0	0	0	0	0	1	1	1
YDR432W	1	0	0	1	0	1	1	1	1	1	1	1
YBL035C	1	0	0	0	0	0	0	0	1	1	1	1
YLR439W	1	1	0	0	0	0	0	0	1	1	1	1
YDR365C	0	1	1	1	1	1	1	1	1	1	1	1
YHR064C	1	0	0	0	0	0	0	1	1	1	1	1
YBL058W	1	1	1	1	1	1	1	0	0	1	0	0
YMR142C	0	0	1	1	0	0	1	1	1	1	1	1
YFL007W	1	1	1	1	1	1	1	1	0	0	0	0
YKL088W	1	1	0	1	1	1	0	1	1	1	1	1
YLR079W	1	1	1	1	1	1	1	0	1	0	0	0
YER029C	0	1	1	1	1	1	0	1	1	1	0	1
YHR089C	1	0	0	0	0	0	1	1	1	1	1	1
YJL138C	1	0	0	0	1	1	1	1	1	1	1	1
YOR117W	1	1	1	1	1	1	1	1	0	0	0	0
YML095C	0	0	1	1	1	0	1	1	0	1	1	1
YLR360W	1	1	1	1	1	1	1	0	0	0	1	1
YDR383C	1	1	1	1	1	1	1	1	0	1	1	1
YCR020W-B	0	0	0	1	1	1	1	1	1	1	1	1
YDR121W	0	1	1	0	0	0	0	1	1	1	1	1
YER146W	1	1	1	0	0	0	0	1	1	1	1	1
YLR314C	1	1	1	1	0	0	0	0	1	1	1	1
YCR030C	1	1	1	1	1	1	1	0	0	0	0	0
YNL113W	0	0	1	1	1	1	1	1	1	0	1	1
YOR303W	0	1	1	1	1	1	1	1	0	0	0	0
YDL209C	0	0	1	1	1	1	1	1	1	0	1	0
YGL189C	1	0	1	1	1	0	1	1	1	1	1	0
YPR010C	0	0	1	0	1	1	1	1	1	1	1	1
YLR127C	1	1	0	1	0	1	0	1	1	0	1	1
YPL042C	1	1	1	1	1	0	0	1	1	1	1	1
YNL064C	0	0	0	1	1	1	1	1	1	1	1	0
YPL002C	1	0	0	1	1	1	1	0	1	1	0	1
YLL004W	0	1	1	1	1	1	1	1	1	1	1	1
YML109W	1	1	1	0	0	0	1	0	1	1	1	1
YNR006W	1	1	1	1	0	1	1	1	1	0	0	0
YPL045W	1	0	1	1	1	1	0	1	0	1	1	1
YAL002W	0	1	1	1	1	1	1	0	1	0	1	1
YGR030C	1	1	1	1	1	1	1	1	0	0	0	0
YKL168C	1	1	1	1	1	1	1	0	0	0	1	0
YNL243W	1	1	1	1	1	0	0	0	1	1	1	1
YOR310C	0	0	0	0	0	1	1	1	1	1	1	1
YPR018W	1	0	0	0	0	0	1	1	1	1	1	1
YKL173W	0	1	1	1	1	1	0	1	1	0	0	0
YBR125C	1	0	1	1	0	1	0	1	1	1	1	1
YLR312W-A	1	1	0	0	0	0	0	0	1	1	1	1
YBR245C	1	1	0	0	0	0	0	1	1	1	1	1
YKL019W	1	1	0	0	0	0	1	1	1	1	0	1
YHR102W	1	0	0	0	1	1	1	0	0	1	1	1
YGR245C	0	0	0	1	1	1	1	1	1	1	1	1
YJL164C	1	1	1	1	1	1	1	0	0	0	0	0
YGL240W	0	0	0	1	1	1	1	1	1	1	0	0
YFL017W-A	0	1	0	1	1	1	0	1	1	0	1	1
YLR417W	1	1	1	1	1	1	1	0	0	0	1	1
YOL146W	1	1	1	1	0	0	0	1	1	1	1	1
YGR027C	0	0	0	1	0	1	0	1	1	1	1	1
YMR304W	1	1	1	1	1	1	1	0	0	0	0	0
YAL003W	1	0	0	0	1	1	1	1	1	1	1	1
YBL097W	1	1	1	1	0	0	0	1	1	0	1	1
YPR107C	1	1	1	1	1	1	1	0	1	1	1	1
YJL061W	0	0	1	0	1	1	0	1	1	1	1	1
YPR070W	0	0	1	1	0	1	0	1	1	1	0	0
YDL108W	0	0	0	1	1	1	1	1	1	1	1	1
YPR191W	1	1	1	1	0	0	0	0	1	1	1	1
YGL173C	1	1	1	1	1	1	1	0	0	1	1	0
YLR249W	1	0	0	0	0	0	1	1	1	1	1	1
YPR179C	0	1	1	1	1	1	1	1	1	1	1	1
YNL261W	0	1	0	0	1	1	0	1	1	1	1	1
YOL021C	0	0	0	1	1	1	1	1	1	1	1	1
YBL045C	1	1	1	1	0	0	0	0	1	1	1	1
YKL129C	1	1	1	1	1	1	1	0	0	0	0	0
YMR223W	0	1	1	1	1	1	0	1	1	1	1	1
YLR028C	1	1	1	1	1	1	1	1	0	0	0	0
YLL034C	0	0	0	1	1	1	1	1	1	1	1	1
YGL022W	1	1	1	0	0	0	1	1	1	1	1	1
YDR449C	0	0	0	1	1	1	1	1	1	1	1	1
YEL026W	0	0	1	0	0	1	1	1	1	1	1	1
YKL155C	1	1	0	0	0	0	0	1	1	1	1	1
YGR081C	0	0	0	1	1	1	1	1	1	1	1	1
YJL053W	1	1	1	1	1	1	1	0	1	1	0	0
YML092C	0	1	1	1	1	1	1	1	0	0	0	0
YOL117W	1	1	1	1	1	1	1	0	0	1	0	1
YDL175C	1	1	1	1	1	1	1	0	1	0	1	1
YAL043C	1	1	1	1	0	1	1	1	1	1	0	0
YNL207W	0	0	0	1	1	1	1	1	1	1	1	1
YOR290C	1	1	1	1	1	1	1	0	1	0	0	0
YNL002C	0	0	1	1	1	1	1	1	1	1	1	1
YDL188C	0	1	1	1	1	1	1	0	1	0	0	0
YPL016W	1	1	1	1	1	1	0	0	1	0	1	1
YPR149W	1	1	1	1	1	1	1	1	0	0	0	0
YDR075W	1	0	1	1	1	1	1	1	1	1	1	1
YPL082C	0	1	1	1	1	1	1	1	1	0	0	0
YLR150W	1	0	0	0	1	0	1	1	1	1	1	1
YJL002C	1	0	0	0	1	0	1	1	1	1	1	1
YGR253C	0	1	1	1	1	1	1	0	0	1	1	1
YER147C	1	1	1	1	1	1	1	1	1	0	0	0
YPL154C	1	1	1	1	1	1	1	1	0	0	0	0
YOR173W	1	1	1	1	1	1	1	1	0	0	0	0
YKL211C	1	1	1	0	1	1	1	1	1	0	0	1
YLR340W	1	0	1	1	0	0	1	1	1	1	1	1
YLR178C	1	1	1	1	1	1	1	1	0	0	0	0
YBR154C	0	0	1	1	1	1	1	1	1	1	1	1
YAR075W	1	0	0	0	0	0	1	1	1	1	1	1
YOR332W	1	1	1	1	0	0	0	1	1	1	1	1
YHR196W	0	0	0	0	1	1	1	1	1	1	1	1
YLR192C	1	0	1	1	1	0	1	1	1	1	1	0
YBR107C	1	1	1	0	1	1	1	1	1	1	0	0
YLL045C	0	0	0	1	1	1	1	1	1	1	1	1
YER043C	1	1	0	0	0	0	0	1	1	1	1	1
YDR231C	1	1	1	1	1	1	1	0	1	0	0	0
YDL013W	1	0	1	0	1	1	1	1	1	1	1	0
YDR233C	1	0	1	1	1	1	1	1	1	1	0	0
YJL069C	0	0	1	1	1	1	1	1	1	1	1	1
YBR225W	1	1	1	1	1	1	1	0	0	0	0	0
YGL227W	1	1	1	1	1	1	1	0	0	1	0	0
YAR007C	1	1	1	0	1	0	1	0	1	1	1	1
YIL143C	1	1	1	1	1	1	1	0	1	1	1	0
YML071C	1	0	0	0	0	0	1	1	1	1	1	1
YJL024C	0	0	1	0	1	1	1	1	1	1	1	1
YOR212W	0	1	1	1	1	1	1	1	1	0	0	0
YDR369C	1	1	1	1	1	1	1	0	0	0	1	0
YPL166W	0	1	1	1	1	1	1	0	0	0	0	0
YDR390C	1	1	1	1	1	1	0	0	0	1	1	1
YBL014C	0	0	1	1	1	1	1	1	1	0	1	1
YHR024C	1	1	0	0	0	0	0	0	1	1	1	1
YKR072C	0	1	1	1	1	1	1	1	1	0	0	0
YDL143W	1	0	1	1	0	0	1	1	1	1	1	1
YOR158W	1	1	1	1	0	0	0	0	1	1	1	1
YPL259C	0	0	1	1	0	1	0	0	1	1	1	1
YPL220W	1	0	1	1	1	1	1	1	1	1	1	1
YOL072W	0	0	1	1	1	1	1	1	0	0	1	0
YNL051W	1	1	1	1	1	1	1	0	0	0	0	0
YBL090W	1	1	0	0	0	0	0	0	1	1	1	1
YBR065C	0	1	1	1	1	1	1	1	1	1	1	1
YLL002W	1	1	1	0	0	0	0	0	1	1	1	1
YER022W	0	1	1	1	1	1	0	1	1	1	0	1
YDR129C	1	1	1	1	1	1	0	0	0	0	0	1
YDR289C	0	1	1	1	1	0	0	0	1	1	1	1
YCR024C	1	1	1	0	0	0	0	0	1	1	1	1
YGR254W	1	1	0	1	1	1	1	1	0	0	1	0
YER129W	1	1	1	1	1	1	1	0	1	0	0	0
YMR089C	1	1	0	0	0	0	0	0	1	1	1	1
YOR174W	1	1	0	0	0	0	0	0	1	1	1	1
YNL246W	1	1	1	1	1	1	1	1	0	0	1	1
YHR197W	1	0	0	0	1	1	1	1	1	1	1	1
YJL184W	1	0	0	1	1	1	1	1	1	1	1	1
YGR063C	1	1	1	0	0	0	0	1	1	1	1	1
YGL245W	0	1	0	0	1	1	1	1	1	1	1	1
YBR122C	1	1	1	0	0	0	0	0	1	1	1	1
YNL288W	0	1	1	1	0	0	1	1	1	1	0	0
YOR039W	0	1	1	1	1	1	1	1	1	1	1	0
YNL215W	0	1	1	1	1	0	1	0	1	1	0	0
YNL325C	1	1	1	1	1	1	0	0	0	1	0	1
YNL031C	1	1	1	1	1	0	0	0	0	1	1	1
YIL071C	1	1	1	1	1	1	1	0	0	1	1	0
YDR074W	1	1	1	1	1	1	1	0	0	0	0	0
YOL005C	1	1	1	1	0	1	0	0	1	1	1	1
YGL112C	0	0	1	1	1	1	1	1	1	1	1	0
YDL043C	0	0	1	1	1	1	1	1	1	1	1	0
YDR489W	0	1	0	0	0	0	0	1	1	1	1	1
YPL043W	0	0	1	1	1	1	1	1	1	1	1	1
YJR113C	1	1	1	0	0	0	0	0	1	1	1	1
YJR104C	1	1	1	1	1	1	1	0	1	0	0	0
YLR048W	1	0	1	0	0	1	1	1	1	1	1	1
YBR084W	1	0	0	0	1	1	1	1	1	1	1	1
YCL008C	1	1	1	1	1	1	1	1	0	0	0	0
YBR119W	0	1	1	1	1	1	1	1	1	0	0	0
YJR002W	0	0	0	1	1	1	1	1	1	0	1	1
YGL171W	1	0	0	0	0	1	1	1	1	1	1	1
YHL029C	1	0	0	0	1	1	1	1	1	1	1	0
YKR025W	1	1	1	1	1	1	1	1	1	1	1	1
YLR337C	1	1	1	1	1	1	1	0	1	0	0	0
YPL120W	1	1	1	1	1	1	1	0	1	0	0	0
YBL093C	1	1	1	1	1	1	1	1	1	1	0	0
YLR347C	0	0	1	1	1	1	1	1	1	1	1	0
YLR357W	1	0	1	1	0	0	0	1	1	1	1	1
YER008C	1	1	1	1	0	1	1	1	1	0	1	0
YKL180W	1	0	1	0	1	1	1	1	1	1	1	1
YLR430W	1	0	1	0	1	1	1	1	1	1	1	1
YPL046C	0	0	1	1	1	1	1	1	1	1	0	0
YMR268C	0	1	1	1	1	1	1	1	1	0	0	1
YGR252W	1	1	1	0	1	0	1	0	1	1	1	1
YNL244C	0	0	1	0	1	1	1	1	1	0	1	1
YER007C-A	1	0	0	0	0	1	1	1	1	1	1	1
YGL014W	0	1	1	1	0	0	1	1	1	1	1	0
YDL102W	1	1	0	0	0	0	0	0	1	1	1	1
YIL097W	1	1	1	1	1	1	1	0	0	1	0	0
YDR064W	1	0	0	0	1	1	1	1	1	1	1	1
YHL001W	0	0	0	0	1	1	1	1	1	1	1	1
YPL010W	1	0	0	0	1	1	0	0	1	1	1	1
YPL081W	0	0	0	0	0	0	1	1	1	1	1	1
YER107C	1	1	1	1	0	0	1	0	1	1	1	1
YGL098W	1	0	0	0	0	1	1	1	1	1	1	1
YBL018C	0	0	0	0	1	1	1	1	1	1	1	1
YNL147W	0	0	1	1	1	1	1	1	0	1	1	1
YCL048W	1	1	1	1	1	1	1	0	0	1	1	1
YNL177C	1	1	1	0	0	0	0	0	1	1	1	1
YOR142W	1	1	1	1	1	1	1	0	0	0	1	0
YCR092C	1	0	0	0	0	0	0	1	1	1	1	1
YLR262C	1	1	1	1	0	1	0	1	1	0	1	1
YHR147C	1	1	0	1	0	0	0	0	0	1	1	1
YOL145C	1	1	1	1	1	0	0	1	1	1	1	1
YFL018C	1	1	1	1	0	0	0	0	1	1	1	1
YNL306W	1	1	0	1	0	0	0	0	1	1	1	1
YBR211C	1	1	1	1	1	1	0	0	1	1	1	1
YKL029C	1	1	1	1	1	1	1	1	1	1	1	1
YGR005C	1	1	0	0	0	0	0	1	1	1	1	1
YDR485C	0	1	1	1	1	1	1	1	1	0	0	0
YNL138W	1	1	1	1	1	1	0	0	0	1	1	1
YNL222W	1	1	1	1	1	0	0	0	1	1	1	1
YKL007W	1	0	1	1	1	1	1	1	0	1	1	1
YPL022W	0	0	1	1	0	1	1	1	1	1	0	0
YMR012W	1	1	1	0	0	0	0	1	1	1	1	1
YER162C	1	1	1	1	1	1	1	1	1	0	0	0
YLR421C	0	1	1	1	1	1	0	0	1	0	0	0
YGR119C	0	1	1	1	0	0	1	1	1	1	1	0
YJR063W	0	0	1	0	1	1	1	1	1	1	1	1
YER122C	1	1	0	0	0	0	0	1	1	1	1	1
YBL103C	0	0	1	1	1	1	1	1	1	1	1	1
YCR009C	0	0	1	1	1	1	1	1	1	1	0	0
YPL146C	1	1	1	1	1	1	1	1	1	1	1	1
YLR418C	0	0	0	1	1	1	1	1	1	1	1	1
YLR208W	1	1	1	1	1	1	1	1	0	0	0	0
YLR060W	1	0	1	1	0	0	0	1	1	1	1	1
YOR056C	0	0	0	1	0	1	1	1	1	1	1	1
YML056C	1	1	1	1	1	1	1	1	1	1	1	1
YNL023C	0	0	0	1	1	1	1	1	1	0	1	1
YMR158W	1	1	0	0	0	0	0	0	1	1	1	1
YMR218C	1	1	0	1	1	0	0	1	1	1	0	1
YLR200W	0	0	1	1	0	1	0	1	1	1	1	1
YEL037C	0	0	1	1	1	1	1	1	1	1	1	0
YMR191W	1	1	1	1	1	1	1	1	0	0	0	0
YCR063W	1	0	1	1	1	1	1	1	1	1	0	1
YGL172W	1	1	1	0	0	0	1	1	1	1	1	0
YGR078C	1	0	1	0	0	0	1	1	1	1	1	1
YNL107W	0	0	1	1	1	1	1	1	1	1	0	0
YEL018W	1	1	0	0	1	0	0	1	1	1	1	1
YEL053C	1	0	0	0	0	1	0	1	1	1	1	1
YBL084C	0	1	1	1	1	1	1	0	1	0	0	0
YBL027W	1	0	0	0	0	0	1	1	1	1	1	1
YJL179W	0	0	1	0	1	1	1	1	1	1	1	1
YLR035C	1	1	1	1	1	0	1	1	0	0	1	0
YML062C	0	0	0	0	1	0	1	1	1	1	1	1
YPL047W	1	0	0	1	1	1	1	1	1	0	0	0
YML065W	1	1	0	0	1	1	1	1	1	1	1	1
YJR148W	1	1	1	1	1	1	1	0	0	0	0	0
YKL182W	0	1	1	1	1	1	1	1	0	0	1	0
YJR092W	1	1	1	1	1	0	0	0	0	0	1	1
YKR026C	0	0	0	0	1	1	1	1	1	1	1	1
YHR086W	1	1	1	0	0	0	1	0	0	1	1	1
YOL148C	1	1	1	1	1	1	1	1	1	0	0	0
YBR167C	1	1	1	1	1	1	1	1	0	0	0	0
YHR118C	1	1	1	0	1	0	1	1	0	0	1	0
YGR285C	1	0	0	0	0	0	1	1	1	1	1	1
YLR015W	1	0	1	1	1	1	1	1	1	0	0	1
YNL273W	1	0	0	0	0	1	1	1	1	1	1	1
YNR037C	1	1	1	0	0	0	0	0	1	1	1	1
YDL111C	1	1	1	1	0	1	1	1	1	1	1	1
YCR020C-A	0	0	0	1	1	1	1	1	1	1	1	1
YJL076W	1	1	0	0	0	1	0	1	1	1	1	1
YNL287W	1	1	0	0	0	0	1	1	1	1	1	1
YGL244W	0	1	1	0	1	1	1	1	1	1	1	0
YOL087C	1	1	1	1	1	1	1	0	0	0	0	0
YKR085C	1	1	0	0	0	0	0	0	1	1	1	1
YCR071C	1	1	0	0	0	0	0	0	1	1	1	1
YOL004W	0	1	1	1	0	1	0	0	1	1	1	1
YPR133C	0	0	1	1	1	1	1	1	1	1	0	0
YLR310C	1	1	1	1	1	0	1	1	0	0	1	1
YDR357C	1	1	1	1	1	1	1	0	0	0	0	0
YGL194C	1	1	1	1	0	1	1	1	0	0	0	0
YMR033W	1	0	0	0	1	0	0	1	1	1	1	1
YFR050C	1	1	1	1	1	1	1	0	0	1	0	0
YDR138W	0	1	1	1	0	1	0	0	1	1	1	1
YLR367W	1	0	0	0	0	0	0	1	1	1	1	1
YGR120C	1	0	0	0	0	0	1	1	1	1	1	1
YPR103W	0	1	1	1	1	1	1	1	0	1	0	0
YOR154W	0	0	0	1	1	1	1	1	1	0	0	1
YDL185W	0	1	1	1	1	1	0	1	1	0	0	0
YOR014W	0	1	1	1	1	1	1	1	0	1	0	0
YMR242C	0	0	1	1	1	1	0	1	1	1	1	1
YJR145C	1	0	1	1	1	0	1	1	1	1	1	1
YOR260W	0	0	1	1	0	1	1	1	1	1	1	1
YKR038C	1	1	1	0	1	0	1	1	1	1	1	1
YJL203W	1	0	0	0	1	1	1	1	1	1	0	0
YER083C	1	0	0	0	1	1	1	1	1	1	0	0
YER006W	1	0	1	1	1	1	1	1	1	1	1	1
YLR396C	1	1	1	1	1	1	1	0	1	0	1	1
YGL200C	1	1	1	0	0	0	0	0	1	1	1	1
YHR167W	1	0	0	0	0	0	1	0	1	1	1	1
YGL207W	0	1	1	1	1	1	1	0	0	1	1	0
YOR249C	1	1	0	1	1	0	0	0	1	1	1	1
YEL036C	0	0	1	1	0	1	1	1	1	1	1	1
YIL075C	1	1	1	1	1	1	1	0	0	1	1	0
YGR175C	0	1	1	1	1	1	1	1	1	0	1	0
YPR031W	1	1	1	1	0	1	1	0	1	0	0	1
YOL012C	1	1	1	1	0	0	0	0	0	1	1	1
YHR085W	0	0	0	0	1	1	1	1	1	1	1	1
YER081W	0	0	0	0	0	0	0	1	1	1	1	1
YPR052C	1	1	1	1	1	0	0	0	0	0	1	1
YBR142W	1	0	1	1	1	1	1	1	1	1	1	1
YDL030W	0	1	1	1	1	1	1	1	1	0	0	0
YLR102C	1	1	1	1	1	1	1	0	0	0	0	0
YKL058W	1	1	1	1	1	1	0	0	1	1	1	1
YJL148W	0	0	1	1	1	1	1	1	1	1	1	1
YPR066W	1	1	1	1	1	1	1	0	0	1	1	0
YPL190C	0	1	1	1	1	1	1	0	1	0	1	0
YKL148C	1	1	1	1	1	0	0	0	1	1	1	1
YOR124C	0	1	1	1	1	1	1	0	0	1	1	0
YNL062C	0	0	0	1	1	1	1	1	1	1	1	1
YDR427W	0	1	1	1	1	1	1	0	1	1	0	0
YIL126W	1	1	0	0	0	1	1	1	1	1	1	1
YMR193W	1	1	0	0	0	0	0	0	1	1	1	1
YIL144W	1	1	0	1	1	1	1	0	0	1	1	1
YPR016C	0	0	1	1	1	0	1	1	1	1	1	1
YDL005C	1	1	1	1	1	1	1	0	1	0	0	1
YPL018W	1	1	1	1	1	1	1	0	0	1	0	0
YLR423C	1	1	1	1	1	1	0	0	0	1	1	1
YCL010C	1	1	1	1	1	1	1	1	0	0	0	0
YHR193C	1	1	0	1	1	0	0	1	1	1	1	1
YDR166C	0	1	1	1	1	1	1	0	1	0	0	0
YGL115W	1	1	1	0	0	0	0	0	1	1	1	1
YLR215C	0	0	0	1	1	1	1	1	1	1	1	1
YFL049W	0	1	1	1	0	1	0	1	1	1	1	1
YJL190C	1	0	0	0	0	0	1	1	1	1	1	1
YOR069W	0	1	1	1	1	1	0	1	1	1	1	0
YOL115W	0	1	1	1	1	1	1	1	1	1	1	1
YHR121W	1	1	0	0	0	0	0	0	1	1	1	1
YBR196C	1	1	0	1	1	1	1	1	0	0	1	1
YJR082C	0	0	1	1	1	1	1	1	1	0	0	0
YOR132W	1	1	1	1	1	1	1	0	1	1	0	0
YDL031W	0	0	1	1	1	1	1	1	1	0	1	1
YLR196W	1	0	1	1	1	1	1	1	1	1	1	1
YPL169C	0	1	1	1	1	0	1	1	1	1	1	1
YOL069W	0	1	1	1	1	1	0	0	0	1	1	1
YER012W	1	1	1	1	1	1	1	0	0	1	1	0
YNR054C	0	0	1	1	1	1	1	1	1	1	1	1
YGR234W	1	1	0	0	0	0	0	1	1	1	1	1
YHL030W	1	1	1	1	1	1	1	0	0	1	1	0
YDL112W	1	0	0	0	1	1	1	1	1	1	1	1
YPL178W	1	1	1	1	1	0	0	1	1	1	1	0
YLR325C	1	0	0	1	1	1	0	1	1	1	1	1
YGL130W	1	1	1	1	0	1	0	1	1	0	0	1
YOR116C	1	0	1	0	1	1	1	1	1	1	1	1
YNL224C	0	0	1	1	1	1	1	1	1	1	1	0
YGR178C	1	1	0	0	0	0	1	1	1	1	1	0
YDR092W	1	0	1	1	1	1	1	1	1	1	1	0
YGR262C	1	0	0	0	0	1	0	1	1	1	1	1
YBR095C	1	1	1	1	1	1	1	1	1	0	1	0
YDR254W	1	1	1	1	1	1	0	0	0	1	1	1
YOL062C	1	1	1	0	0	0	0	0	1	1	1	1
YHR164C	1	1	0	0	1	1	1	0	0	1	1	1
YOL135C	0	1	1	0	0	0	1	1	1	1	1	0
YLR436C	1	1	1	1	1	0	0	0	0	1	1	1
YDL155W	1	1	1	1	0	0	1	1	1	1	1	1
YDL208W	0	0	1	0	1	1	1	1	1	1	1	1
YML007W	0	1	1	1	1	1	1	0	0	0	0	0
YMR078C	1	0	0	0	0	0	0	0	1	1	1	1
YPL139C	1	1	1	1	0	0	0	0	1	1	0	1
YNL085W	0	1	1	1	0	0	0	1	1	1	1	1
YHR179W	1	0	0	0	0	1	1	1	1	1	1	1
YHR099W	1	1	0	0	1	0	0	0	1	1	1	1
YHL025W	1	1	1	1	0	0	1	1	1	1	1	0
YML025C	1	1	1	0	0	0	0	0	1	1	1	1
YKR062W	1	1	0	1	1	1	0	1	1	1	0	1
YLR223C	1	0	1	1	1	1	1	1	1	1	1	1
YPR069C	0	1	1	1	1	1	0	1	1	1	0	1
YCR052W	1	0	1	0	0	0	1	1	1	1	1	1
YOR267C	1	1	1	1	1	0	1	1	1	0	0	0
YCR095C	0	1	1	1	1	1	1	0	0	0	0	1
YLR119W	1	1	1	1	1	1	1	1	0	0	0	0
YJL140W	1	1	1	1	1	1	0	1	0	1	0	1
YGR283C	0	0	0	0	1	1	1	1	1	1	1	1
YDR407C	1	0	1	1	1	1	1	0	0	1	1	1
YNL097C	0	1	1	1	1	1	1	0	1	1	0	0
YJR052W	0	1	1	1	1	1	1	1	1	0	0	0
YMR186W	0	1	1	1	1	1	1	1	0	0	1	0
YOR207C	1	0	0	0	1	1	1	1	1	1	1	1
YPR168W	0	1	1	1	1	1	1	1	1	0	0	0
YFR024C-A	1	1	1	1	0	1	1	0	0	1	1	1
YIL128W	1	1	0	0	0	1	0	0	1	1	1	1
YKL014C	1	0	0	0	0	1	1	1	1	1	1	1
YJR006W	1	1	1	0	0	0	0	0	1	1	1	1
YBR280C	1	1	1	1	1	1	1	0	0	0	0	0
YNL049C	1	0	1	1	1	0	0	1	1	1	1	1
YBR128C	1	1	1	1	1	1	1	0	0	0	0	0
YDR179C	0	0	0	1	1	1	0	1	0	1	1	1
YGL019W	1	1	0	0	0	0	1	1	1	1	1	1
YER178W	1	1	1	1	1	1	1	1	0	0	0	0
YLR328W	1	1	1	0	0	0	0	1	1	0	1	1
YJL050W	1	0	0	0	1	1	1	1	1	1	1	1
YBR135W	1	1	1	0	0	0	0	1	1	0	1	0
YBR072W	0	1	1	1	1	1	1	1	0	0	0	0
YKL145W	1	1	1	1	1	1	1	1	0	0	0	0
YLL022C	1	1	0	0	0	0	1	1	0	1	1	1
YGL049C	1	1	0	0	0	0	0	1	1	1	1	1
YGL153W	1	1	1	1	1	1	1	0	0	0	0	0
YPR178W	1	1	1	1	1	1	1	1	1	0	0	0
YJL001W	1	1	1	1	1	1	1	1	0	0	0	0
YNL021W	1	0	1	0	0	0	1	1	1	1	1	1
YGR233C	1	0	0	0	0	1	1	1	1	1	1	1
YBR143C	1	0	0	0	1	0	1	1	1	1	1	1
YDL029W	1	1	1	1	1	1	1	0	0	1	0	1
YPL055C	1	0	0	0	1	1	1	1	1	1	1	1
YLR371W	1	1	1	1	1	1	1	0	0	0	0	0
YGR165W	1	1	0	0	0	0	0	0	1	1	1	1
YJL052W	1	1	1	1	1	1	1	1	1	0	0	0
YNL102W	1	1	1	0	0	0	0	0	1	1	1	1
YAL024C	1	1	0	1	0	0	0	1	1	1	1	1
YDR202C	1	1	1	1	1	1	1	0	0	0	0	0
YGR244C	1	1	1	1	1	1	1	0	0	0	1	1
YPR101W	0	0	1	1	1	1	1	1	1	1	1	1
YGR103W	1	0	1	0	1	1	1	1	1	1	1	1
YGL145W	0	1	1	1	1	1	1	1	1	1	1	1
YDR118W	1	1	1	1	1	1	1	0	0	1	0	1
YDR471W	0	0	0	1	1	1	1	1	1	1	1	1
YAL033W	1	0	0	0	0	0	0	1	1	1	1	1
YDR308C	1	0	1	1	0	1	0	1	1	1	1	1
YKL210W	1	1	1	1	1	1	1	0	0	0	0	0
YBL026W	0	0	1	1	1	1	0	1	1	1	1	1
YBR025C	0	0	0	1	1	1	1	1	1	1	1	1
YBR170C	1	1	1	1	1	1	1	1	0	0	0	0
YIL133C	1	0	0	0	1	0	1	1	1	1	1	1
YLR407W	0	1	1	1	1	1	1	1	1	1	1	1
YCR066W	0	1	1	1	1	1	1	1	1	0	0	1
YDR167W	1	0	0	0	0	0	0	1	1	1	1	1
YOR272W	0	0	1	1	1	1	1	1	1	1	1	1
YKL012W	1	1	0	1	1	1	1	1	1	0	1	0
YDR325W	1	1	1	0	0	0	0	1	1	1	1	1
YLR435W	1	0	1	1	1	1	1	1	1	1	1	1
YOR110W	0	1	1	1	1	0	1	1	1	1	1	0
YER025W	1	0	0	0	1	1	0	1	1	1	1	1
YOR035C	1	1	1	1	1	1	1	1	0	0	0	0
YDL018C	1	1	1	1	1	1	0	0	0	1	1	1
YMR297W	1	1	1	1	1	1	1	1	0	0	0	0
YDL150W	0	0	1	1	0	1	1	1	1	1	1	1
YDR245W	1	0	0	0	0	0	0	1	1	1	1	1
YJR033C	1	1	1	1	1	1	1	0	0	0	0	0
YMR120C	1	0	0	0	0	0	1	1	1	1	1	1
YBR052C	1	1	1	1	1	1	0	0	1	1	0	1
YCR081W	1	0	1	1	0	1	0	1	1	1	1	1
YKR079C	0	0	0	0	1	1	1	1	1	1	1	1
YGR134W	1	1	0	0	1	1	1	0	1	1	1	0
YML024W	1	0	0	1	1	1	1	1	1	1	1	1
YMR231W	1	1	1	1	1	1	1	0	0	1	0	0
YOR027W	0	1	1	1	1	1	1	1	0	1	0	0
YDL140C	1	1	1	1	0	0	1	1	1	1	1	0
YKL052C	1	1	1	1	1	1	1	1	0	0	0	0
YNL055C	1	1	1	1	1	0	1	0	0	1	1	0
YER177W	1	1	1	1	1	1	1	1	0	1	0	0
YGL242C	1	1	1	1	0	1	0	0	0	1	1	1
YAL021C	1	0	1	1	1	1	1	1	1	1	0	1
YML105C	1	1	1	0	1	0	0	1	1	1	1	1
YNL172W	1	1	1	1	1	1	1	1	0	0	0	0
YEL055C	1	0	0	0	0	0	0	1	1	1	1	1
YPL065W	0	1	1	1	1	1	1	0	0	1	0	0
YOR326W	1	1	1	0	0	0	0	1	1	1	1	1
YKL139W	0	0	1	1	1	0	1	1	1	1	1	1
YLR344W	1	0	0	1	1	0	1	1	1	1	1	1
YBR127C	1	0	1	1	0	0	0	1	1	1	1	1
YBR260C	1	1	1	1	0	0	0	0	1	1	1	1
YDL060W	0	0	1	1	1	1	1	1	1	1	1	1
YPL138C	0	1	1	1	1	1	1	1	1	0	0	0
YCL024W	1	1	0	0	1	1	1	0	1	1	1	1
YJL011C	0	0	0	1	1	1	1	1	1	1	1	1
YHR191C	1	1	0	1	1	1	0	0	0	1	1	1
YLR166C	1	1	0	1	1	1	0	1	1	0	1	0
YHR131C	1	1	1	1	1	1	1	0	0	1	1	0
YNL209W	1	0	0	0	0	0	1	1	1	1	1	1
YGR084C	1	1	0	0	0	0	0	0	1	1	1	1
YDR049W	0	0	1	0	0	1	1	1	1	1	1	1
YLR385C	1	0	1	1	0	0	1	1	1	1	1	0
YLL021W	1	0	1	0	0	0	0	1	1	1	1	1
YER125W	1	1	1	1	1	1	0	0	1	1	0	0
YDL097C	0	1	1	1	1	1	1	0	0	1	0	0
YKR029C	1	1	0	1	1	1	0	0	1	1	0	1
YML102W	1	0	0	0	0	0	0	1	1	1	1	1
YNL308C	0	0	1	1	1	1	1	1	1	1	1	1
YNL284C	1	1	0	0	0	0	0	0	1	1	1	1
YDR159W	1	1	1	1	1	1	0	0	0	0	0	1
YGR220C	1	1	0	0	0	0	0	0	1	1	1	1
YDR170C	1	1	1	0	0	0	0	1	1	1	1	1
YPL093W	0	0	1	1	1	1	1	1	1	1	1	1
YGL129C	1	1	0	0	0	0	0	0	1	1	1	1
YDL082W	1	0	0	0	0	1	1	1	1	1	1	1
YDR050C	1	1	1	1	1	1	1	0	0	0	0	0
YKR006C	1	1	0	0	0	0	0	0	1	1	1	1
YCR057C	0	0	1	1	1	1	1	1	1	1	1	1
YKL119C	1	1	0	1	1	0	0	0	0	1	1	1
YHR027C	1	1	1	1	1	1	1	0	0	1	1	0
YMR167W	1	0	1	0	1	1	1	1	1	1	1	0
YOR362C	0	1	1	1	1	1	1	1	0	1	0	0
YMR048W	1	1	1	0	0	0	0	0	1	1	1	1
YKL045W	1	1	0	0	0	0	0	0	1	1	1	1
YCR012W	1	1	1	1	1	1	1	1	0	0	1	0
YJL063C	1	1	0	0	0	0	0	0	1	1	1	1
YLR315W	1	1	1	0	1	1	1	0	0	1	1	1
YHR081W	1	0	0	1	1	1	1	1	1	1	1	1
YBR169C	0	1	1	1	1	1	1	1	0	0	0	0
YDR311W	0	1	1	1	1	1	1	1	1	1	0	0
YOR138C	1	1	1	1	1	1	1	0	1	0	0	0
YIL022W	1	1	0	0	0	0	0	1	1	1	1	1
YCL011C	1	1	1	0	0	0	1	1	1	0	1	0
YPL213W	1	0	0	0	0	1	0	1	1	1	1	1
YPL143W	0	0	1	1	1	1	1	1	1	1	1	1
YHR200W	1	1	1	1	1	0	1	0	1	1	1	0
YKL191W	1	0	0	0	1	1	1	1	1	1	1	1
YBL004W	1	0	0	1	0	1	1	1	1	1	1	1
YER120W	1	1	1	1	1	1	0	1	1	0	1	0
YBR289W	1	1	1	1	1	1	1	0	0	0	1	0
YDR337W	1	1	0	0	0	0	0	0	1	1	1	1
YKL003C	1	1	0	0	0	0	0	0	1	1	1	1
YKL206C	1	1	1	1	1	1	1	0	1	0	1	0
YDR472W	0	0	0	1	0	1	1	1	1	1	1	1
YKR022C	0	0	0	1	1	1	1	1	0	1	1	1
YMR093W	0	0	1	1	1	1	1	1	1	1	1	1
YGL103W	1	0	0	0	1	0	1	1	1	1	1	1
YGR047C	1	1	0	1	1	1	1	1	0	1	1	1
YDR388W	1	1	1	1	1	1	1	0	0	0	0	0
YGL030W	1	0	1	1	0	1	0	1	1	1	1	1
YBR234C	1	1	1	1	1	1	1	0	1	1	0	0
YMR005W	1	0	0	1	1	0	1	1	1	1	1	1
YOR340C	0	0	0	1	1	1	1	1	1	1	1	1
YGR054W	1	0	0	0	0	0	1	1	1	1	1	1
YDR228C	0	1	1	1	1	1	0	0	1	1	1	1
YKR014C	1	1	1	1	1	1	1	0	0	0	0	0
YMR128W	0	0	0	1	1	1	1	1	1	1	1	1
YDR363W-A	1	1	1	1	1	1	0	0	0	1	0	1
YER151C	0	1	1	1	1	1	0	1	1	1	1	1
YBR105C	1	1	1	1	1	1	1	1	1	1	1	1
YML074C	1	1	0	1	0	0	1	1	1	1	1	1
YDR394W	0	1	1	1	1	1	1	1	1	1	0	0
YPR176C	1	1	1	0	0	0	0	0	1	1	1	1
YLR129W	0	0	0	1	1	1	1	1	1	1	1	1
YIR025W	1	1	1	1	1	1	1	1	0	0	0	0
YMR072W	1	1	1	1	1	1	1	1	0	0	1	0
YLR163C	1	1	0	0	0	0	0	0	1	1	1	1
YOR204W	1	1	0	0	0	0	1	1	1	1	1	1
YNL258C	1	1	1	1	1	1	1	0	1	1	1	1
YOR036W	1	1	1	1	1	1	1	0	0	0	0	0
YJR005W	1	1	1	0	1	0	0	0	1	1	1	1
YLR398C	1	0	0	0	1	0	1	1	1	1	1	1
YOR230W	0	1	1	1	1	1	1	1	0	0	0	0
YGR095C	1	0	0	1	1	1	1	1	1	1	1	1
YER094C	1	1	1	1	1	1	1	0	0	0	0	0
YML015C	0	1	1	1	1	0	1	1	1	0	1	0
YDR001C	0	1	1	1	1	1	1	1	1	0	0	0
YAL016W	1	1	1	1	1	1	1	0	0	0	0	0
YOL139C	0	0	1	0	0	0	0	1	1	1	1	1
YHL002W	1	1	1	1	1	1	1	0	1	1	1	0
YJL115W	1	0	1	0	0	1	1	1	1	1	1	1
YBL007C	1	1	1	1	1	1	1	0	0	0	0	0
YEL015W	1	1	1	0	0	0	1	1	1	1	1	1
YDR186C	0	1	1	1	1	1	1	1	0	0	0	1
YDR418W	1	0	1	0	0	1	1	1	1	1	1	1
YDL126C	1	1	1	1	1	1	1	0	0	1	0	0
YMR149W	0	1	1	1	1	0	1	0	1	1	1	0
YGL133W	1	0	0	1	1	1	1	1	1	1	1	1
YKR002W	1	1	1	0	1	0	0	0	1	1	1	1
YLR197W	1	0	0	0	0	1	1	1	1	1	1	1
YGL246C	0	0	0	0	0	0	1	1	1	1	1	1
YMR214W	0	0	1	0	1	0	1	1	1	1	1	1
YDR116C	1	1	0	0	0	0	0	0	1	1	1	1
YIL112W	1	1	0	0	1	1	1	1	0	1	1	1
YFR031C-A	1	0	1	0	0	0	1	1	1	1	1	1
YJL176C	1	1	1	1	1	0	0	0	0	1	0	1
YOR123C	0	1	0	1	0	0	0	1	1	1	1	1
YML046W	0	0	1	1	1	1	1	1	1	0	1	1
YGL150C	1	0	0	0	1	1	1	1	1	1	0	1
YPL181W	1	1	1	1	0	0	0	1	1	1	1	0
YOR270C	0	1	1	1	1	1	0	1	1	1	0	0
YOR244W	0	1	1	1	1	1	1	1	1	0	0	0
YLR433C	0	1	1	1	1	1	0	0	1	1	1	1
YOR133W	1	0	0	0	0	1	1	1	1	1	1	1
YIL109C	1	1	1	1	1	0	0	0	1	0	1	0
YIL017C	1	1	1	1	1	1	1	0	0	1	0	0
YJL177W	1	0	0	0	0	1	1	1	1	1	1	1
YKL081W	1	0	0	0	0	0	0	1	1	1	1	1
YML026C	1	0	0	0	0	1	1	1	1	1	1	1
YOL149W	0	1	1	1	1	1	0	1	1	1	1	1
YOR185C	1	1	1	1	1	1	1	1	0	0	0	0
YGR130C	1	1	1	1	1	1	1	0	0	0	0	0
YGL137W	1	1	1	1	0	0	0	0	0	1	1	1
YFR049W	1	1	1	1	1	1	0	0	0	1	1	1
YJR050W	0	0	1	1	1	1	1	1	1	1	0	0
YEL056W	1	0	1	1	0	0	1	0	1	1	1	1
YBR055C	0	0	1	1	1	1	1	1	1	1	1	1
YHR216W	1	0	0	0	0	0	1	1	1	1	1	1
YOR352W	1	1	1	1	1	1	1	0	0	1	1	0
YMR314W	0	1	1	1	1	1	1	1	0	0	0	0
YPL266W	0	0	1	1	1	1	1	1	1	1	1	1
YPR048W	0	0	1	0	1	1	1	1	1	1	1	1
YER027C	1	1	1	1	0	0	1	1	1	1	1	1
YPL203W	1	1	1	1	1	1	1	0	0	0	0	0
YCL059C	1	0	0	1	1	1	1	1	1	1	1	1
YMR303C	1	1	1	1	1	1	1	1	0	0	0	0
YPR188C	0	1	1	1	1	1	0	1	1	1	0	1
YIL098C	1	1	0	0	0	0	0	0	1	1	1	1
YLR399C	1	1	1	1	1	1	1	0	0	0	0	0
YGR196C	1	1	1	1	1	1	1	0	0	1	1	0
YFL039C	1	1	1	1	1	1	1	0	0	0	0	0
YLR221C	1	0	0	1	1	1	1	1	1	1	1	1
YJL109C	1	0	0	0	1	1	1	1	1	1	1	1
YER017C	1	1	1	1	1	0	1	0	1	1	1	1
YBL021C	1	1	0	0	0	0	0	0	1	1	1	1
YBR117C	0	1	1	1	1	1	1	1	0	0	0	0
YNL104C	1	1	1	1	1	1	1	1	0	0	0	0
YDL077C	1	1	1	0	0	0	0	0	0	1	1	1
YKL193C	1	1	1	1	1	1	1	0	0	0	0	0
YBR011C	1	1	1	1	0	1	1	0	1	1	0	1
YGR113W	1	1	0	1	0	0	1	0	0	1	1	1
YBR031W	1	0	1	0	0	1	1	1	1	1	1	1
YDR148C	1	1	1	1	0	0	0	0	0	1	1	1
YFL002C	1	0	0	0	0	0	1	1	1	1	1	1
YDL014W	0	0	0	0	0	1	1	1	1	1	1	1
YOR157C	0	1	1	1	1	1	1	0	0	1	1	0
YFL024C	0	1	1	1	1	1	1	0	0	0	0	0
YJR043C	0	1	1	1	0	0	1	1	1	1	1	1
YDR296W	1	1	1	0	0	0	0	0	1	1	1	1
YDR174W	1	1	1	0	0	0	0	1	1	1	1	1
YOL077C	0	0	0	1	1	1	1	1	1	1	1	1
YLR342W	1	0	0	0	0	0	0	1	1	1	1	1
YGR083C	0	0	0	0	1	1	1	1	1	1	1	1
YPL233W	1	0	1	0	0	0	1	1	1	1	1	1
YML032C	0	1	1	1	1	0	1	1	1	1	1	0
YPR041W	0	0	0	0	0	0	0	1	1	1	1	1
YAL013W	1	1	1	0	1	1	1	1	1	0	0	0
YLR335W	1	0	1	0	0	0	0	1	1	1	1	1
YPL094C	1	1	1	0	0	0	1	1	1	1	1	1
YMR229C	1	0	1	0	1	1	1	1	1	1	1	1
YFR032C-A	1	0	0	0	1	1	1	1	1	1	1	1
YPR180W	0	1	1	1	1	1	1	1	0	0	1	0
YGL197W	1	1	1	1	1	1	1	0	0	1	0	0
YCR072C	0	1	1	1	1	1	1	1	1	1	1	1
YGR180C	1	1	1	1	1	1	1	1	0	0	0	0
YAL034C	0	1	1	1	1	1	1	1	1	0	0	0
YHR012W	1	0	0	0	1	0	1	1	0	1	1	1
YDR422C	0	1	1	1	1	1	0	1	1	0	1	1
YMR049C	1	0	1	1	1	1	1	1	1	1	1	1
YMR024W	1	1	0	0	0	0	0	0	1	1	1	1
YDL040C	1	1	0	0	0	0	0	1	1	1	1	1
YBR221C	1	1	1	1	1	1	1	0	0	1	1	1
YJR093C	0	1	0	1	1	1	1	1	1	1	0	0
YPL256C	1	1	1	0	0	0	0	0	1	1	1	1
YGR192C	1	1	1	1	1	0	1	1	1	0	1	0
YNL151C	0	0	0	0	0	0	1	1	1	1	1	1
YDR502C	1	0	1	1	0	0	0	1	1	1	1	1
YML100W	1	1	1	1	1	1	1	0	0	0	0	0
YIL142W	1	1	1	0	1	0	1	1	1	1	1	0
YJL191W	0	0	1	1	1	1	1	1	1	1	1	0
YOR253W	0	1	1	1	1	1	0	1	1	1	1	1
YPL198W	0	0	1	1	1	1	1	1	1	1	1	1
YDL195W	1	1	1	1	0	0	1	0	1	1	1	1
YDR279W	1	0	1	0	0	1	0	1	1	1	1	1
YGR056W	0	1	1	1	1	1	1	1	1	0	1	1
YGL061C	1	1	0	0	0	0	1	1	1	1	1	1
YFR037C	1	1	1	0	0	0	1	1	1	1	1	1
YPL153C	1	1	0	0	0	1	1	0	1	1	1	1
YNL096C	0	0	0	0	0	1	1	1	1	1	1	1
YDL002C	1	1	1	1	1	0	0	1	1	1	1	1
YDR362C	1	0	0	1	0	0	0	0	1	1	1	1
YNL099C	1	0	1	0	0	0	1	1	1	1	1	1
YIL153W	1	1	1	1	1	1	1	0	0	0	1	0
YML041C	0	1	1	0	1	1	1	1	1	1	0	1
YPL049C	1	1	1	1	1	0	1	1	1	0	0	0
YMR288W	0	0	1	1	1	1	0	1	1	0	1	1
YDR324C	0	0	1	1	1	1	1	1	1	1	1	1
YEL013W	1	1	1	1	1	1	1	0	0	1	0	0
YHR187W	1	1	1	0	1	0	1	1	1	0	0	0
YLR287C	0	0	1	1	1	1	1	1	1	1	1	1
YMR310C	0	0	0	0	1	1	1	1	1	1	1	1
YHL015W	1	0	0	0	1	1	1	1	1	1	1	1
YPL011C	0	1	1	1	1	1	1	1	1	0	0	0
YER048W-A	1	1	1	1	0	1	0	0	0	1	1	1
YLR117C	1	1	1	1	1	1	1	1	0	0	0	1
YER090W	1	0	0	1	1	1	1	1	1	0	1	0
YLR448W	1	0	0	0	1	1	1	1	1	1	1	1
YOR276W	0	0	1	0	1	0	1	1	1	1	1	1
YPL037C	1	0	1	1	1	0	1	1	1	0	0	0
YBR231C	1	1	1	1	1	1	1	1	1	0	0	0
YDR073W	1	1	1	1	1	1	1	0	1	0	0	0
YBR146W	1	1	0	0	0	0	0	0	1	1	1	1
YBR253W	0	1	1	1	1	1	0	0	1	1	1	1
YMR240C	0	1	1	0	0	0	1	1	1	1	1	1
YDR201W	1	1	1	0	0	0	0	0	1	1	1	1
YNL253W	1	1	0	1	0	1	1	0	0	1	0	1
YMR139W	1	1	1	1	1	1	1	0	0	1	1	0
YDL074C	0	1	1	0	1	0	0	0	1	1	1	1
YER133W	1	1	1	1	1	1	0	1	1	1	0	0
YNL059C	1	1	0	0	1	0	1	1	0	1	1	1
YNL238W	0	1	0	1	1	1	0	1	1	1	1	1
YGR240C	1	0	0	0	1	1	1	1	1	1	1	1
YPR145W	1	0	1	0	0	0	1	1	1	1	1	1
YAR073W	1	1	0	0	0	0	0	1	1	1	1	1
YMR213W	0	1	1	1	1	1	1	1	1	0	0	0
YPL237W	0	0	1	1	0	0	1	1	1	1	1	1
YMR258C	0	1	1	1	1	1	1	0	1	0	0	0
YCR060W	1	0	0	0	1	1	1	1	1	1	1	1
YGL092W	1	1	0	0	0	0	0	1	1	1	1	1
YCR004C	1	1	1	1	1	1	1	1	0	0	0	0
YCR093W	1	1	1	1	1	1	1	0	0	0	0	0
YNL312W	1	1	1	0	1	0	1	0	1	1	1	1
YGR195W	1	0	0	0	0	0	1	1	1	1	1	1
YDR137W	1	1	1	1	1	0	0	0	1	1	0	1
YGR275W	1	1	1	1	1	1	1	1	0	1	1	0
YDR246W	1	1	1	1	1	1	1	1	0	0	0	0
YGL151W	1	1	0	1	1	1	1	0	0	1	1	1
YGR118W	0	0	0	1	1	1	1	1	1	1	1	0
YOR141C	1	1	1	1	1	1	1	1	0	0	0	0
YJR077C	1	1	1	0	0	0	0	1	1	1	1	1
YER157W	1	0	0	0	0	0	1	1	1	1	1	1
YHR208W	1	0	0	0	0	0	1	1	1	1	1	1
YML035C	1	0	0	1	1	1	0	1	1	1	1	1
YDL182W	1	0	0	0	0	1	1	1	1	1	1	1
YKR037C	1	1	1	0	1	0	0	0	0	1	1	1
YJL036W	1	1	1	1	1	1	1	0	0	0	0	0
YGR274C	1	1	0	0	0	0	1	1	1	1	1	1
YOR043W	0	0	1	1	1	1	1	1	1	1	1	0
YDR364C	0	0	1	1	1	1	1	1	1	1	0	0
YLR170C	1	1	1	1	1	0	1	0	0	0	1	1
YDR303C	0	1	1	0	0	1	1	1	1	1	1	1
YNL067W	0	0	0	0	0	1	1	1	1	1	1	1
YJR112W	1	0	1	1	1	1	1	1	0	0	1	1
YHR148W	0	0	0	0	1	1	1	1	1	1	1	1
YHR020W	0	0	0	0	0	1	1	1	1	1	1	1
YEL054C	1	0	0	1	1	1	1	1	1	1	1	1
YGR179C	1	1	0	0	0	0	0	0	1	1	1	1
YPL007C	1	1	1	1	1	0	1	0	0	1	1	1
YDL213C	1	0	1	1	1	1	1	1	1	1	1	1
YPR034W	1	1	1	1	1	0	0	1	1	1	0	0
YOL076W	1	0	0	1	0	0	0	1	1	1	1	1
YDR473C	0	0	1	1	1	1	1	1	1	1	0	1
YPL131W	1	0	1	1	0	1	1	1	1	1	1	1
YGR206W	1	1	1	1	1	1	1	0	0	0	0	0
YCL032W	1	1	1	1	1	1	1	0	1	1	0	0
YMR125W	0	1	1	1	1	0	1	1	0	0	1	1
YDL083C	0	0	0	0	0	1	0	1	1	1	1	1
YBR123C	1	1	1	1	0	0	0	0	0	1	1	1
YGR231C	1	1	1	1	0	1	1	0	0	1	1	1
YLR259C	1	1	1	1	1	0	0	0	1	1	1	1
YKL144C	1	0	0	1	0	1	0	1	1	1	1	1
YDR334W	1	1	1	1	1	1	1	0	1	1	0	0
YLL036C	1	0	1	1	1	0	0	1	1	1	1	1
YHR165C	1	1	0	0	1	1	1	0	1	1	1	1
YAL034W-A	1	1	1	0	1	0	0	0	1	1	1	1
YLR432W	1	0	0	0	0	1	1	1	1	1	1	1
YIL035C	1	1	1	0	0	0	0	1	1	1	1	1
YBR247C	0	0	1	1	1	1	1	1	1	1	1	1
YOR058C	1	1	1	1	1	0	0	0	0	0	0	1
YGL120C	1	0	1	1	1	1	1	1	1	1	1	1
YPR140W	1	1	1	0	0	0	0	1	1	1	1	1
YGR086C	1	1	1	1	1	1	1	1	0	0	0	0
YLR264W	1	0	0	0	0	1	1	1	1	1	1	1
YDR299W	0	0	1	1	1	1	1	1	1	1	1	1
YMR188C	1	1	0	0	0	0	0	0	1	1	1	1
YDR429C	1	0	0	0	0	0	1	1	1	1	1	1
YDR238C	1	1	1	0	0	0	0	1	1	1	1	1
YJL180C	1	1	1	0	0	0	0	0	1	1	1	1
YOR217W	0	0	0	1	1	0	0	1	1	1	1	1
YGR104C	1	1	1	1	1	1	1	1	0	0	1	0
YNL135C	1	1	1	1	1	0	0	0	1	1	1	1
YIR008C	1	1	0	0	0	0	1	1	1	1	1	1
YBL105C	1	0	1	1	0	0	1	1	1	1	0	1
YDL003W	1	1	0	0	0	0	0	0	1	1	1	1
YBR109C	0	1	1	1	1	1	1	0	1	0	0	0
YGL094C	1	0	0	0	1	1	1	1	0	1	1	1
YMR312W	1	0	0	1	0	1	1	1	1	1	1	1
YPL090C	1	0	1	0	0	1	1	1	1	1	1	1
YLR270W	1	1	1	1	1	1	1	0	0	0	0	0
YLR438C-A	1	1	0	0	0	0	0	1	1	1	1	1
YGR135W	1	1	1	1	0	1	0	0	0	1	1	0
YDL160C	1	1	1	1	1	1	1	1	1	0	0	0
YMR075W	0	0	0	1	1	1	0	1	1	1	1	1
YOR150W	1	1	1	0	0	0	0	0	1	1	1	1
YOR098C	0	0	1	1	1	1	1	1	1	0	1	0
YOR153W	1	0	0	0	0	1	1	1	1	1	1	1
YGR214W	1	0	0	0	0	0	1	1	1	1	1	1
YFR051C	1	1	1	0	0	0	0	0	1	1	1	1
YPR181C	1	1	1	1	1	1	0	1	0	1	1	1
YPL128C	1	0	1	0	0	0	0	1	1	1	1	1
YGR232W	1	1	1	1	1	1	1	0	0	1	1	1
YLR115W	1	1	1	1	1	1	1	1	0	1	1	1
YLR370C	1	1	1	1	1	1	0	0	0	0	1	1
YIL115C	1	1	0	1	1	1	1	1	0	1	1	1
YOR179C	1	0	1	0	1	1	1	1	1	1	1	1
YOR294W	0	0	1	1	1	1	1	1	1	0	1	1
YLR381W	1	1	1	0	1	0	0	0	1	1	1	1
YBR191W	1	0	0	1	1	1	1	1	1	1	1	1
YBR102C	1	1	1	1	1	1	1	1	0	0	0	1
YIL034C	1	1	1	1	1	1	1	1	0	0	1	0
YJR084W	0	1	1	1	1	0	1	1	1	0	0	1
YER148W	0	1	0	0	1	0	0	1	1	1	1	1
YIL068C	1	1	1	1	1	0	0	0	0	0	1	1
YMR031C	1	1	1	1	1	1	1	0	0	0	0	0
YDR067C	0	1	1	1	1	1	0	1	1	0	1	1
YLR384C	1	0	0	1	1	1	1	1	1	0	1	1
YPL023C	1	0	1	0	0	0	1	1	1	1	1	1
YNL252C	1	1	0	0	0	0	0	1	1	1	1	1
YHR088W	0	0	0	1	1	1	1	1	1	0	1	1
YOL001W	0	1	1	1	1	1	0	0	1	0	1	1
YJL084C	1	1	1	1	1	1	1	1	1	0	0	0
YPL219W	1	1	1	1	1	1	1	0	0	1	1	0
YDL070W	0	1	1	1	1	1	1	0	0	0	0	0
YPL126W	0	0	1	1	0	1	1	1	1	1	1	1
YKR001C	1	1	1	1	1	1	0	0	1	1	1	1
YMR083W	1	1	1	1	0	0	0	1	1	1	1	1
YER171W	1	0	0	0	0	1	1	0	1	1	1	1
YPL050C	1	1	1	0	0	0	0	1	1	1	1	1
YDR005C	1	0	1	1	1	1	1	0	1	1	0	0
YGR193C	1	1	1	1	1	1	1	0	0	0	1	0
YBL092W	1	0	0	1	1	1	1	1	1	1	1	1
YJR101W	1	1	0	0	0	0	0	0	1	1	1	1
YPL249C-A	0	0	0	1	1	1	0	1	1	1	1	1
YML127W	1	1	1	0	0	0	1	1	1	1	1	1
YLR052W	0	0	1	1	1	1	1	1	1	1	0	1
YMR227C	0	1	1	1	1	1	1	1	1	0	1	0
YLR222C	0	0	0	1	1	1	1	1	1	1	1	1
YPL235W	0	0	1	1	1	1	1	1	1	1	1	1
YKR081C	1	0	1	1	1	1	1	1	1	1	1	1
YDR190C	0	0	1	1	0	1	0	1	1	1	1	1
YKL028W	1	1	1	0	1	0	1	1	1	0	1	0
YAL007C	1	1	0	0	0	0	0	0	1	1	1	1
YDR155C	0	1	1	1	1	1	1	1	0	0	1	0
YDL066W	1	1	0	0	0	0	0	0	1	1	1	1
YGR261C	1	1	0	0	1	1	0	0	1	1	1	1
YDL076C	1	1	1	1	1	1	1	0	0	0	0	1
YPR082C	1	1	1	1	1	0	0	0	1	0	1	1
YLR287C-A	1	0	0	1	1	1	1	1	1	1	1	0
YMR199W	1	1	1	0	0	0	0	0	1	1	1	1
YAL027W	1	1	1	1	1	1	1	0	1	0	1	1
YLR447C	0	1	1	1	1	1	1	1	0	0	0	1
YPL210C	1	1	1	1	1	0	1	1	1	0	0	0
YHR034C	1	1	1	1	1	1	1	1	0	0	0	0
YER165W	1	0	0	0	0	1	1	1	1	1	1	1
YGL031C	1	0	0	0	0	1	1	1	1	1	1	1
YMR308C	0	0	1	0	1	0	1	1	1	1	1	1
YDR477W	1	1	1	1	1	1	1	0	1	1	0	0
YMR038C	1	0	0	1	1	1	1	1	1	1	1	1
YNL025C	1	1	1	1	1	1	1	1	1	1	0	0
YML014W	1	0	1	1	1	1	1	1	1	1	1	1
YDR036C	1	1	1	1	1	0	1	0	0	0	1	1
YDR016C	1	1	1	1	1	1	0	0	0	1	1	1
YPR189W	0	0	0	1	0	1	0	1	1	1	1	1
YOR361C	1	0	0	0	0	0	1	1	1	1	1	1
YNL069C	0	0	1	0	1	1	1	1	1	1	1	1
YNL004W	0	0	0	1	1	1	0	1	1	1	1	1
YGR166W	1	0	0	0	0	1	1	1	1	1	1	1
YLR075W	1	0	1	0	1	1	1	1	1	1	1	0
YCR028C-A	1	1	1	0	0	0	0	1	0	1	1	1
YPR144C	0	1	1	1	1	1	1	1	1	1	1	1
YHL034C	1	1	1	1	1	1	1	0	0	1	1	0
YNL282W	0	1	1	1	1	1	1	1	1	1	1	1
YOR159C	0	0	1	1	0	1	0	1	1	1	1	1
YKL196C	1	1	1	1	1	1	0	0	0	1	0	0
YKR008W	1	1	1	0	1	0	0	1	1	1	1	1
YGL043W	0	0	0	0	1	1	1	1	1	1	1	1
YJR140C	1	1	0	0	1	1	1	0	1	1	1	1
YBR094W	1	1	1	1	1	1	1	1	0	0	0	0
YMR061W	0	1	1	1	1	1	0	0	1	1	1	1
YJR007W	1	1	1	1	1	1	1	1	1	0	1	1
YJR045C	1	1	1	0	1	0	0	0	1	1	1	1
YMR259C	1	0	1	1	1	0	1	1	1	0	1	1
YDL100C	1	1	1	1	1	1	0	1	0	1	1	0
YNL112W	1	0	1	1	1	1	1	1	1	1	1	1
YNL153C	1	1	1	0	0	0	1	1	1	1	1	1
YPR171W	1	1	1	1	0	1	0	1	1	1	0	1
YOR198C	1	1	1	0	0	0	0	1	1	1	1	1
YHR010W	1	0	0	0	1	0	1	1	1	1	1	1
YOL051W	0	0	1	1	1	1	1	1	1	0	0	0
YLR293C	1	0	1	0	0	0	0	1	1	1	1	1
YDR171W	0	1	1	1	1	1	1	1	0	0	0	0
YGR048W	1	1	1	1	1	1	1	1	0	1	0	0
YPL254W	0	0	1	1	1	1	1	1	1	1	1	1
YDR292C	1	1	0	0	0	0	0	1	1	1	1	1
YGL106W	1	1	1	1	0	0	0	0	0	1	1	1
YLR406C	1	0	0	0	1	1	1	1	1	1	1	1
YOL124C	1	0	1	1	1	1	1	1	1	1	1	1
YKL190W	1	1	1	1	1	1	1	1	1	0	0	0
YER082C	0	0	1	1	1	1	1	1	1	1	1	1
YPR057W	1	0	0	0	0	0	1	1	1	1	1	1
YDR425W	1	1	1	1	1	1	1	0	0	0	0	0
YHR052W	0	0	0	1	1	1	1	1	1	1	1	1
YMR236W	1	1	1	0	0	0	1	1	1	1	1	1
YNR053C	0	0	1	1	1	1	1	1	1	1	1	1
YMR172W	1	1	1	1	1	1	1	1	1	0	0	1
YHL019C	1	1	1	1	1	1	1	1	0	0	1	0
YNL251C	1	1	1	1	1	1	1	0	1	0	1	1
YOR016C	0	0	1	1	0	1	0	1	1	1	1	1
YDR255C	1	1	1	1	1	1	1	0	0	0	0	0
YPR088C	1	0	1	0	1	0	1	1	1	1	1	1
YJL081C	1	1	1	1	1	1	1	1	0	0	0	1
YDR381W	1	1	1	1	1	1	0	0	1	0	0	0
YML112W	0	1	1	0	1	0	1	1	1	0	1	0
YML073C	0	0	0	1	0	1	1	1	1	1	1	1
YER149C	0	0	1	0	0	0	1	1	1	1	1	1
YDR145W	0	1	1	1	1	1	1	0	1	1	0	0
YMR143W	0	0	1	1	1	0	1	1	1	0	1	1
YOL070C	1	1	1	1	1	1	1	1	1	0	0	0
YNL192W	0	1	1	1	1	1	0	0	1	1	1	0
YFL037W	1	1	1	1	0	0	0	0	0	1	1	1
YOR234C	0	0	1	0	1	1	1	1	1	1	1	1
YPL211W	0	0	0	1	1	1	1	1	1	1	1	1
YFR052W	1	1	1	1	1	1	0	0	0	1	1	0
YLR074C	1	1	1	1	1	1	1	1	1	1	1	1
YAL032C	1	1	1	1	1	0	1	1	1	0	0	0
YDR496C	0	0	1	1	1	1	1	1	1	1	1	1
YLR345W	1	1	1	1	1	1	1	0	0	0	0	0
YLR146C	1	1	0	0	0	0	1	1	1	1	1	1
YLR106C	1	0	1	1	1	1	1	1	1	1	1	1
YPR051W	0	1	1	0	1	0	1	1	1	0	1	1
YBR193C	1	1	1	1	1	1	1	1	0	0	0	0
YJR075W	0	0	1	1	1	1	0	1	1	1	1	1
YDL156W	1	0	0	0	0	0	1	1	1	1	1	1
YHL033C	1	0	0	0	0	1	1	1	1	1	1	1
YDR349C	1	1	1	0	1	0	1	1	1	0	1	1
YGL206C	1	1	1	1	1	1	1	0	0	1	1	1
YPL001W	1	1	1	1	1	1	1	0	1	1	0	0
YNL301C	1	0	0	0	0	1	0	1	1	1	1	1
YHR023W	1	1	1	1	1	0	0	0	1	0	1	1
YDL115C	1	1	1	1	1	1	1	0	0	0	0	0
YER164W	1	1	1	1	0	0	0	1	1	1	1	1
YJL041W	1	1	0	1	1	1	1	1	0	1	0	1
YFR015C	1	1	1	1	1	1	1	0	0	0	0	1
YKL018W	0	1	1	0	0	1	0	1	1	1	1	1
YER136W	1	1	1	1	1	1	1	0	0	1	0	0
YDR484W	1	1	1	1	0	0	0	0	1	1	1	1
YMR309C	0	0	0	0	1	0	0	1	1	1	1	1
YPL243W	1	1	1	1	1	1	1	1	1	0	0	0
YDL203C	1	0	1	1	1	0	1	1	1	0	0	0
YFR002W	0	0	1	1	0	1	0	1	1	1	1	1
YBL008W	1	0	0	1	0	0	0	1	1	1	1	1
YLR321C	0	1	1	1	1	0	1	1	1	1	1	0
YNL317W	1	1	1	1	1	1	1	1	1	0	0	0
YPR080W	1	1	1	1	1	0	1	1	1	0	0	0
YLR386W	1	1	0	1	1	0	1	0	1	1	1	1
YDR295C	0	1	1	1	0	0	1	1	1	1	1	1
YLR186W	0	0	0	1	1	1	1	1	1	1	1	1
YOR281C	1	1	1	1	0	0	0	1	1	1	1	1
YNL221C	0	0	1	0	0	1	1	1	1	1	1	1
YJL006C	0	1	1	1	1	1	1	1	1	0	0	1
YAL035W	1	0	1	1	1	0	1	1	1	1	1	1
YGL076C	0	0	0	1	1	1	1	1	1	1	1	1
YML072C	0	1	1	1	1	1	1	1	0	0	0	1
YKL078W	1	0	1	1	1	1	1	1	1	1	1	1
YDR320C	1	1	1	1	1	1	1	1	0	0	0	1
YAL026C	1	0	1	1	0	1	0	1	1	1	1	1
YOR224C	0	0	1	1	0	0	1	1	1	1	1	1
YCR042C	0	1	1	1	1	1	1	1	1	0	0	0
YNL233W	1	1	1	0	0	0	0	1	1	1	1	1
YGL195W	1	1	0	0	0	0	0	1	1	1	1	1
YOR075W	0	1	1	1	1	1	1	0	1	1	1	0
YBR160W	1	1	1	0	0	0	0	1	1	1	1	1
YPL004C	1	1	1	1	1	1	1	1	0	0	0	0
YNR023W	1	1	1	0	1	1	0	1	1	1	1	1
YNL149C	1	1	1	1	1	1	1	1	0	0	1	0
YHR158C	1	1	1	1	1	1	0	0	0	1	1	1
YKL013C	1	1	1	1	1	1	1	0	0	0	1	1
YFR004W	1	1	1	1	1	1	1	1	0	0	0	0
YPL020C	1	0	0	1	1	1	1	1	1	1	1	1
YLR071C	0	1	1	1	1	0	1	0	1	0	0	0
YHL004W	1	1	0	0	0	0	0	0	1	1	1	1
YOR370C	0	0	1	1	1	1	1	1	1	1	0	0
YBR010W	1	1	1	1	0	0	0	0	0	1	1	1
YFR031C	1	1	0	0	0	0	0	1	1	1	1	1
YBR278W	1	1	1	1	1	1	1	0	0	0	0	0
YER092W	0	0	1	1	0	1	1	1	1	1	1	1
YMR047C	0	1	1	1	0	0	0	0	1	1	1	1
YML114C	0	1	1	1	0	0	0	1	1	0	1	1
YLL011W	0	0	1	1	1	1	1	1	1	1	1	1
YOR061W	0	0	1	1	0	1	0	1	1	1	1	1
YNL075W	0	0	1	1	1	1	1	1	1	1	1	1
YBL003C	1	1	1	1	1	1	1	0	0	1	1	1
YBR079C	1	0	0	0	0	0	1	1	1	1	1	1
YNL186W	1	0	1	1	1	1	1	1	1	0	1	1
YDR469W	1	1	0	1	0	1	0	1	1	1	1	1
YAR014C	1	0	1	0	0	1	0	1	1	1	1	1
YNL132W	1	0	1	1	1	1	1	1	1	1	1	1
YMR197C	1	1	1	1	1	1	1	0	0	0	0	0
YGL223C	1	1	1	0	0	1	1	1	0	1	1	0
YFL034W	1	1	1	1	0	1	1	0	1	1	1	1
YLL041C	1	1	1	1	1	0	1	0	0	1	1	1
YMR177W	1	0	0	0	0	0	0	1	1	1	1	1
YAR003W	1	1	1	0	0	0	1	0	1	1	1	1
YDR353W	1	1	1	0	0	0	0	1	1	1	1	1
YOR063W	0	0	0	0	0	1	1	1	1	1	1	1
YDL134C	1	1	1	1	1	1	1	1	1	0	0	0
YKL104C	1	1	1	1	1	1	1	0	1	1	0	0
YKR021W	1	1	1	1	1	1	1	1	0	0	0	0
YJL034W	0	0	1	1	1	1	1	1	1	1	0	0
YOR323C	1	0	1	0	0	1	1	1	1	1	1	1
YPR169W	0	0	1	1	1	1	1	1	1	0	1	1
YDR141C	1	1	1	1	1	1	0	1	0	0	1	0
YOL040C	0	0	1	1	0	1	1	1	1	1	1	1
YOL094C	0	0	0	0	1	0	1	1	1	1	1	1
YNL297C	1	1	1	1	1	1	1	0	0	1	1	1
YLR373C	1	1	1	0	1	0	0	0	0	1	1	1
YGR116W	0	1	1	1	1	0	1	0	0	1	1	1
YJR011C	1	1	1	1	1	1	0	0	0	0	1	1
YDR175C	1	1	1	0	0	0	0	0	1	1	1	1
YPR173C	0	1	1	1	1	1	1	1	1	1	0	0
YFL008W	1	1	1	0	0	0	0	0	1	1	1	1
YNL141W	1	1	1	1	1	1	1	1	1	1	1	1
YKL152C	1	1	0	0	1	1	1	1	0	0	1	0
YPR161C	0	0	1	1	1	1	0	1	1	1	1	1
YHR062C	0	0	0	1	1	0	1	1	1	1	1	1
YDR013W	0	1	1	1	0	1	0	0	1	1	1	1
YDR227W	1	1	1	1	0	1	0	0	0	0	1	1
YOR144C	1	0	0	0	1	0	1	1	1	1	1	1
YNL232W	1	1	1	0	0	0	1	1	1	1	1	1
YOR156C	0	0	1	1	1	1	0	1	1	1	1	0
YBR279W	1	1	1	1	0	1	1	1	1	0	0	0
YCL054W	0	0	1	1	1	1	1	1	1	1	1	1
YPR036W	0	1	1	1	1	1	1	1	1	0	0	0
YKL154W	0	1	0	0	1	1	1	1	1	1	1	1
YDR032C	1	1	1	1	1	1	1	1	0	0	0	0
YDL075W	1	0	0	0	0	0	0	1	1	1	1	1
YNL240C	1	1	1	1	1	1	1	1	1	0	0	0
YGL058W	0	1	1	0	1	1	1	1	1	0	1	0
YLR425W	1	1	1	1	1	1	1	1	0	0	0	0
YOL142W	0	0	1	1	1	1	1	1	1	0	1	1
YDR240C	0	0	0	1	0	1	1	1	1	1	1	1
YHR172W	1	1	1	1	0	0	0	0	1	1	1	1
YJL066C	1	1	1	1	1	0	1	0	0	1	1	1
YBR136W	1	1	1	1	1	1	1	1	0	0	0	0
YMR025W	0	1	1	1	1	1	1	0	0	1	1	1
YHR106W	1	1	1	1	1	1	1	1	0	0	0	0
YCL031C	0	1	1	1	0	1	1	1	1	1	1	1
YGR085C	1	0	1	0	0	0	1	1	1	1	1	1
YNL118C	1	1	1	1	1	1	1	1	0	0	0	1
YDL087C	1	0	1	1	1	1	1	1	1	1	0	0
YOL127W	0	0	1	1	1	1	1	1	1	1	1	1
YOR181W	1	1	1	1	1	1	1	0	1	0	0	0
YIR003W	1	1	1	1	1	1	1	0	0	1	1	1
YDL051W	1	0	1	1	0	1	1	1	1	1	1	1
YCR035C	0	1	1	1	1	1	1	1	1	1	1	1
YLL008W	0	0	1	1	1	1	1	1	1	1	1	1
YER018C	1	1	1	0	0	0	0	0	1	1	1	1
YDL090C	1	0	1	1	0	1	1	0	0	1	1	1
YER031C	1	0	0	1	0	1	0	1	1	1	1	1
YCR014C	0	1	1	1	1	1	1	1	0	0	0	0
YOL031C	1	1	1	0	0	0	0	1	1	1	1	1
YIR006C	1	1	0	1	1	0	1	0	0	1	1	0
YPL012W	1	0	1	1	1	1	1	1	1	0	1	1
YMR284W	1	1	1	1	1	1	1	1	0	0	0	0
YGL190C	1	1	1	1	1	1	1	0	0	1	0	0
YER074W	1	0	0	0	1	1	1	1	1	1	1	1
YDR172W	0	0	1	1	0	1	0	1	1	1	0	1
YPR023C	1	1	1	0	1	0	1	0	1	1	1	1
YDR127W	1	0	1	1	1	1	1	0	1	0	1	1
YER139C	1	0	1	1	1	1	1	1	0	0	0	0
YNL041C	1	0	0	1	1	1	0	1	1	1	1	1
YDR267C	1	0	0	0	0	0	0	1	1	1	1	1
YNL214W	1	1	1	1	1	1	1	0	0	1	1	0
YJL098W	0	0	0	1	1	1	1	1	1	1	1	1
YDR027C	1	1	1	1	1	1	1	0	0	1	1	1
YGR013W	1	1	0	0	0	1	1	1	1	1	1	1
YDR207C	1	0	1	1	1	1	1	1	1	0	0	0
YML077W	1	0	0	0	0	0	1	1	1	1	1	1
YDR099W	1	1	1	1	1	1	0	0	0	0	0	1
YGL237C	1	1	1	1	1	1	1	0	1	0	1	0
YJR076C	1	1	1	0	0	0	0	1	1	1	1	1
YDR188W	1	1	1	0	0	0	1	1	1	0	1	0
YLR410W	0	1	0	1	1	0	1	1	1	0	0	1
YHR174W	1	1	0	1	1	1	1	1	1	0	1	0
YJR042W	1	0	1	1	1	0	0	1	1	0	1	1
YPR074C	1	0	0	0	0	0	0	1	1	1	1	1
YGR186W	1	1	1	1	1	1	1	0	1	0	1	1
YJL080C	1	0	0	0	0	0	0	1	1	1	1	1
YEL002C	1	0	1	1	1	1	0	1	1	1	1	0
YDR288W	1	1	1	1	1	1	1	1	0	0	0	0
YGL155W	1	0	1	0	0	0	1	1	1	1	1	1
YDL098C	0	0	0	0	1	0	0	1	1	1	1	1
YPR105C	0	1	1	1	1	1	0	0	0	1	1	1
YJR074W	1	0	1	1	1	1	1	1	0	0	1	1
YER111C	1	1	1	1	1	1	0	0	1	1	0	0
YGL086W	1	1	1	0	0	1	0	1	0	1	1	1
YLR268W	1	1	1	0	0	0	0	1	1	1	1	1
YGR162W	1	0	0	0	0	0	1	1	1	1	1	1
YFR021W	1	1	1	1	1	1	1	0	0	0	0	0
YBL047C	1	1	1	1	1	1	1	0	0	0	0	0
YOR115C	1	0	0	0	1	0	0	1	1	1	1	1
YBL041W	1	1	1	1	1	1	1	1	0	1	0	0
YBR288C	0	0	1	1	0	1	0	1	1	1	1	1
YKL080W	1	1	1	1	1	0	1	1	1	0	1	1
YDL201W	1	0	0	0	1	1	1	1	1	1	1	1
YPR162C	0	0	1	1	1	1	1	1	1	1	1	1
YDR361C	0	0	0	0	1	1	1	1	1	1	1	1
YPR072W	0	1	1	1	0	0	0	0	1	1	1	1
YFR040W	0	1	0	1	1	0	0	1	1	1	1	1
YGR278W	0	1	0	1	1	1	1	1	1	1	1	0
YKR048C	1	1	1	1	0	0	1	1	1	1	0	0
YGR074W	1	1	0	0	1	1	1	1	1	1	1	0
YLR132C	1	1	1	1	0	0	0	0	0	1	1	1
YBL079W	0	0	1	1	1	1	0	1	1	0	1	1
YBR282W	1	1	1	0	0	0	0	0	1	1	1	1
YDR080W	1	0	1	1	1	1	1	1	0	1	0	1
YLR258W	1	1	1	1	1	1	1	0	0	0	0	0
YHR166C	1	1	0	1	1	1	1	0	1	1	1	1
YPL031C	1	1	1	1	1	1	0	0	1	1	1	0
YDL044C	1	1	1	0	0	0	0	0	1	1	1	1
YNL302C	1	0	1	1	0	1	0	1	1	1	1	1
YJL173C	1	1	0	0	1	1	1	1	0	1	1	1
YER021W	0	1	1	1	1	1	1	0	0	1	0	0
YOR358W	1	1	1	0	0	0	1	0	1	1	1	1
YGR076C	1	1	0	0	0	0	0	0	1	1	1	1
YDR498C	1	1	1	1	1	1	1	1	1	1	0	0
YER172C	1	1	1	1	0	1	1	1	1	0	1	0
YJL208C	1	0	0	0	0	0	0	1	1	1	1	1
YOR254C	0	0	0	1	1	1	0	1	1	1	1	1
YOR194C	0	0	1	1	0	1	1	0	1	1	1	1
YKL057C	1	1	1	1	1	1	0	0	0	0	1	1
YAL053W	1	0	1	1	1	1	1	1	1	0	0	1
YMR273C	1	1	1	0	0	0	1	1	1	1	1	1
YDR087C	0	0	1	1	1	1	1	1	1	1	1	1
YOR151C	1	0	1	1	1	0	1	1	1	1	1	0
YLR276C	0	0	1	0	1	1	1	1	1	1	1	1
YMR205C	1	0	0	1	1	1	1	1	1	0	1	0
YJL065C	1	1	1	1	1	1	1	1	1	0	0	0
YPL240C	0	1	1	1	1	1	1	1	0	1	0	0
YPR175W	1	1	0	0	0	0	0	0	1	1	1	1
YBR171W	0	1	1	0	0	0	0	1	1	1	1	1
YPR187W	1	0	0	1	0	1	1	1	1	1	1	1
YNR051C	0	0	1	1	0	0	1	1	1	1	1	1
YKL167C	1	1	1	0	0	0	0	0	1	1	1	1
YBL067C	1	1	1	1	1	1	1	1	0	0	0	0
YJR022W	1	1	0	1	1	1	1	0	0	1	0	1
YPR137W	0	0	1	0	0	1	1	1	1	1	1	1
YPL249C	1	1	1	1	1	1	1	1	0	1	0	0
YDR235W	1	1	1	0	0	0	0	1	1	1	1	1
YGR173W	0	0	0	0	1	1	1	1	1	1	1	1
YOR210W	0	0	1	1	1	1	1	1	1	1	1	1
YGL066W	1	1	1	1	1	1	1	0	1	0	1	0
YNL071W	1	1	1	1	1	1	0	0	0	1	1	1
YJL099W	1	1	1	1	1	1	1	0	1	0	0	0
YDR398W	1	0	1	1	1	1	1	1	1	1	1	1
YLL010C	1	1	1	1	1	1	1	1	1	0	1	1
YNL286W	1	1	0	1	0	0	1	1	0	1	1	1
YNL056W	1	1	1	1	1	0	1	1	1	0	0	0
YIL021W	1	1	0	0	0	0	0	1	1	1	1	1
YMR112C	1	1	1	1	1	1	1	1	0	0	0	0
YGL087C	1	1	1	1	1	1	1	1	0	0	0	0
YDR156W	0	1	1	0	1	0	1	1	1	1	1	1
YMR146C	1	0	0	0	0	0	1	1	1	1	1	1
YGL125W	1	0	1	0	0	0	1	0	1	1	1	1
YDR244W	1	1	1	1	1	1	1	0	0	0	0	0
YGL005C	1	1	1	1	1	1	0	0	0	1	1	1
YGL100W	1	1	1	0	0	0	0	0	1	1	1	1
YDL148C	0	0	1	1	1	1	1	1	1	1	1	1
YHR107C	1	1	0	0	0	0	0	1	1	1	1	1
YJL030W	1	1	1	1	1	1	1	0	1	0	0	0
YJR041C	1	0	1	0	1	1	1	1	1	1	1	1
YOL063C	0	1	1	1	1	1	1	1	0	1	1	0
YLR044C	1	1	0	0	1	1	1	1	1	1	1	1
YDL165W	1	1	1	1	1	1	0	1	1	0	1	0
YBR061C	0	0	1	1	0	0	1	1	1	1	1	1
YNL084C	1	1	1	1	1	0	1	0	0	1	1	1
YDL007W	0	1	1	1	1	1	1	0	0	1	1	0
YBL074C	0	1	1	1	1	1	1	1	0	1	1	1
YHR013C	1	0	0	0	0	0	1	1	1	1	1	1
YPR112C	1	0	0	1	1	1	1	1	1	1	1	1
YNL082W	1	1	1	1	1	0	0	0	1	1	1	1
YPR049C	1	1	1	1	1	1	1	1	0	0	0	0
YPR110C	0	0	1	1	1	1	1	1	1	1	1	1
YLR449W	1	0	1	1	1	1	1	1	1	1	1	1
YCL043C	1	1	1	1	0	0	1	1	0	1	1	0
YGR215W	1	1	0	0	0	0	0	0	1	1	1	1
YPR025C	1	1	1	1	0	1	1	0	1	1	1	1
YGR010W	1	1	1	1	1	1	1	1	0	0	0	0
YGR159C	1	0	0	1	1	1	1	1	1	1	1	1
YBR195C	0	1	1	0	0	0	1	1	1	1	1	1
YPR056W	1	0	1	1	1	1	1	0	1	1	1	1
YJR065C	1	1	1	1	1	1	1	0	0	1	0	0
YML124C	1	1	1	0	0	0	0	1	1	1	1	1
YLR055C	1	1	1	1	1	0	0	1	1	0	0	1
YOL038W	0	1	1	1	1	1	1	0	0	0	1	0
YGR200C	1	0	0	1	0	1	1	1	1	1	1	1
YNR024W	0	1	1	1	1	1	1	1	1	0	0	1
YJR014W	1	0	1	1	1	0	1	1	1	1	1	1
YMR091C	1	1	1	0	0	0	0	1	1	1	1	1
YML057W	1	1	1	1	1	1	1	0	0	0	0	1
YPL195W	0	0	1	1	0	1	1	0	1	1	1	1
YOR038C	1	1	1	1	0	0	0	0	1	1	1	1
YBR097W	1	1	1	1	1	1	1	0	0	1	1	1
YKL025C	1	1	1	0	1	1	1	0	0	1	0	0
YNL081C	1	1	1	0	1	0	0	0	1	1	1	1
YHR041C	1	0	0	0	0	0	1	1	1	1	1	1
YMR192W	1	1	1	1	0	1	0	0	1	1	1	1
YBL087C	1	0	1	0	1	0	1	1	1	1	1	1
YDL053C	1	1	1	1	0	1	0	0	1	1	0	0
YIL062C	1	1	1	1	1	1	1	0	0	1	1	0
YFL022C	1	0	0	0	0	0	1	1	1	1	1	1
YOR261C	0	1	1	1	1	1	1	0	0	0	0	0
YLR148W	1	1	0	1	1	0	1	0	0	1	1	1
YIL084C	1	0	0	0	1	1	1	1	1	1	1	0
YIL103W	1	0	0	0	1	0	1	1	1	1	1	1
YKL022C	1	1	1	1	1	1	1	1	1	0	0	0
YNR035C	1	1	1	1	1	1	0	0	0	1	0	1
YNL178W	1	0	1	0	1	0	1	1	1	1	1	1
YGL011C	0	1	1	1	1	1	1	1	1	0	1	0
YDL147W	0	1	1	1	1	1	1	0	0	0	0	0
YDR517W	1	1	1	1	0	0	0	0	1	1	1	1
YHR029C	1	0	0	1	1	1	1	1	0	0	0	0
YDR062W	1	0	0	0	0	0	0	1	1	1	1	1
YDR359C	1	1	1	1	1	1	1	0	0	0	0	0
YLR175W	0	0	0	0	0	1	1	1	1	1	1	1
YMR203W	1	1	1	0	0	0	0	0	1	1	1	1
YLR277C	0	0	1	0	0	0	1	1	1	1	1	1
YGR075C	1	1	0	1	1	1	1	1	0	1	1	0
YLR025W	1	1	1	1	1	1	1	1	0	0	0	0
YNL189W	0	1	1	1	0	1	1	1	1	0	0	0
YKL135C	1	1	1	1	1	0	1	1	1	0	0	1
YNL072W	1	1	1	0	0	0	0	0	1	1	1	1
YJL026W	0	1	1	1	1	1	1	1	1	0	0	0
YOR341W	1	0	1	1	1	1	1	1	1	1	1	1
YPL003W	1	1	1	1	1	1	1	0	1	0	0	0
YDR022C	1	1	1	1	1	1	1	0	0	0	0	0
YOR007C	0	1	1	1	1	1	1	1	0	1	0	0
YDR176W	0	1	1	1	1	1	0	0	0	0	1	1
YCL037C	0	0	1	1	1	1	1	1	1	1	1	1
YER086W	0	0	0	1	1	1	1	1	1	1	1	1
YHL011C	1	0	0	0	1	1	1	1	1	1	1	1
YPL171C	0	1	1	1	1	1	1	1	0	0	0	0
YCR046C	1	1	1	0	0	0	0	0	1	1	1	1
YLR429W	1	1	1	0	0	0	0	0	1	1	1	1
YDR071C	0	1	1	1	1	1	1	1	1	1	0	1
YKL009W	0	0	1	1	1	1	1	1	1	1	1	1
YGR002C	1	1	1	0	0	0	1	1	1	1	1	1
YLR139C	1	1	1	0	0	0	0	0	1	1	1	1
YJR135C	1	1	0	1	1	1	0	1	1	0	0	1
YGL097W	1	0	0	0	0	0	0	1	1	1	1	1
YBL056W	1	1	1	1	1	1	1	0	1	1	0	1
YOR108W	0	0	0	0	0	1	1	1	1	1	1	1
YKL204W	1	1	1	1	1	1	0	0	0	0	1	0
YMR106C	1	0	1	0	0	0	0	1	0	1	1	1
YAL001C	1	0	1	1	0	1	0	1	0	1	1	1
YJR109C	0	0	1	1	1	1	1	1	0	0	1	0
YIL093C	1	1	0	0	0	0	0	0	1	1	1	1
YMR109W	1	1	1	1	1	1	1	0	0	0	1	0
YDR490C	1	1	1	1	1	1	1	0	1	0	0	0
YGR156W	1	1	1	1	1	1	0	0	1	1	1	1
YFR009W	1	0	0	0	0	0	0	1	1	1	1	1
YLR005W	1	1	1	0	1	0	1	1	1	0	1	0
YOL090W	1	1	1	0	0	0	0	0	1	1	1	1
YDR280W	0	1	1	1	1	1	1	1	1	1	0	1
YNL218W	1	0	1	1	1	1	1	0	0	1	1	0
YDR108W	1	0	1	1	1	1	0	0	0	1	1	1
YGR250C	1	1	1	1	1	1	1	0	0	0	0	0
YDR091C	1	0	0	0	1	1	1	1	1	1	1	1
YNR010W	0	1	1	1	1	1	1	1	1	1	1	0
YPL208W	1	1	0	0	1	0	1	1	1	1	1	1
YEL034W	1	1	1	1	1	1	1	1	1	0	1	0
YAL062W	1	1	1	1	1	0	0	0	1	0	0	0
YCR002C	1	1	1	0	0	0	0	0	1	1	1	1
YMR237W	1	1	1	1	1	0	0	0	1	1	1	1
YIL061C	1	0	0	0	1	1	1	1	1	1	1	0
YKR071C	1	0	1	0	1	0	1	1	1	0	1	1
YKR091W	0	1	1	1	1	1	1	1	0	0	0	0
YIL094C	1	0	0	0	0	0	1	1	1	1	1	1
YJR068W	1	1	1	0	1	1	1	1	1	0	0	1
YNL330C	1	1	1	0	0	0	0	0	1	1	1	1
YJL072C	0	0	0	0	1	1	1	1	1	1	1	1
YNL110C	0	0	1	1	1	1	1	1	1	1	1	1
YHR146W	1	1	1	1	1	1	1	1	0	0	1	0
YNL236W	1	1	1	1	0	0	0	0	1	1	1	1
YOL034W	0	0	1	1	1	1	1	0	1	1	1	1
YPL013C	1	1	1	0	0	0	0	0	1	1	1	1
YBR048W	0	0	1	1	1	1	1	1	1	1	1	1
YBR229C	1	1	1	1	1	1	1	1	0	0	0	0
YMR194W	1	0	0	0	0	1	1	1	1	1	1	1
YAL029C	1	0	0	1	0	0	0	1	1	1	1	1
YLR240W	1	1	1	1	1	1	1	0	0	1	0	1
YGR264C	1	0	0	0	0	1	1	1	1	1	1	1
YCR077C	0	1	1	1	0	1	1	1	1	1	0	1
YDL092W	0	1	0	1	0	0	0	1	1	1	1	1
YDR460W	1	1	1	1	1	0	0	1	1	1	0	1
YOL039W	0	0	1	1	0	1	1	1	1	1	1	1
YDR097C	1	0	1	0	0	0	0	0	1	1	1	1
YDR041W	1	1	0	0	0	0	0	0	1	1	1	1
YGL122C	0	1	1	0	0	0	1	1	1	1	1	0
YNR046W	0	1	1	1	1	1	1	1	1	0	0	0
YPR182W	1	1	1	1	1	1	1	0	0	0	0	0
YML028W	1	1	1	1	1	1	1	0	0	0	1	1
YNL248C	0	0	1	1	1	1	1	1	1	1	1	1
YHR058C	1	0	0	1	1	0	1	1	1	1	1	1
YBR258C	1	0	1	0	1	1	0	0	1	1	1	1
YHR122W	1	0	0	0	1	0	1	1	1	1	1	1
YBR175W	1	0	0	0	1	1	1	1	1	1	1	1
YBR017C	0	0	1	1	1	1	1	1	1	1	0	1
YBR137W	1	1	1	1	1	1	1	0	0	0	0	0
YJL074C	1	1	0	0	0	0	0	0	0	1	1	1
YKL059C	1	1	1	0	0	0	1	1	1	0	1	1
YPR067W	1	1	1	1	0	0	0	0	1	1	1	1
YNL262W	1	1	1	0	0	0	0	0	1	1	1	1
YOL010W	0	0	0	1	0	1	1	1	1	1	1	1
YDR225W	1	1	1	1	1	1	1	0	0	1	1	1
YDR152W	0	0	0	0	0	1	0	1	1	1	1	1
YJL124C	1	1	1	0	0	0	0	1	1	1	1	1
YPL231W	1	1	1	1	1	1	1	0	0	0	1	0
YPL129W	0	0	1	1	0	0	0	1	1	1	1	1
YLL040C	1	1	1	1	1	1	1	1	0	0	0	0
YOR145C	0	0	1	1	1	1	1	1	1	1	1	1
YEL058W	1	0	1	1	1	1	1	1	0	1	1	1
YJL085W	1	1	1	1	1	1	0	0	1	1	0	0
YNR003C	0	0	1	1	1	1	1	1	1	0	1	1
YOL144W	0	0	1	1	1	1	1	1	1	1	1	1
YOR304W	0	1	1	1	1	1	1	1	1	1	1	1
YIL125W	1	1	1	1	1	0	0	0	1	1	1	1
YGR091W	0	0	0	1	1	1	1	1	1	1	1	1
YPL204W	1	0	1	0	0	1	1	1	1	1	0	0
YLR085C	1	0	1	1	1	1	1	1	1	1	0	0
YFL023W	0	0	0	1	1	1	1	1	1	1	1	1
YOR259C	0	1	1	1	1	1	1	1	1	1	1	0
YDR101C	0	0	0	1	1	1	1	1	1	1	1	1
YDR221W	1	0	1	1	1	1	1	1	0	0	1	1
YBR257W	0	0	1	1	1	1	1	1	1	0	0	1
YNL201C	0	0	1	1	1	1	1	1	1	1	1	1
YGL208W	1	1	1	1	1	1	1	0	1	1	1	0
YER050C	1	1	1	0	0	0	0	0	1	1	1	1
YLR039C	1	1	1	1	1	1	1	0	0	0	1	1
YMR099C	1	1	1	1	1	1	0	1	0	0	0	1
YDL131W	1	0	0	0	1	1	1	1	1	1	1	1
YIL070C	1	1	0	0	0	0	0	0	1	1	1	1
YFL045C	1	1	1	1	0	0	0	0	1	1	1	1
YLR226W	0	0	0	1	1	1	1	1	1	1	1	1
YLR210W	1	1	1	0	0	0	1	1	1	1	1	1
YPL118W	1	1	1	0	0	0	0	0	1	1	1	1
YBR103W	1	1	1	1	1	0	1	0	0	0	1	1
YBR251W	1	1	1	0	0	0	0	0	1	1	1	1
YOR048C	0	0	1	1	1	1	1	1	1	1	1	1
YPR029C	1	1	1	1	0	1	0	0	1	1	1	1
YPR108W	1	1	1	1	1	1	1	0	0	1	0	0
YBL052C	1	1	1	0	0	1	1	0	1	1	1	1
YGL048C	1	1	1	1	1	1	1	1	0	1	0	0
YOR319W	0	0	1	1	1	1	1	1	0	0	1	1
YNL078W	0	1	1	1	1	1	1	1	0	0	0	0
YHR119W	1	0	0	0	1	0	1	1	1	1	1	1
YFL013C	1	1	1	1	0	0	0	0	1	1	1	1
YDR378C	1	0	1	0	1	1	0	0	1	1	1	1
YIL033C	1	1	1	1	1	1	1	0	0	0	0	0
YIR001C	1	1	1	1	1	0	0	0	1	1	1	1
YOR054C	1	1	1	1	1	1	1	0	0	0	0	0
YAL042W	1	1	1	0	1	0	1	1	1	1	1	1
YMR311C	1	1	1	1	1	1	1	0	1	1	0	0
YKL060C	1	1	1	1	1	1	0	1	1	0	1	0
YNL290W	1	1	1	0	0	0	0	1	1	1	1	1
YDR180W	0	0	1	1	1	1	1	1	1	1	1	1
YER071C	1	1	0	0	1	1	0	0	1	1	1	1
YKR083C	1	1	1	0	1	0	0	0	1	1	1	1
YDR224C	1	1	1	1	0	1	0	0	0	1	1	1
YNL137C	1	1	0	0	0	0	0	0	1	1	1	1
YJL125C	0	0	1	1	1	1	1	1	1	1	1	1
YDR195W	0	1	1	1	1	1	1	0	1	0	0	1
YOL067C	0	1	1	1	1	1	1	1	1	0	0	0
YIR009W	1	1	0	0	1	1	1	1	1	1	1	0
YGL044C	0	1	0	1	1	1	1	1	1	1	1	1
YJR123W	0	0	1	0	1	1	1	1	1	1	1	1
YKL172W	0	0	0	1	1	1	1	1	1	1	1	1
YGL233W	1	1	1	1	1	1	1	0	0	1	1	0
YKR028W	1	0	1	1	1	1	0	1	1	0	0	0
YDR328C	1	1	1	1	1	1	1	0	1	0	0	0
YIL161W	1	0	0	0	1	1	1	1	1	1	1	1
YGL252C	1	1	1	1	0	0	1	0	1	1	1	0
YGR158C	1	0	0	0	0	1	1	1	1	1	1	1
YDR060W	0	0	1	1	1	1	1	1	1	1	1	1
YAR002W	0	0	1	1	1	0	0	1	1	1	1	0
YNR052C	1	1	1	0	0	0	0	1	1	1	1	1
YLR199C	0	1	1	1	1	1	1	1	1	0	1	0
YBR215W	0	0	1	1	0	1	1	1	1	1	1	1
YOL017W	1	1	1	0	1	0	0	0	1	1	1	1
YLR362W	1	1	1	1	1	1	1	1	0	0	0	0
YGL025C	1	1	1	0	1	1	1	1	1	0	1	0
YLR409C	0	0	0	1	1	1	1	1	1	1	1	1
YML094W	0	0	0	0	1	1	1	1	1	1	1	1
YLR182W	1	1	1	1	0	0	0	0	1	1	1	1
YML012W	1	1	1	1	1	0	1	0	1	1	1	1
YNL037C	1	1	0	0	0	0	0	0	1	1	1	1
YLR147C	1	0	0	0	1	0	1	1	1	1	1	1
YGL105W	1	0	1	1	1	0	1	1	1	1	1	0
YPL101W	0	0	0	1	1	1	1	1	1	1	0	1
YAL011W	0	0	1	1	0	1	1	1	1	1	0	1
YDR507C	1	0	1	0	0	0	0	0	1	1	1	1
YDR382W	1	0	0	0	0	0	1	1	1	1	1	1
YDR054C	1	1	1	1	1	1	1	1	1	0	0	0
YDL132W	1	1	1	1	1	1	1	0	0	0	0	0
YKL061W	1	1	0	1	1	1	0	0	0	1	0	1
YLR002C	1	0	1	0	1	1	1	1	1	1	1	1
YHR170W	1	0	0	0	1	1	1	1	1	1	1	1
YER140W	0	0	1	1	1	1	1	1	1	0	0	0
YGL213C	0	1	1	1	0	0	1	1	1	1	1	0
YOL068C	0	1	1	1	1	0	1	1	1	0	1	0
YDL116W	0	1	1	1	0	1	0	1	1	1	1	1
YDR211W	1	0	1	0	0	0	0	1	1	1	1	1
YHR143W-A	0	0	0	1	1	1	1	1	1	1	1	1
YLR203C	1	1	1	0	0	0	0	0	1	1	1	1
YJL070C	1	1	1	1	1	1	1	0	1	0	0	0
YGL099W	1	0	1	0	1	1	1	1	1	1	1	1
YBR198C	0	1	1	1	1	0	1	1	1	0	0	0
YCR088W	1	1	1	1	1	1	0	0	0	1	1	1
YPR046W	1	1	1	1	1	1	1	0	0	0	1	1
YML049C	1	1	1	1	1	1	1	0	0	0	1	1
YPL085W	1	1	0	0	0	0	1	1	1	1	1	1
YMR230W	1	0	0	0	0	0	1	1	1	1	1	1
YBL037W	1	1	1	0	0	1	0	0	0	1	1	1
YMR296C	1	1	1	0	0	0	1	1	1	1	1	1
YNL106C	0	1	1	1	1	1	1	0	0	0	1	1
YNL182C	0	0	1	1	1	1	1	1	1	1	1	1
YIL074C	1	0	0	0	0	0	0	1	1	1	1	1
YOR206W	0	0	1	1	0	1	1	1	1	1	1	1
YGR090W	0	0	0	1	1	1	1	1	1	1	1	1
YJL033W	0	0	1	1	1	1	1	1	1	0	1	1
YML067C	1	0	0	1	1	1	1	1	1	1	1	1
YNL126W	1	1	1	1	0	1	0	0	0	1	1	1
YDR415C	1	0	0	0	0	0	0	1	1	1	1	1
YPR093C	1	0	1	1	1	1	1	1	1	0	0	0
YGR071C	1	1	1	1	1	1	0	0	0	1	1	1
YER127W	0	0	1	1	1	1	1	1	1	1	1	1
YGR017W	1	0	0	0	0	0	1	1	1	1	1	1
YMR261C	1	1	1	1	1	1	1	0	0	1	0	1
YKL142W	1	1	1	1	1	1	1	0	0	0	0	0
YCR076C	1	1	1	1	1	1	1	1	0	0	0	0
YJL031C	0	1	1	1	1	1	1	0	1	0	1	1
YDR264C	1	1	1	1	1	0	0	0	1	1	1	1
YCL017C	1	1	0	0	0	0	1	1	1	1	1	1
YDL055C	0	0	1	1	1	1	0	1	1	1	1	1
YLR275W	1	1	1	0	1	1	1	1	1	0	0	0
YER110C	1	0	0	0	0	1	1	1	1	1	1	1
YDR443C	1	1	1	1	1	1	1	0	0	1	0	0
YGR020C	0	0	0	1	0	1	1	1	1	1	1	1
YOR308C	0	0	0	0	1	1	1	1	1	1	1	1
YJL183W	1	1	1	0	0	0	0	1	1	1	1	1
YOR375C	1	1	1	1	0	0	0	1	1	1	1	1
YDL225W	1	1	1	0	0	0	0	1	1	1	1	1
YBR060C	0	0	1	0	0	1	1	1	1	1	1	1
YMR290C	1	0	1	1	1	1	1	1	1	1	1	1
YDR448W	1	1	1	0	0	0	1	1	1	0	1	1
YLR292C	0	1	1	1	0	1	0	1	1	1	1	1
YMR224C	1	0	0	1	1	1	1	0	1	1	1	0
YGL070C	1	1	1	0	0	0	0	1	1	1	1	1
YGL111W	0	0	1	1	1	1	1	1	1	1	1	1
YBL046W	0	0	1	1	0	1	0	1	1	1	1	1
YNL212W	1	1	1	1	1	1	1	0	0	0	0	1
YPR131C	0	0	1	1	1	1	1	1	1	1	1	0
YDL099W	0	1	1	1	1	1	1	1	0	0	0	0
YDR237W	1	1	0	0	0	0	0	0	1	1	1	1
YNL032W	0	1	1	1	1	1	1	1	1	0	0	0
YKL122C	1	0	0	1	1	1	0	1	1	0	1	1
YBL038W	1	1	1	0	0	0	0	0	1	1	1	1
YDR028C	1	1	1	1	1	1	0	0	1	1	1	1
YDL042C	1	1	0	0	0	1	1	1	1	1	1	1
YHR090C	1	1	0	1	1	0	1	0	1	0	1	1
YGR161C	1	1	1	1	1	1	1	0	0	0	0	0
YDR347W	1	1	0	0	0	0	0	0	1	1	1	1
YJR094W-A	1	0	0	0	1	1	1	1	1	1	1	1
YOL054W	0	0	1	1	1	1	1	1	1	1	0	0
YLR212C	1	1	1	0	0	0	1	0	1	1	1	1
YAR002C-A	1	0	1	0	0	0	0	1	1	1	1	1
YGR238C	1	1	1	1	0	0	0	0	1	1	1	1
YDR165W	0	0	1	1	1	1	1	1	1	1	1	1
YER112W	0	1	1	1	1	1	1	0	1	1	0	1
YKL023W	1	1	1	1	1	1	1	1	0	0	0	0
YML063W	0	0	0	1	1	1	0	1	1	1	1	1
YCR031C	1	0	0	0	0	1	0	1	1	1	1	1
YLR424W	1	1	1	1	1	1	0	0	0	1	1	1
YDR301W	1	0	1	0	1	1	1	0	1	1	1	1
YOR001W	0	0	1	1	1	1	1	1	1	1	1	1
YKR060W	0	0	1	1	1	1	1	1	1	1	1	1
YMR117C	1	1	1	1	1	1	0	1	0	0	1	1
YIL076W	1	1	0	0	1	0	1	0	1	1	1	1
YKL214C	1	1	0	1	1	1	0	1	1	1	0	0
YDR462W	1	1	1	0	0	0	0	0	1	1	1	1
YPR035W	0	0	1	1	1	1	1	1	1	1	1	1
YOR136W	1	1	0	0	0	0	0	0	1	1	1	1
YNL136W	1	1	1	1	1	0	0	0	1	1	1	1
YKL130C	1	1	1	0	0	0	1	1	1	0	0	1
YKL046C	1	1	0	0	0	0	0	1	1	1	1	1
YPL217C	0	0	0	1	1	1	1	1	1	1	1	1
YPR174C	1	0	0	0	1	1	1	1	1	1	1	1
YAL047C	1	0	1	0	1	0	1	1	1	1	1	1
YBR087W	0	0	1	1	0	1	0	1	1	1	1	1
YBR130C	1	1	1	0	0	0	1	1	1	1	1	1
YOL086C	1	1	0	0	0	0	0	1	1	1	1	1
YDR392W	1	1	1	1	1	1	0	0	1	1	0	1
YML009C	1	1	1	0	0	0	0	0	1	1	1	1
YBL072C	1	0	1	0	1	1	1	1	1	1	1	1
YGL127C	1	1	1	0	0	0	1	1	0	1	1	0
YPL137C	1	0	1	0	1	0	1	1	1	1	0	1
YDR318W	1	1	1	1	1	1	1	0	0	0	1	1
YJL111W	0	1	1	1	1	1	1	1	1	0	0	0
YMR263W	1	0	0	0	0	0	0	1	1	1	1	1
YOL041C	0	0	1	1	1	1	1	1	1	1	1	1
YOL120C	1	0	0	0	1	0	1	1	1	1	1	1
YGR132C	1	1	1	1	1	1	1	0	0	1	1	1
YFR001W	0	0	0	1	1	1	1	1	1	1	1	1
YOR078W	0	0	1	1	1	1	1	1	1	0	1	1
YDL145C	1	1	1	0	0	0	0	1	1	1	1	1
YJL029C	1	1	1	1	1	1	1	1	0	0	0	0
YDR405W	1	1	1	0	0	0	0	0	1	1	1	1
YGR124W	1	0	0	0	0	0	1	1	1	1	1	1
YCR073W-A	1	1	1	1	1	1	1	0	1	0	0	0
YLR330W	1	1	1	1	1	0	0	0	1	1	1	1
YML069W	0	1	1	1	1	1	1	0	1	1	1	1
YPL086C	0	0	0	0	1	1	1	1	1	1	1	1
YDL084W	0	1	1	1	0	1	0	1	1	1	1	1
YDR045C	0	0	1	1	1	1	1	1	1	1	1	1
YJL155C	1	1	1	1	1	1	1	0	1	0	0	0
YFR013W	1	1	0	0	0	1	0	1	1	1	1	1
YBR126C	1	1	1	1	1	1	1	0	0	0	0	0
YLR440C	0	0	1	1	1	0	1	1	1	1	1	0
YBR152W	0	1	1	1	1	1	1	1	1	0	1	0
YPL048W	0	1	1	1	0	0	0	1	1	1	0	1
YDL045W-A	1	1	1	0	0	0	0	0	1	1	1	1
YMR153W	1	0	1	1	0	0	1	1	1	0	1	1
YDR478W	1	0	0	0	0	1	1	1	1	1	1	1
YDR012W	0	0	1	1	0	1	0	1	1	1	1	1
YER126C	0	0	1	1	1	1	1	1	1	1	1	1
YLR272C	1	0	0	0	0	0	0	1	1	1	1	1
YLL026W	0	1	1	1	1	1	1	1	0	1	0	0
YHR069C	0	0	0	1	1	1	1	1	1	0	1	1
YML098W	0	0	1	1	1	1	1	1	1	0	0	1
YPR190C	0	0	0	0	0	1	1	1	1	1	1	1
YPL228W	0	1	1	1	1	1	1	0	1	1	1	1
YLR298C	0	1	1	1	1	1	1	1	1	0	0	0
YCL016C	0	0	1	0	0	1	1	1	1	1	1	1
YGR218W	0	1	1	1	1	1	1	0	1	0	1	1
YER104W	1	1	1	1	1	1	1	0	0	0	1	0
YDR416W	1	0	1	0	1	0	1	1	1	1	1	1
YBR254C	1	0	1	0	1	1	0	1	0	1	1	1
YJL047C	1	1	1	1	1	1	1	0	1	0	0	0
YGR128C	0	0	0	0	1	1	1	1	1	1	1	1
YDL081C	1	0	1	1	0	1	1	1	1	1	1	1
YOR160W	0	0	1	1	0	1	1	1	1	0	0	0
YKL143W	0	0	0	1	1	1	1	1	1	1	1	1
YJL005W	1	1	1	1	1	1	1	1	0	0	0	0
YNL260C	1	1	1	1	0	1	1	1	1	0	1	0
YEL003W	0	0	0	1	1	1	0	1	1	1	1	1
