YBR085W	YGL237C
YBR085W	YHR002W
YBR085W	YDL059C
YBR085W	YML058W
YNL331C	YDL243C
YNL331C	YLR347C
YNL331C	YPL070W
YNL331C	YML064C
YFL056C	YOL018C
YNL141W	YKL086W
YNL141W	YLR225C
YGL119W	YJR091C
YBR236C	YDL140C
YMR072W	YOL004W
YCR088W	YFL039C
YCR088W	YNL020C
YCR088W	YJR065C
YCR088W	YNL298W
YCR088W	YDR342C
YCR088W	YMR109W
YCR088W	YIL095W
YCR088W	YDR388W
YCR088W	YDR129C
YCR088W	YOR367W
YCR088W	YBL007C
YCR088W	YNL243W
YCR088W	YCR084C
YCR088W	YHR199C
YCR088W	YIR003W
YCR088W	YHR016C
YER045C	YGR247W
YER045C	YGL181W
YER045C	YGR123C
YER045C	YOR059C
YLR131C	YDR295C
YLR131C	YMR304W
YLR131C	YNL157W
YLR304C	YNL192W
YLR304C	YDR480W
YLR304C	YBR136W
YLR304C	YMR059W
YLR304C	YLR262C
YKL192C	YDL239C
YLR153C	YJR091C
YLR153C	YBR055C
YLR153C	YPR165W
YLR153C	YNL244C
YFL039C	YJL081C
YFL039C	YNL271C
YFL039C	YLR319C
YFL039C	YLL050C
YFL039C	YJL005W
YFL039C	YGL240W
YFL039C	YFL024C
YFL039C	YML126C
YFL039C	YOR244W
YFL039C	YDL226C
YFL039C	YHR023W
YFL039C	YAL029C
YFL039C	YDL002C
YFL039C	YOR122C
YFL039C	YER125W
YFL039C	YDR388W
YFL039C	YDR129C
YFL039C	YOR367W
YFL039C	YNL243W
YFL039C	YHL007C
YFL039C	YIL138C
YFL039C	YGR080W
YFL039C	YLR337C
YDR448W	YOR023C
YDR448W	YHR166C
YDR448W	YBR278W
YDR448W	YPL248C
YDR448W	YEL009C
YDR448W	YFL031W
YDR448W	YKL012W
YDR448W	YOL148C
YDR448W	YDR392W
YDR448W	YBR081C
YDR448W	YER022W
YDR448W	YBR253W
YDR448W	YBR198C
YDR448W	YMR236W
YDR448W	YHR099W
YLR028C	YLR373C
YMR120C	YBR055C
YOR128C	YEL018W
YOR128C	YBR021W
YOR128C	YCR012W
YOR128C	YPR054W
YOR128C	YMR236W
YOR128C	YML064C
YOR128C	YBR134W
YOR128C	YHR045W
YGL234W	YBL026W
YGL234W	YJR068W
YOL086C	YFR021W
YOL086C	YAL059W
YOL086C	YOR244W
YOL086C	YNL127W
YOL086C	YAL029C
YOL086C	YOR056C
YOL086C	YBR114W
YOL086C	YDR170C
YOL086C	YDL042C
YMR303C	YDL175C
YMR303C	YLR216C
YMR303C	YNL068C
YMR303C	YKL189W
YMR303C	YDR499W
YMR303C	YPR110C
YMR303C	YFL042C
YGL256W	YDL220C
YGL256W	YDL101C
YGL256W	YER133W
YGL256W	YLR146C
YGL256W	YNL244C
YDL239C	YLR242C
YDL239C	YLR423C
YDL239C	YPL255W
YDL239C	YNL225C
YDL239C	YPL049C
YDL239C	YDR273W
YDL239C	YBR072W
YDL239C	YDR148C
YDL239C	YKL103C
YDL239C	YPL070W
YDL239C	YDL030W
YDL239C	YOR127W
YDL239C	YPL124W
YDL239C	YKL042W
YDL239C	YOL091W
YDL239C	YHR184W
YDL239C	YNR012W
YDL239C	YAL028W
YDL239C	YMR124W
YDL239C	YOR324C
YMR064W	YDR034C
YLR397C	YJR091C
YER017C	YBR247C
YER017C	YBR034C
YER017C	YFL018C
YER017C	YMR089C
YFL055W	YOR076C
YOR023C	YNL118C
YOR023C	YOL009C
YOR023C	YDL030W
YLR109W	YNL312W
YLR109W	YLR340W
YLR109W	YMR059W
YLR109W	YJL141C
YIL079C	YML056C
YIL079C	YDR432W
YIL079C	YOL115W
YDL175C	YJL124C
YDL175C	YBL026W
YDL175C	YDR432W
YDL175C	YPR191W
YDL175C	YOL115W
YOR374W	YHR026W
YER073W	YEL042W
YER073W	YGL181W
YER073W	YML032C
YNL048W	YJR117W
YNL048W	YLR372W
YNL048W	YBR159W
YNL048W	YHR140W
YBR110W	YEL063C
YBR110W	YHR142W
YBR110W	YGL200C
YBR110W	YMR058W
YBR110W	YDR331W
YBR110W	YML123C
YBR110W	YEL017C-A
YBR110W	YHR026W
YBR110W	YLR372W
YBR110W	YPR156C
YBR110W	YDL015C
YBR110W	YGR105W
YBR110W	YBR159W
YBR110W	YDL206W
YBR110W	YDR307W
YBR110W	YHR140W
YPL227C	YEL063C
YPL227C	YBR036C
YPL227C	YJL196C
YPL227C	YGL200C
YPL227C	YMR058W
YPL227C	YIL097W
YPL227C	YDR331W
YPL227C	YCR024C-A
YPL227C	YEL017C-A
YPL227C	YJL026W
YPL227C	YPR198W
YPL227C	YHR140W
YPL227C	YBR183W
YNL219C	YGR149W
YGL021W	YLR133W
YOL130W	YIL009W
YOL130W	YNL086W
YFL050C	YLR453C
YGR225W	YKL022C
YBR158W	YGR163W
YBR158W	YHR064C
YBR158W	YGR285C
YEL036C	YJR075W
YBR231C	YJR091C
YBR231C	YGL070C
YDR530C	YLR295C
YDL008W	YLR127C
YDL008W	YLR102C
YDL008W	YKL022C
YDL008W	YHR166C
YDL008W	YFR036W
YDL008W	YBL084C
YDL008W	YGL240W
YLR127C	YLR102C
YLR127C	YKL022C
YLR127C	YHR166C
YLR127C	YFR036W
YLR127C	YBL084C
YLR127C	YER179W
YLR127C	YGL240W
YLR127C	YOL133W
YLR127C	YGR052W
YLR102C	YKL022C
YLR102C	YHR166C
YLR102C	YML092C
YLR102C	YNL176C
YBR286W	YDR311W
YLL042C	YJR091C
YJR005W	YOL062C
YJR005W	YJR058C
YJR005W	YPL248C
YJR005W	YLR116W
YJR005W	YLR014C
YKL135C	YHL019C
YKL135C	YLR170C
YKL135C	YHR068W
YKL135C	YOL108C
YKL135C	YBR084W
YKL135C	YPR010C
YKL135C	YBL025W
YGR261C	YBR288C
YHL019C	YLR170C
YHL019C	YBR019C
YBR288C	YPL016W
YBR288C	YBR014C
YOL062C	YJR058C
YOL062C	YFL045C
YKL114C	YOR264W
YIL040W	YER149C
YJR058C	YJR091C
YML022W	YDR441C
YML022W	YER022W
YPR192W	YNL101W
YPR192W	YFL062W
YPR192W	YDR331W
YPR192W	YPR156C
YPR192W	YHR140W
YIL062C	YLR370C
YIL062C	YKL013C
YIL062C	YNR035C
YIL062C	YBR234C
YIL062C	YJR065C
YLR370C	YKL013C
YLR370C	YNR035C
YLR370C	YBR234C
YLR370C	YJR065C
YLR370C	YJR091C
YKL013C	YNR035C
YKL013C	YBR234C
YKL013C	YJR065C
YKL013C	YKL129C
YKL013C	YMR109W
YGL105W	YGR264C
YGL105W	YML095C
YGL105W	YMR059W
YNR035C	YBR234C
YNR035C	YJR065C
YNR035C	YHR114W
YNR035C	YBR109C
YNR035C	YLR429W
YNR035C	YGL208W
YBR234C	YJR065C
YBR234C	YKL129C
YBR234C	YMR109W
YBR234C	YPL043W
YBR234C	YML069W
YBR234C	YLR453C
YBR234C	YER022W
YBR234C	YHR064C
YBR234C	YNL040W
YHR013C	YBR084W
YHR013C	YHR023W
YOL058W	YDR388W
YJL088W	YDL017W
YHR018C	YNL244C
YER069W	YLR214W
YDR173C	YDL017W
YDR173C	YMR043W
YNL020C	YGR241C
YPL051W	YGL183C
YPL051W	YKR030W
YDR380W	YOR382W
YDR127W	YJL008C
YDR127W	YAL007C
YDR127W	YKL104C
YDR127W	YHR082C
YDR127W	YFR024C-A
YDR127W	YER095W
YDR127W	YGL048C
YDR127W	YPL235W
YDR127W	YGR234W
YDR421W	YDL030W
YJR065C	YMR109W
YJL081C	YFL024C
YJL081C	YOR244W
YJL081C	YGL237C
YJL081C	YBR010W
YJL081C	YDR225W
YJL081C	YDL002C
YJL081C	YDR146C
YJL081C	YHR099W
YOR141C	YDL002C
YPR199C	YMR325W
YDL100C	YHR114W
YDL100C	YHR057C
YDL100C	YDR304C
YDL100C	YGR189C
YDL100C	YHR005C
YDL100C	YBL076C
YDL100C	YJL153C
YDL100C	YOL126C
YDL100C	YGL020C
YDL100C	YKL062W
YDL100C	YNL055C
YDL100C	YER083C
YDL100C	YIL162W
YDL100C	YPL252C
YDL100C	YBR014C
YDL100C	YDL121C
YDL100C	YDR431W
YDL100C	YKR100C
YDL100C	YOR164C
YLR242C	YDR414C
YLR242C	YHR007C
YJL170C	YGL070C
YGR124W	YDR034C
YLR155C	YLR295C
YLR155C	YER175C
YPR185W	YGL180W
YPR185W	YGR253C
YPR185W	YNL086W
YLR423C	YGL180W
YLR423C	YMR213W
YLR423C	YKR083C
YLR423C	YGR113W
YLR423C	YKL002W
YLR423C	YHR043C
YLR423C	YNL230C
YLR423C	YGL237C
YLR423C	YPR179C
YLR423C	YMR032W
YLR423C	YNL182C
YLR423C	YDR148C
YLR423C	YIR017C
YLR423C	YOR232W
YLR423C	YHR023W
YLR423C	YPL174C
YLR423C	YNL078W
YLR423C	YJL041W
YLR423C	YGR119C
YLR423C	YJL117W
YLR423C	YPR165W
YLR423C	YHR197W
YLR423C	YJL036W
YLR423C	YPL124W
YLR423C	YML064C
YLR423C	YDR311W
YLR423C	YBR270C
YLR423C	YKL050C
YLR423C	YMR124W
YLR423C	YOR164C
YLR423C	YPL159C
YFR021W	YNL242W
YFR021W	YNR058W
YFR021W	YGL190C
YFR021W	YJR140C
YFR021W	YDR034C
YFR021W	YER162C
YFR021W	YHR103W
YFR021W	YLR222C
YFR021W	YML059C
YDL113C	YPL174C
YDL113C	YLR191W
YDL113C	YBL025W
YDL113C	YJL036W
YNR007C	YBL078C
YNR007C	YHR114W
YNR007C	YOR160W
YDR384C	YNR060W
YDR384C	YBR199W
YDR384C	YPR156C
YDR384C	YMR009W
YLR393W	YMR279C
YJL180C	YLR295C
YJL180C	YBL099W
YJL180C	YHR114W
YLR295C	YBL099W
YLR295C	YJL058C
YLR295C	YER157W
YLR295C	YIL111W
YLR295C	YMR238W
YLR295C	YKL002W
YLR295C	YHR193C
YLR295C	YDL045C
YLR295C	YML121W
YLR295C	YJL044C
YLR295C	YIL020C
YLR295C	YKL103C
YLR295C	YJL100W
YLR295C	YBR193C
YLR295C	YMR153W
YLR295C	YIL050W
YLR295C	YKL127W
YLR295C	YOR145C
YLR295C	YIL117C
YLR295C	YJL166W
YLR295C	YGR148C
YLR295C	YGL048C
YLR295C	YLR141W
YLR295C	YGR009C
YLR295C	YER116C
YLR295C	YGR081C
YLR295C	YML058W
YLR295C	YDR510W
YLR295C	YPR182W
YLR295C	YPL124W
YLR295C	YML034W
YLR295C	YIL143C
YLR295C	YJR102C
YLR295C	YJR133W
YLR295C	YML007W
YLR295C	YAR060C
YLR295C	YAR035W
YLR295C	YDL172C
YLR295C	YDL233W
YLR295C	YDR319C
YLR295C	YDR445C
YLR295C	YDR455C
YLR295C	YGL010W
YLR295C	YGR122W
YLR295C	YGR153W
YLR295C	YHR140W
YLR295C	YNL263C
YLR295C	YIL157C
YLR295C	YMR152W
YLR295C	YIR036C
YLR295C	YJL067W
YLR295C	YJL225C
YLR295C	YJR083C
YLR295C	YJR120W
YLR295C	YJR141W
YLR295C	YKL088W
YLR295C	YMR090W
YLR295C	YMR181C
YLR295C	YNL205C
YLR295C	YNL324W
YLR295C	YOL008W
YLR295C	YOL050C
YLR295C	YOR324C
YLR295C	YPR118W
YLR295C	YGR285C
YPL271W	YBL099W
YPL271W	YJR091C
YDR377W	YBL099W
YDR377W	YKL016C
YBL099W	YPR020W
YBL099W	YDR298C
YBL099W	YKL016C
YBL099W	YDL181W
YBL099W	Q0130
YBL099W	YDR322C-A
YPR020W	YER048C
YDR298C	YKL016C
YNL259C	YDR270W
YKL004W	YFL062W
YKL004W	YJL196C
YKL004W	YBR044C
YBL078C	YLR093C
YOL078W	YGL130W
YOL078W	YBL036C
YNL101W	YER026C
YNL101W	YJL196C
YNL101W	YHR007C
YNL101W	YJL117W
YNL101W	YDL212W
YNL101W	YDR410C
YNL101W	YJR117W
YNL101W	YLR372W
YNL101W	YDL015C
YNL101W	YBR159W
YNL101W	YGL051W
YNL101W	YHR140W
YNL101W	YBR183W
YIL140W	YEL063C
YIL140W	YDR468C
YBR068C	YDR046C
YBR068C	YDL212W
YBR068C	YJR001W
YDR046C	YDL212W
YDR046C	YLR372W
YDR046C	YBR159W
YPL255W	YMR199W
YPL255W	YEL062W
YPL255W	YML092C
YPL255W	YHL006C
YPL255W	YPL124W
YPL255W	YML064C
YPL255W	YBR270C
YPL255W	YLR392C
YJL095W	YNL271C
YJL095W	YPL084W
YJL095W	YHR082C
YJL095W	YKL129C
YJL095W	YMR109W
YJL095W	YHR030C
YJL095W	YMR304W
YER167W	YOL108C
YDL070W	YER133W
YDL070W	YGL063W
YML077W	YBR093C
YML077W	YBR254C
YOR198C	YKR030W
YOR198C	YLR453C
YDR299W	YDL017W
YDR299W	YCL059C
YDR299W	YCR057C
YGR282C	YDL042C
YER016W	YGL061C
YNR058W	YJL128C
YNR058W	YLR105C
YNR058W	YEL064C
YJL058C	YML064C
YJL058C	YLR373C
YDR099W	YNL042W
YDR099W	YPR030W
YDR099W	YDR309C
YDR099W	YDR062W
YDR099W	YCL051W
YDR099W	YNL293W
YDR099W	YDR001C
YDR099W	YGR123C
YDR099W	YBR050C
YDR099W	YLR453C
YDR099W	YHL007C
YDR099W	YLR177W
YPL217C	YCL059C
YPL217C	YNL061W
YPL217C	YCR057C
YJR025C	YLR288C
YJL060W	YLR314C
YBL098W	YDL226C
YFR047C	YLR347C
YFR047C	YLL046C
YNL271C	YLR319C
YNL271C	YMR032W
YNL271C	YKL129C
YNL271C	YMR109W
YNL271C	YOR122C
YNL271C	YPR165W
YBL085W	YMR032W
YBL085W	YNL078W
YBL085W	YHL007C
YBL085W	YER158C
YER114C	YNL298W
YER114C	YJR091C
YER114C	YHL007C
YER114C	YEL043W
YNL042W	YOR014W
YLR078C	YHR114W
YLR078C	YMR257C
YLR078C	YMR297W
YLR078C	YFR051C
YLR078C	YLR268W
YLR078C	YDR238C
YLR078C	YLR026C
YLR078C	YBL007C
YLR078C	YDR189W
YLR078C	YIL162W
YDL074C	YNL153C
YDL074C	YDR295C
YDL074C	YOL069W
YDL074C	YFL008W
YDL074C	YEL043W
YDL074C	YHR149C
YLR015W	YBR272C
YLR015W	YDL140C
YLR015W	YHR119W
YLR015W	YBR258C
YLR015W	YPL138C
YLR015W	YKL018W
YDL231C	YCR016W
YPL084W	YJL124C
YPL084W	YPR173C
YPR057W	YFL017W-A
YGL247W	YOR103C
YOR026W	YJL013C
YOR026W	YDL193W
YGL174W	YMR012W
YGL174W	YLR016C
YAR014C	YER054C
YAR014C	YER133W
YAR014C	YLR096W
YAR014C	YNL333W
YAR014C	YHR064C
YAR014C	YER158C
YAR014C	YMR071C
YAR014C	YGR285C
YOR078W	YDR315C
YOR078W	YCR057C
YOR078W	YDL110C
YOR078W	YNL320W
YMR014W	YOR264W
YCR047C	YNL282W
YCR047C	YLR339C
YKL092C	YIL117C
YKL092C	YPL095C
YCL014W	YJR092W
YCL014W	YJR091C
YCL014W	YHR197W
YCR038C	YEL061C
YCR038C	YDR532C
YCR038C	YHR119W
YLR319C	YLR362W
YLR319C	YGL015C
YOR299W	YOR037W
YOR299W	YDL108W
YOR299W	YNL308C
YOR299W	YOR049C
YOR299W	YPR054W
YOR299W	YGR236C
YOR299W	YOR047C
YOR299W	YHL007C
YOR299W	YGL095C
YOR299W	YNL246W
YOR299W	YGR294W
YOR299W	YKL082C
YOR299W	YMR293C
YOR299W	YNR069C
YMR275C	YHL002W
YMR275C	YER125W
YER159C	YHR114W
YER159C	YDR397C
YHR114W	YPL111W
YHR114W	YIL132C
YHR114W	YOL082W
YHR114W	YFR027W
YHR114W	YGL222C
YHR114W	YML121W
YHR114W	YEL017W
YHR114W	YDR148C
YHR114W	YJL174W
YHR114W	YBR205W
YHR114W	YFL018C
YHR114W	YIR021W
YHR114W	YKR030W
YHR114W	YGL236C
YHR114W	YKL129C
YHR114W	YMR109W
YHR114W	YPL174C
YHR114W	YNL078W
YHR114W	YDL213C
YHR114W	YJL117W
YHR114W	YOR281C
YHR114W	YDL134C
YHR114W	YML092C
YHR114W	YDR529C
YHR114W	YBR192W
YHR114W	YOR224C
YHR114W	YGL030W
YHR114W	YGL189C
YHR114W	YPL152W
YHR114W	YCR035C
YHR114W	YGR215W
YHR114W	YER125W
YHR114W	YJL047C
YHR114W	YLR105C
YHR114W	YBL007C
YHR114W	YPL124W
YHR114W	YPL057C
YHR114W	YDR416W
YHR114W	YDL217C
YHR114W	YOL018C
YHR114W	YDL015C
YHR114W	YIL156W
YHR114W	YIL008W
YHR114W	YGL104C
YHR114W	YGL225W
YHR114W	YDL037C
YHR114W	YDL172C
YHR114W	YDR042C
YHR114W	YDR056C
YHR114W	YDR319C
YHR114W	YFL012W
YHR114W	YGR031W
YHR114W	YGR110W
YHR114W	YJL152W
YHR114W	YLL054C
YHR114W	YLR064W
YHR114W	YLR112W
YHR114W	YMR253C
YHR114W	YOR059C
YHR114W	YPL246C
YML102W	YBR195C
YML102W	YPR018W
YML102W	YDL099W
YNL278W	YLR216C
YNL288W	YCR093W
YNL288W	YGR092W
YNL288W	YIL038C
YNL288W	YNR052C
YNL288W	YER022W
YNL288W	YDR443C
YER048C	YDR342C
YER048C	YPL205C
YEL063C	YHR142W
YEL063C	YBR036C
YEL063C	YMR264W
YEL063C	YJL196C
YEL063C	YBL040C
YEL063C	YAL007C
YEL063C	YOR016C
YEL063C	YFL041W
YEL063C	YGR057C
YEL063C	YJL002C
YEL063C	YJL117W
YEL063C	YCR024C-A
YEL063C	YIL114C
YEL063C	YDL212W
YEL063C	YJR117W
YEL063C	YLR372W
YEL063C	YPL234C
YEL063C	YBR159W
YEL063C	YGL051W
YEL063C	YHL042W
YEL063C	YHR140W
YEL063C	YLR343W
YEL063C	YOR161C
YEL063C	YOR345C
YIL034C	YBR291C
YIL034C	YBR201W
YIL034C	YCL009C
YIL034C	YBR188C
YIL034C	YBR173C
YIL034C	YBR096W
YIL034C	YCL022C
YPL111W	YPL160W
YPL111W	YKL104C
YPL111W	YEL034W
YPL111W	YLR347C
YPL111W	YGR136W
YPL111W	YML064C
YPL111W	YFL012W
YLR438W	YJR017C
YLR438W	YLL019C
YLR438W	YLR328W
YLR438W	YGR010W
YLR438W	YPR165W
YLR438W	YMR059W
YLR438W	YHL025W
YLR438W	YNL244C
YPL178W	YOL139C
YPL178W	YLR347C
YPL178W	YDR034C
YPL178W	YML117W
YPL178W	YDR432W
YPL178W	YNL251C
YPL178W	YER173W
YPL178W	YDR240C
YPL178W	YGL049C
YPL178W	YER011W
YJR060W	YMR094W
YJR060W	YDR318W
YJR060W	YIR017C
YJR060W	YKL089W
YJR060W	YPL153C
YHL038C	YDL213C
YPL215W	YCL058C
YPL215W	YAR069C
YGR174C	YDR331W
YGR174C	YDL054C
YGR174C	YOL115W
YLR220W	YOR085W
YLR220W	YER029C
YMR038C	YER083C
YIL142W	YGL116W
YIL142W	YGL190C
YIL142W	YJL106W
YIL142W	YJR070C
YIL142W	YNL317W
YIL142W	YDR075W
YIL142W	YLR105C
YIL142W	YLL011W
YIL142W	YMR054W
YIL142W	YBR198C
YIL142W	YDR212W
YIL142W	YOR230W
YJL014W	YGL116W
YJL014W	YGL190C
YJL014W	YDR075W
YJL014W	YER173W
YJL014W	YLL011W
YJL014W	YBR198C
YJL014W	YOR230W
YDL143W	YDL052C
YJL008C	YOR117W
YJR076C	YHR107C
YJR076C	YLR314C
YJR076C	YMR012W
YJR076C	YPL018W
YJR076C	YDR507C
YJR076C	YDR409W
YJR076C	YGL049C
YJR076C	YMR304W
YJR076C	YHR033W
YJR076C	YOR084W
YHR107C	YLR314C
YHR107C	YPL241C
YHR107C	YNL298W
YHR107C	YHR044C
YHR107C	YHR043C
YHR107C	YDR309C
YHR107C	YDR507C
YHR107C	YML056C
YHR107C	YGL062W
YHR107C	YFL045C
YHR107C	YMR117C
YHR107C	YIL144W
YHR107C	YHR060W
YDL220C	YDR155C
YDL220C	YPL153C
YDL220C	YDR082W
YDL220C	YLR010C
YAR019C	YGR092W
YAR019C	YML064C
YKL022C	YHR166C
YKL022C	YFR036W
YKL022C	YBL084C
YKL022C	YGL240W
YAL038W	YNL307C
YGL116W	YKL101W
YGL116W	YGL086W
YGL116W	YJL030W
YGL116W	YJL013C
YGL116W	YDR212W
YHR166C	YFR036W
YHR166C	YBL084C
YHR166C	YGL240W
YHR166C	YEL034W
YHR166C	YPL124W
YHR166C	YBR270C
YFR036W	YBL084C
YFR036W	YGL240W
YFR036W	YJR091C
YBL084C	YGL240W
YOL139C	YJL005W
YOL139C	YDL101C
YOL139C	YKL204W
YOL139C	YDR365C
YOL139C	YGL237C
YOL139C	YDL051W
YOL139C	YLR288C
YOL139C	YDL213C
YOL139C	YLR371W
YOL139C	YDR388W
YOL139C	YHL034C
YOL139C	YMR059W
YOL139C	YML064C
YOL139C	YGL049C
YOL139C	YER090W
YOL139C	YBL004W
YOL139C	YDR128W
YOL139C	YNL093W
YDR054C	YFL009W
YDR054C	YDL132W
YDR054C	YOL133W
YDR054C	YGL070C
YDR054C	YDR328C
YDR054C	YIL148W
YDR168W	YJR032W
YCR093W	YOL133W
YCR093W	YIL038C
YCR093W	YNR052C
YCR093W	YPL235W
YCR093W	YDR443C
YCR093W	YPL042C
YCR093W	YNL025C
YCR093W	YJL141C
YLR314C	YDR507C
YLR314C	YKL101W
YLR314C	YDR409W
YLR314C	YLR254C
YDR364C	YMR213W
YLR103C	YER088C
YLR103C	YIL094C
YLR103C	YBL023C
YLR103C	YOL004W
YLR274W	YBR202W
YLR274W	YBL023C
YLR274W	YGL201C
YFL009W	YDL132W
YFL009W	YOL133W
YFL009W	YOR057W
YFL009W	YDR328C
YDL132W	YDL017W
YDL132W	YOL133W
YDL132W	YLR368W
YDL132W	YLR134W
YDL132W	YNL055C
YDL132W	YDL006W
YDL132W	YOR057W
YDL132W	YDR328C
YDL132W	YML088W
YDL132W	YJL149W
YGL190C	YMR109W
YGL190C	YDL134C
YGL190C	YDR212W
YGL190C	YLR373C
YGL190C	YBL104C
YGL190C	YNL154C
YGL190C	YHR033W
YGL190C	YDR381W
YGL190C	YMR273C
YPL160W	YPR110C
YPL160W	YNL244C
YLR418C	YOR123C
YLR418C	YBR195C
YLR418C	YBR279W
YLR418C	YDL140C
YLR418C	YGL244W
YLR418C	YGL207W
YDL017W	YDL160C
YDL017W	YLR331C
YDL017W	YBL023C
YDL017W	YLR134W
YDL017W	YKL039W
YDL017W	YBR126C
YDL017W	YIL148W
YDL017W	YLR386W
YDL017W	YCR022C
YDL017W	YCR050C
YMR213W	YGR278W
YMR213W	YMR288W
YMR213W	YJR050W
YMR213W	YNR011C
YMR213W	YPL151C
YMR213W	YPR101W
YMR213W	YDR416W
YMR213W	YGR129W
YGL130W	YMR012W
YGL130W	YAL035W
YGL130W	YHR121W
YGL130W	YDL014W
YGL130W	YDL140C
YGL130W	YGL207W
YGL130W	YKR001C
YLR115W	YER133W
YLR115W	YJL033W
YLR115W	YKL059C
YLR115W	YNL317W
YLR115W	YAL043C
YLR115W	YGR156W
YLR115W	YDL140C
YLR115W	YKL018W
YLR115W	YDL094C
YLR115W	YHL035C
YBR274W	YKL104C
YBR274W	YJL124C
YBR274W	YDR217C
YBR274W	YBL052C
YBR274W	YJL036W
YDR254W	YIL111W
YDR254W	YBR107C
YER026C	YBR036C
YER026C	YMR058W
YER026C	YLR214W
YER026C	YDR331W
YER026C	YMR153W
YER026C	YLR292C
YER026C	YDR307W
YER026C	YHL042W
YER026C	YHR140W
YER026C	YIL171W
YNL192W	YHR082C
YNL192W	YHR048W
YBR038W	YPR106W
YBR038W	YPL020C
YBR038W	YCL022C
YHR142W	YJL196C
YHR142W	YDR318W
YHR142W	YKL127W
YHR142W	YJL117W
YHR142W	YDL212W
YHR142W	YJR117W
YHR142W	YLR372W
YHR142W	YGR260W
YHR142W	YBR159W
YPL241C	YNR011C
YEL061C	YOL069W
YEL061C	YLR453C
YEL061C	YLR454W
YEL061C	YMR124W
YNL298W	YDR309C
YNL298W	YOR127W
YNL298W	YNL243W
YDL155W	YDR034C
YDL155W	YPL124W
YGR167W	YDR320C
YGL215W	YPL031C
YMR199W	YPL049C
YMR199W	YDR480W
YMR199W	YJL157C
YMR199W	YJR091C
YMR199W	YMR105C
YMR199W	YPL031C
YMR199W	YDR328C
YMR199W	YIL148W
YAL040C	YJL157C
YAL040C	YJL013C
YAL040C	YJR132W
YAL040C	YOR269W
YMR012W	YGL061C
YMR012W	YJL157C
YMR012W	YER133W
YMR012W	YDR148C
YMR012W	YBR136W
YMR012W	YBR055C
YMR012W	YER095W
YMR012W	YMR059W
YMR012W	YIR001C
YMR012W	YBR143C
YMR012W	YML064C
YMR012W	YCR084C
YMR012W	YDR266C
YMR012W	YGR067C
YMR012W	YPR015C
YBR109C	YOL016C
YBR109C	YML057W
YBR109C	YLL050C
YBR109C	YDR155C
YBR109C	YHR028C
YBR109C	YGL043W
YBR109C	YLR443W
YBR109C	YBL047C
YBR109C	YMR250W
YBR109C	YOR358W
YBR109C	YEL034W
YBR109C	YBL076C
YBR109C	YGL106W
YBR109C	YKL129C
YBR109C	YAL029C
YBR109C	YMR109W
YBR109C	YJR073C
YBR109C	YMR105C
YBR109C	YER023W
YBR109C	YGR253C
YBR109C	YGL063W
YBR109C	YBR050C
YBR109C	YMR200W
YBR109C	YBR229C
YBR109C	YIL021W
YBR109C	YKR025W
YBR109C	YFR004W
YBR109C	YGL229C
YBR109C	YGR144W
YBR109C	YGR094W
YBR109C	YLL040C
YBR109C	YML095C-A
YBR109C	YKL067W
YBR109C	YOR029W
YML057W	YNL037C
YML057W	YLR096W
YML057W	YHR082C
YML057W	YPR108W
YML057W	YNL047C
YAL058W	YOR236W
YNL225C	YKL042W
YLL050C	YLR429W
YLL050C	YJL005W
YLL050C	YGL195W
YLL050C	YPR033C
YLL050C	YGL241W
YLL050C	YLR059C
YLL050C	YLR453C
YLL050C	YMR059W
YLL050C	YML064C
YLL050C	YGL179C
YGL223C	YER157W
YGL223C	YNL041C
YGL223C	YDR034C
YGL223C	YLR026C
YER157W	YNL041C
YER157W	YHL031C
YER157W	YDL005C
YER157W	YLR268W
YER157W	YLR026C
YER157W	YKL196C
YNL041C	YJL191W
YNL041C	YLR026C
YNL041C	YIL144W
YNL041C	YLR386W
YNL041C	YDR229W
YML071C	YNL265C
YBR003W	YER022W
YNR041C	YML123C
YNR041C	YLR222C
YNR041C	YLR373C
YBL045C	YNL118C
YBL045C	YPR191W
YBL045C	YDR388W
YBL045C	YMR059W
YBL045C	YPR054W
YBL045C	YML064C
YFL062W	YCR068W
YFL062W	YCR075C
YFL062W	YMR306W
YFL062W	YGR191W
YFL062W	YLR034C
YFL062W	YLR372W
YFL062W	YLR237W
YFL062W	YBR159W
YFL062W	YDR307W
YFL062W	YJL059W
YFL062W	YOR071C
YJR161C	YJL219W
YJR161C	YBR159W
YDL248W	YFL004W
YLL009C	YJR091C
YGR062C	YDL193W
YHR116W	YER022W
YGL187C	YDL067C
YGL187C	YGL213C
YNL052W	YDL067C
YHR051W	YDL067C
YHR051W	YNL061W
YDL067C	YDR318W
YGR247W	YOR327C
YDR155C	YDL101C
YDR155C	YGL194C
YDR155C	YIL112W
YDR155C	YFL014W
YDR155C	YKL103C
YDR155C	YML095C
YDR155C	YPL235W
YDR155C	YMR059W
YDR155C	YBR103W
YDR155C	YDR510W
YDR155C	YOR290C
YDR155C	YNL244C
YDR155C	YML064C
YDR155C	YKR105C
YDR155C	YNL157W
YHR057C	YJR091C
YHR057C	YLR373C
YLR216C	YJR017C
YLR216C	YIR037W
YLR216C	YKL057C
YLR216C	YDR394W
YLR216C	YHR030C
YLR216C	YDR353W
YLR216C	YDR128W
YLR216C	YOR220W
YNR028W	YJR082C
YNR028W	YNL187W
YJL172W	YCL008C
YJL172W	YIL148W
YJL172W	YGR285C
YGR189C	YDR034C
YLR429W	YDL195W
YLR429W	YDR328C
YLR429W	YBR143C
YNL027W	YJR132W
YGL238W	YDR170C
YKL049C	YPL018W
YBR036C	YEL027W
YBR036C	YJL196C
YBR036C	YAL007C
YBR036C	YOR016C
YBR036C	YHR110W
YBR036C	YMR306W
YBR036C	YDR062W
YBR036C	YLR018C
YBR036C	YIL114C
YBR036C	YHR026W
YBR036C	YPR198W
YBR036C	YDL212W
YBR036C	YJR117W
YBR036C	YLR372W
YBR036C	YDL015C
YBR036C	YAL018C
YBR036C	YBR159W
YBR036C	YBR161W
YBR036C	YDR307W
YBR036C	YGL051W
YBR036C	YHR140W
YCR086W	YGR155W
YCR086W	YOR264W
YCR086W	YDR309C
YCR086W	YDR439W
YCR086W	YOR281C
YCR086W	YDL214C
YCR086W	YML095C
YCR086W	YGL175C
YCR086W	YFL008W
YCR086W	YHR152W
YCR086W	YOL020W
YCR086W	YKR010C
YCR086W	YDL089W
YCR086W	YDR061W
YCR086W	YKL077W
YIL132C	YBL026W
YIL132C	YML092C
YIL132C	YLR376C
YIL132C	YHR111W
YIL132C	YLR322W
YMR048W	YBR034C
YMR048W	YLR368W
YMR048W	YER063W
YMR048W	YLR373C
YMR048W	YER071C
YPR030W	YOR043W
YMR094W	YDR034C
YMR094W	YDR328C
YMR078C	YPR175W
YMR078C	YJR068W
YMR078C	YBR087W
YMR078C	YLL040C
YPL018W	YCL039W
YPL018W	YBR107C
YPL018W	YDR318W
YPL018W	YGR179C
YLR381W	YBR107C
YLR381W	YAR035W
YMR180C	YNL154C
YDR371W	YIR038C
YMR264W	YBR298C
YMR264W	YLR018C
YMR264W	YGL083W
YMR264W	YBR283C
YMR264W	YGL104C
YMR264W	YHL042W
YKL090W	YPL128C
YEL027W	YOR016C
YEL027W	YDR331W
YEL027W	YBR298C
YEL027W	YDL054C
YEL027W	YHR026W
YEL027W	YLR034C
YMR240C	YBR112C
YMR240C	YMR288W
YMR240C	YPL213W
YMR240C	YOR123C
YMR240C	YPL151C
YMR240C	YDL030W
YMR240C	YOR117W
YMR240C	YER029C
YMR240C	YFL017W-A
YMR240C	YPR182W
YMR240C	YBR152W
YMR240C	YPL016W
YCR068W	YDR331W
YOL082W	YPL091W
YOL082W	YNL037C
YOL082W	YKL103C
YOL082W	YPL070W
YOL082W	YER007W
YOL082W	YML092C
YOL082W	YCL031C
YOL082W	YDR311W
YOL082W	YOR115C
YOL082W	YDR207C
YDR482C	YJR091C
YDR482C	YGL028C
YGR278W	YGR049W
YGL027C	YNR002C
YGL027C	YER022W
YJR048W	YLR288C
YJR048W	YHR098C
YOR037W	YLR268W
YBR112C	YGL162W
YBR112C	YCR084C
YJL005W	YGR092W
YJL005W	YBR140C
YJL005W	YJL026W
YJL005W	YMR059W
YGR155W	YGL237C
YGR155W	YMR059W
YGR155W	YJR045C
YGR155W	YML064C
YGR155W	YGL081W
YOR065W	YOL073C
YDR016C	YKR083C
YDR016C	YGR113W
YDR016C	YKL002W
YDR016C	YGL061C
YDR016C	YGL044C
YDR016C	YDR201W
YKR083C	YDR201W
YKR083C	YDR353W
YFL053W	YDR316W
YIR027C	YNL252C
YGR113W	YGL061C
YGR113W	YDR034C
YGR113W	YBR156C
YGR113W	YIL144W
YGR113W	YJL064W
YLR037C	YJR091C
YGR092W	YJR072C
YGR092W	YNR052C
YGR092W	YDL147W
YGR092W	YDR394W
YGR092W	YOR117W
YGR092W	YPL042C
YGR092W	YBR126C
YDL031W	YNL061W
YDL031W	YKR081C
YDL031W	YHR066W
YPL119C	YBL026W
YNL112W	YMR080C
YNL112W	YDL195W
YOL149W	YNL118C
YOL149W	YDL160C
YOL149W	YEL015W
YOL149W	YJL124C
YOL149W	YBL026W
YOL149W	YER146W
YOL149W	YGL178W
YNL118C	YKR054C
YNL118C	YEL015W
YNL118C	YIR024C
YNL118C	YOL151W
YNL118C	YHR186C
YNL118C	YJL124C
YNL118C	YBL026W
YNL118C	YMR080C
YNL118C	YGL014W
YNL118C	YML091C
YNL118C	YGR116W
YNL118C	YBL034C
YNL118C	YGL049C
YNL118C	YOR124C
YOR173W	YHR152W
YOR173W	YJL141C
YER143W	YGL044C
YER143W	YIL148W
YER143W	YJR141W
YER143W	YNR071C
YBR201W	YLR288C
YBR201W	YGL070C
YIL049W	YLR373C
YIL049W	YBR285W
YMR238W	YDR309C
YMR238W	YFL036W
YDL160C	YEL015W
YDL160C	YJL124C
YDL160C	YBL026W
YDL160C	YGL178W
YDL160C	YNR052C
YDL160C	YPR110C
YDL160C	YER125W
YDL160C	YDR170C
YDL160C	YLR373C
YDL160C	YER140W
YKL078W	YDL014W
YHR011W	YDR075W
YHR011W	YPR004C
YHR011W	YIL063C
YKL002W	YER039C
YKL002W	YJR091C
YKL002W	YEL049W
YKL002W	YDL127W
YKL002W	YER104W
YKL002W	YMR117C
YKL002W	YOR047C
YKL002W	YER011W
YKL002W	YGL258W
YKL002W	YGR020C
YKL002W	YDL162C
YKL002W	YDR290W
YKL002W	YER084W
YKL002W	YGL259W
YPL049C	YDR480W
YPL049C	YBL016W
YPL049C	YBL017C
YPL049C	YML064C
YDR480W	YBL016W
YDR480W	YHR039C
YDR480W	YPL020C
YPL265W	YCR098C
YPL265W	YLR222C
YPL265W	YHL042W
YOL021C	YHR081W
YOL021C	YLR163C
YOL021C	YCR035C
YOL021C	YDR280W
YOL021C	YOR001W
YOL021C	YOR076C
YIR004W	YGL061C
YEL071W	YKL103C
YEL071W	YPR165W
YER179W	YPR183W
YER179W	YJL125C
YER179W	YNL055C
YER179W	YOR191W
YER179W	YPR102C
YER179W	YPL235W
YER179W	YML064C
YER179W	YKL211C
YER179W	YIL105C
YER179W	YNL013C
YER179W	YOR285W
YMR211W	YGR133W
YMR211W	YDR510W
YKL213C	YHL002W
YKL213C	YPR010C
YKL213C	YOR341W
YKL213C	YOR116C
YKL213C	YBL058W
YHR044C	YLR096W
YDR273W	YFR052W
YDR141C	YPR110C
YPR175W	YBR278W
YPR175W	YBL002W
YPR175W	YER083C
YBR278W	YMR290C
YBR278W	YJR091C
YKL191W	YIL103W
YLR172C	YJR091C
YLR172C	YOL042W
YLR172C	YOR159C
YPR183W	YDL226C
YPR183W	YDR311W
YPR183W	YOR285W
YDR284C	YBR298C
YDR284C	YPL147W
YLL008W	YNL061W
YLL008W	YPL043W
YLL008W	YDL213C
YLL008W	YKR081C
YLL008W	YHR066W
YAL026C	YPL146C
YOR264W	YMR192W
YOR264W	YBR193C
YOR264W	YHR039C
YOR264W	YKR090W
YOR264W	YIL060W
YOR264W	YJL055W
YOR264W	YJL215C
YOR264W	YOR324C
YMR276W	YOR117W
YMR276W	YIL148W
YMR276W	YDL190C
YIR010W	YLR202C
YGL043W	YJR132W
YGL043W	YDL140C
YDL101C	YPL269W
YDL101C	YBR205W
YDL101C	YMR105C
YDL101C	YER173W
YDL101C	YPL153C
YDL101C	YDR217C
YDL101C	YER125W
YDL101C	YML058W
YDL101C	YOR332W
YDL101C	YDR051C
YDL101C	YMR226C
YGL061C	YOR157C
YGL061C	YDR529C
YGL061C	YKL145W
YGL061C	YBR156C
YGL061C	YEL051W
YGL061C	YER049W
YGL061C	YGL036W
YKR054C	YDL181W
YKR054C	YHR158C
YKR054C	YFL008W
YKR054C	YMR117C
YKR054C	YER018C
YPR023C	YFL024C
YPR023C	YOR244W
YPR023C	YOL004W
YPR023C	YHR099W
YEL018W	YFL024C
YJR082C	YFL021W
YJR082C	YPR173C
YJR082C	YOL129W
YJR082C	YOL105C
YJR082C	YJR001W
YJR082C	YPR096C
YKL204W	YNL154C
YLR284C	YPL070W
YLR284C	YML064C
YBL001C	YDR510W
YBL001C	YER067W
YAL059W	YGL195W
YJL201W	YBL007C
YLR436C	YDR388W
YLR436C	YMR304W
YBR176W	YLR347C
YBR176W	YPL070W
YBR176W	YGL070C
YBR176W	YML064C
YBR078W	YOL133W
YLR443W	YDL013W
YFR027W	YMR076C
YGL222C	YJR091C
YER035W	YDR318W
YEL015W	YJR140C
YEL015W	YBL026W
YEL015W	YBL061C
YEL015W	YGR116W
YEL015W	YLR082C
YEL015W	YML064C
YEL015W	YOR285W
YBL047C	YOL054W
YBL047C	YPL153C
YBL047C	YNL243W
YBL047C	YCR030C
YBL047C	YDR348C
YAL003W	YML064C
YPL037C	YMR059W
YHR193C	YJR091C
YHR193C	YHR030C
YNL327W	YIL148W
YNL230C	YPL046C
YNL230C	YPL001W
YNL230C	YML056C
YNL230C	YJR091C
YNL230C	YNL132W
YNL230C	YPL004C
YNL230C	YDL014W
YNL230C	YOR017W
YNL230C	YGR086C
YNL230C	YKR081C
YNL230C	YPL012W
YNL230C	YJL141C
YNL230C	YDR381W
YPL046C	YJR052W
YOR144C	YJR068W
YOR144C	YBR087W
YKL048C	YJR113C
YJL196C	YHR110W
YJL196C	YMR058W
YJL196C	YDR331W
YJL196C	YIL048W
YJL196C	YJR117W
YJL196C	YLR372W
YJL196C	YGR260W
YJL196C	YDL015C
YJL196C	YBR159W
YJL196C	YDR307W
YJL196C	YHR140W
YGR200C	YPL101W
YGR200C	YMR312W
YGR200C	YNL078W
YGR200C	YJR127C
YPL101W	YMR312W
YMR312W	YLR327C
YGL200C	YAR002C-A
YGL200C	YAL007C
YGL200C	YOR016C
YGL200C	YHR110W
YGL200C	YDL232W
YGL200C	YJL117W
YGL200C	YEL017C-A
YGL200C	YDL147W
YGL200C	YLR208W
YGL200C	YDL195W
YGL200C	YDL212W
YGL200C	YJR117W
YGL200C	YLR372W
YGL200C	YBR069C
YGL200C	YGR138C
YGL200C	YDL015C
YGL200C	YBR159W
YGL200C	YDR107C
YGL200C	YGL051W
YGL200C	YHR140W
YDR039C	YBR183W
YBR247C	YNL075W
YBR247C	YNL132W
YBR247C	YCL059C
YBR247C	YOR056C
YBR247C	YDL014W
YBR247C	YCR057C
YBR247C	YOL010W
YBR247C	YPL012W
YBR247C	YLR180W
YBR247C	YGR081C
YBR247C	YLL011W
YBR247C	YNL244C
YBR247C	YDL060W
YBR247C	YBL004W
YDL161W	YLR116W
YFL024C	YOR244W
YFL024C	YHR099W
YDR414C	YBL040C
YDR414C	YFL041W
YDR414C	YJL133W
YDR414C	YKL120W
YDR414C	YCR024C-A
YDR414C	YEL017C-A
YDR414C	YNR026C
YDR414C	YLR026C
YDR414C	YLR372W
YDR414C	YGL104C
YDR414C	YBR159W
YDR414C	YCR100C
YDR414C	YHL042W
YDR414C	YLL023C
YDR414C	YML038C
YDR414C	YER005W
YDR414C	YOL075C
YDR414C	YGL259W
YBL040C	YDR331W
YBL040C	YOL020W
YBL040C	YPR156C
YLR246W	YOL110W
YLR246W	YJR146W
YPL028W	YBR055C
YPL028W	YPR165W
YPL028W	YNL244C
YPL028W	YGR223C
YHR007C	YDR331W
YHR007C	YKL008C
YHR007C	YKL201C
YHR007C	YJR117W
YHR007C	YKR050W
YML126C	YJR091C
YML126C	YIL094C
YML126C	YLR180W
YML126C	YMR059W
YJL167W	YBR055C
YJL167W	YNL244C
YMR202W	YJR091C
YLR056W	YLR292C
YLR056W	YLR034C
YLR056W	YBR159W
YHR190W	YIR038C
YHR190W	YMR153W
YHR190W	YLR453C
YAR002C-A	YAL007C
YAR002C-A	YJR091C
YAL007C	YHR110W
YAL007C	YMR290C
YAL007C	YDL054C
YAL007C	YJL117W
YAL007C	YHR026W
YAL007C	YDR087C
YAL007C	YHR140W
YAL007C	YBR183W
YOR016C	YHR110W
YOR016C	YMR058W
YOR016C	YGR191W
YOR016C	YDL054C
YOR016C	YML123C
YOR016C	YHR026W
YOR016C	YPR198W
YOR016C	YBR069C
YOR016C	YGR260W
YOR016C	YPR156C
YOR016C	YDL015C
YOR016C	YGL104C
YOR016C	YDR307W
YOR016C	YHL042W
YOR016C	YHR140W
YOR016C	YBR183W
YHR110W	YCR098C
YHR110W	YLR372W
YHR110W	YBR069C
YHR110W	YGR260W
YHR110W	YBR159W
YCR075C	YDR456W
YOR244W	YHR099W
YOR244W	YML007W
YOR244W	YKR021W
YOR244W	YHR090C
YDR363W	YDL042C
YOL017W	YBR245C
YOL017W	YDL042C
YDR365C	YDL051W
YDR365C	YCR057C
YDR365C	YKR081C
YDR365C	YDR102C
YDR365C	YJL207C
YDR365C	YDR381W
YJR017C	YNL014W
YJR017C	YDR343C
YJR017C	YLR106C
YJR017C	YGR253C
YJR017C	YIL021W
YJR017C	YDL140C
YJR017C	YGR186W
YJR017C	YHR033W
YLR300W	YOL126C
YJL085W	YDR388W
YJL085W	YLR247C
YNL023C	YMR224C
YDL166C	YCL059C
YDL166C	YLR208W
YDL166C	YLR222C
YNL127W	YKL152C
YNL127W	YGL251C
YNL127W	YLR044C
YNL127W	YKR055W
YNL127W	YLR371W
YJL157C	YBL026W
YJL157C	YDR394W
YJL157C	YMR304W
YJL157C	YEL016C
YLR377C	YML121W
YLR377C	YLR347C
YLR377C	YML064C
YMR058W	YDR331W
YMR058W	YGL084C
YMR058W	YKL189W
YMR058W	YKL008C
YMR058W	YJL117W
YMR058W	YDL212W
YMR058W	YER022W
YMR058W	YLR372W
YMR058W	YPL234C
YMR058W	YBR159W
YMR058W	YGL051W
YMR058W	YHR140W
YMR058W	YOL003C
YMR058W	YOR161C
YMR319C	YNL061W
YMR319C	YJL128C
YMR319C	YLR248W
YMR319C	YJL164C
YMR319C	YLR222C
YMR319C	YBL036C
YMR319C	YGR173W
YMR319C	YLR238W
YFL041W	YOL044W
YFL041W	YML123C
YFL041W	YJL117W
YFL041W	YGR260W
YFL041W	YPR156C
YFL041W	YHL042W
YFL041W	YBR183W
YIL065C	YJR091C
YIL065C	YLR292C
YNL068C	YBL002W
YNL068C	YMR043W
YNL068C	YOL004W
YIL134W	YDR532C
YMR020W	YPL244C
YML074C	YER133W
YLL043W	YDR468C
YLL043W	YBR159W
YLR214W	YMR026C
YLR214W	YMR054W
YLR214W	YKR104W
YLR214W	YER005W
YKL220C	YDR508C
YOR384W	YGL181W
YOL152W	YFL049W
YCL026C-A	YGL213C
YCL026C-A	YLR177W
YHR049W	YJR091C
YER145C	YDR456W
YER145C	YDR307W
YAL035W	YBR084W
YAL035W	YDL014W
YAL035W	YIR001C
YAL022C	YJR117W
YAL022C	YBR159W
YAL022C	YGL132W
YAL022C	YHR140W
YAL019W	YJL124C
YAL019W	YBR084W
YAL019W	YBL088C
YNR002C	YOR130C
YBR021W	YHR042W
YBL016W	YHR005C
YBL016W	YGL178W
YBL016W	YGL158W
YBL016W	YLR362W
YBL016W	YDR103W
YBL016W	YGL057C
YIL097W	YCL039W
YIL097W	YOR117W
YNL133C	YLR453C
YGR196C	YGR253C
YDR140W	YIL151C
YMR250W	YJL124C
YDR009W	YOL133W
YPL248C	YOR358W
YPL248C	YOR259C
YPL248C	YGL048C
YPL248C	YER022W
YPL248C	YGR104C
YPL248C	YBR253W
YPL248C	YPL042C
YER027C	YGL208W
YKR039W	YDR331W
YKR039W	YDL212W
YKR039W	YBR159W
YKR039W	YGL051W
YHR089C	YDL051W
YHR089C	YBR084W
YHR089C	YDL014W
YHR089C	YNL061W
YHR089C	YPL043W
YHR089C	YDL213C
YHR089C	YMR239C
YHR089C	YPL012W
YHR089C	YGL049C
YHR089C	YBL004W
YFL021W	YGL011C
YIR013C	YJL102W
YCL011C	YDR138W
YCL011C	YDL213C
YCL011C	YNL253W
YCL011C	YHR167W
YCL011C	YDR120C
YCL011C	YDR381W
YER025W	YOR260W
YER025W	YDR211W
YER025W	YBL026W
YER025W	YER146W
YER025W	YDL059C
YER025W	YNL312W
YER025W	YPR110C
YER025W	YMR117C
YER025W	YML064C
YOR260W	YDR211W
YOR260W	YNL265C
YOR260W	YPL070W
YOR260W	YLR044C
YOR260W	YML095C
YOR260W	YPL237W
YDR211W	YNL265C
YDR211W	YAL009W
YDR211W	YPL237W
YGL195W	YOL133W
YGL195W	YNL132W
YGL195W	YNL323W
YGL195W	YAL029C
YGL195W	YDL052C
YGL195W	YDL193W
YEL009C	YPL038W
YEL009C	YER022W
YEL009C	YPL042C
YEL009C	YBR198C
YEL009C	YMR236W
YEL009C	YHR145C
YPL075W	YNL216W
YDL226C	YPR113W
YDL226C	YDL153C
YDL226C	YOR327C
YDL226C	YOL129W
YDL226C	YEL064C
YDL226C	YGL161C
YOR120W	YBR055C
YEL042W	YEL017W
YEL042W	YPR193C
YEL042W	YBR161W
YEL042W	YJL152W
YOR375C	YJL124C
YER136W	YFL005W
YER136W	YLR362W
YER136W	YGL210W
YER136W	YKR014C
YER136W	YLR262C
YKL104C	YDR062W
YKL104C	YER095W
YKL104C	YPR110C
YKL104C	YHR200W
YKL104C	YDR170C
YKL104C	YDR311W
YKL104C	YGL081W
YKL104C	YKL161C
YKL104C	YNL313C
YCL036W	YDR388W
YDR309C	YDR116C
YDR309C	YOR127W
YDR309C	YGR207C
YDR309C	YKL082C
YDR309C	YMR273C
YCL039W	YMR135C
YCL039W	YDR342C
YCL039W	YGL227W
YMR135C	YPL153C
YNL153C	YLR212C
YNL153C	YDR207C
YEL003W	YML094W
YML094W	YLR212C
YDR507C	YKR048C
YDR507C	YOL069W
YDR507C	YDR201W
YER054C	YER133W
YML006C	YLR096W
YCR098C	YJL184W
YER133W	YFR015C
YER133W	YJL033W
YER133W	YHR158C
YER133W	YJL042W
YER133W	YKL059C
YER133W	YLR134W
YER133W	YAL043C
YER133W	YLR263W
YER133W	YBR050C
YER133W	YOR329C
YER133W	YKL193C
YER133W	YBL007C
YER133W	YOL091W
YER133W	YPL237W
YER133W	YKL018W
YER133W	YHR100C
YER107C	YHL008C
YER040W	YGL181W
YER122C	YJL030W
YER122C	YJR132W
YER122C	YDR238C
YGR256W	YMR059W
YDR508C	YOR123C
YDR508C	YIL114C
YDR508C	YDL212W
YDR508C	YLR373C
YDR508C	YBR159W
YDR508C	YMR279C
YJL184W	YPL174C
YJL184W	YOR117W
YHL031C	YLR026C
YHR005C	YER020W
YHR005C	YLR452C
YHR005C	YLR362W
YHR005C	YIL148W
YER020W	YOR371C
YER020W	YAL056W
YER020W	YNL037C
YER020W	YPL036W
YDR331W	YDR343C
YDR331W	YKL008C
YDR331W	YDR456W
YDR331W	YJL117W
YDR331W	YCR024C-A
YDR331W	YLR018C
YDR331W	YHR026W
YDR331W	YJR117W
YDR331W	YLR372W
YDR331W	YDL015C
YDR331W	YGL104C
YDR331W	YAL018C
YDR331W	YBR159W
YDR331W	YGL051W
YDR331W	YHR140W
YDR331W	YOL003C
YDR331W	YBR183W
YKL152C	YKL129C
YKL152C	YMR109W
YDR517W	YGL237C
YBR121C	YBR055C
YBR121C	YNL244C
YFR015C	YOR047C
YFR015C	YGL081W
YML121W	YGR163W
YGR163W	YPL235W
YGR163W	YGL207W
YGR163W	YGR203W
YGL181W	YBR138C
YGL181W	YBR272C
YGL181W	YLL019C
YGL181W	YDR034C
YGL181W	YIL122W
YGL181W	YIL052C
YGL181W	YDR388W
YGL181W	YKR028W
YGL181W	YER047C
YGL181W	YBL007C
YGL181W	YOR333C
YGL181W	YER063W
YGL181W	YJL141C
YGL181W	YAL004W
YGL181W	YGR241C
YGL181W	YDL233W
YGL181W	YHR177W
YGL181W	YIL057C
YGL181W	YOR331C
YGL181W	YHR016C
YIR038C	YEL017W
YIR038C	YGR191W
YIR038C	YLR026C
YIR038C	YER022W
YIR038C	YDR120C
YIR038C	YPL020C
YIR038C	YGL225W
YIR038C	YDL089W
YIR038C	YGR149W
YIR038C	YJL097W
YEL017W	YPL244C
YEL017W	YOL020W
YEL017W	YDR120C
YLR289W	YOL133W
YLR289W	YPL170W
YGL084C	YJR091C
YGL084C	YHL042W
YMR192W	YDR388W
YMR192W	YHR016C
YJL044C	YMR218C
YGL237C	YOR358W
YGL237C	YKR048C
YGL237C	YJR132W
YGL237C	YER126C
YGL237C	YMR153W
YGL237C	YEL055C
YGL237C	YKR028W
YGL237C	YOR047C
YGL237C	YGR146C
YGL237C	YNL063W
YGL237C	YDR381W
YKL109W	YOR358W
YOR358W	YGR236C
YOR358W	YOR047C
YMR290C	YJL033W
YMR290C	YKL103C
YMR290C	YNL061W
YMR290C	YPL043W
YMR290C	YDL213C
YMR290C	YER126C
YMR290C	YKR081C
YMR290C	YHR066W
YMR290C	YML064C
YPL001W	YEL056W
YPL001W	YBR272C
YPL001W	YBL023C
YEL056W	YBR272C
YKR084C	YLR456W
YJL033W	YDL014W
YJL033W	YNL317W
YJL033W	YAL043C
YJL033W	YGR156W
YJL033W	YNL016W
YJL033W	YCR057C
YJL033W	YLR197W
YNL021W	YDR295C
YNL021W	YPR179C
YNL021W	YHL006C
YNL021W	YCR084C
YDR295C	YGL086W
YDR295C	YJR112W
YDR295C	YOL069W
YDR295C	YDR150W
YDR295C	YMR117C
YNL014W	YJR068W
YNL014W	YMR059W
YOR176W	YDR499W
YOR176W	YDL134C
YOR176W	YGR123C
YOR176W	YHR062C
YOR176W	YER071C
YDL013W	YJR091C
YDL013W	YJL124C
YDL013W	YDL030W
YDL013W	YER116C
YDL013W	YDR510W
YDL013W	YLR006C
YMR207C	YBL026W
YPL127C	YPL153C
YBR010W	YDR225W
YBR010W	YKL103C
YBR010W	YJL168C
YBR010W	YCR084C
YGR191W	YDL212W
YGR191W	YJR117W
YGR191W	YLR372W
YGR191W	YBR159W
YGR191W	YHL042W
YOR038C	YDR225W
YOR038C	YOR290C
YJR140C	YNL312W
YJR140C	YML058W
YBR248C	YOL102C
YML075C	YHR079C
YML075C	YLR372W
YML075C	YGR260W
YML075C	YGL104C
YML075C	YBR159W
YML075C	YNR009W
YCL066W	YBL002W
YCL066W	YJR091C
YCL066W	YMR043W
YCL066W	YLR288C
YBR034C	YNL078W
YBR034C	YPR132W
YBR034C	YGR181W
YLR205C	YJR091C
YJR075W	YDR034C
YJR075W	YLR026C
YMR032W	YER047C
YMR032W	YLR337C
YMR032W	YGR250C
YMR032W	YOR324C
YJR139C	YDR388W
YER062C	YDL059C
YER062C	YML058W
YER062C	YPL201C
YGL194C	YIL112W
YGL194C	YKR029C
YGL194C	YBR103W
YGL194C	YMR273C
YIL112W	YKR029C
YIL112W	YBR103W
YIL112W	YMR273C
YPR193C	YPL070W
YPR193C	YML064C
YEL066W	YLR347C
YEL066W	YPL070W
YEL066W	YPL112C
YEL066W	YML064C
YDR138W	YBR279W
YDR138W	YDL140C
YOL133W	YEL034W
YOL133W	YNL037C
YOL133W	YLR106C
YOL133W	YJL102W
YOL133W	YPR164W
YOL133W	YPL036W
YOL133W	YOR341W
YOL133W	YJL047C
YOL133W	YDR328C
YOL133W	YBR126C
YOL133W	YIL148W
YOL133W	YLL040C
YOL133W	YJL141C
YOL133W	YNL160W
YOR311C	YDL049C
YOR311C	YLR268W
YHL002W	YMR109W
YHL002W	YBR279W
YHL002W	YNL015W
YHL002W	YOR076C
YHL002W	YCL008C
YHL002W	YIL148W
YHL002W	YIL156W
YHL002W	YNR006W
YHL002W	YNR005C
YMR288W	YOR159C
YMR288W	YFL017W-A
YMR288W	YPR182W
YMR288W	YBR152W
YKL101W	YNL132W
YBR272C	YEL034W
YBR272C	YPR103W
YBR272C	YOL054W
YBR272C	YFR052W
YBR272C	YER021W
YBR272C	YDL007W
YBR272C	YDR394W
YBR272C	YOR117W
YBR272C	YGL048C
YBR072W	YML064C
YDR533C	YJR091C
YDR533C	YMR010W
YDR171W	YML065W
YDR171W	YNL216W
YDR171W	YBR069C
YDR225W	YGL241W
YDR225W	YNL308C
YDR225W	YKR048C
YDR225W	YPL043W
YDR225W	YDR243C
YDR225W	YOL054W
YDR225W	YPR190C
YDR225W	YHL001W
YDR225W	YOR116C
YDR225W	YGL207W
YDR225W	YER022W
YDR225W	YLR222C
YDR225W	YLR247C
YBL002W	YOL108C
YBL002W	YBR245C
YBL002W	YGL241W
YBL002W	YKR048C
YBL002W	YDL213C
YBL002W	YOL054W
YBL002W	YBR114W
YBL002W	YHR197W
YBL002W	YPR010C
YBL002W	YPR190C
YBL002W	YOR116C
YBL002W	YKR001C
YBL002W	YGR067C
YBL002W	YNL157W
YPR033C	YFR004W
YOL012C	YLR288C
YOL012C	YJL019W
YOL012C	YKR048C
YOL012C	YBR114W
YGL168W	YLR288C
YER039C	YGL070C
YER039C	YOR297C
YFL011W	YJL222W
YMR011W	YGL051W
YHR092C	YLR292C
YDR343C	YOL100W
YDR343C	YER125W
YDR343C	YKL193C
YDR343C	YNL032W
YDR343C	YBL036C
YDR342C	YNL323W
YDR342C	YDR034C
YDR342C	YOL100W
YDR342C	YLR340W
YDR342C	YBL036C
YJL219W	YBR159W
YKL189W	YKL010C
YEL034W	YOL069W
YEL034W	YBR055C
YEL034W	YLR340W
YEL034W	YDR394W
YEL034W	YOR043W
YEL034W	YMR284W
YBR157C	YGL070C
YNL037C	YDR388W
YNL037C	YHR030C
YNL215W	YJR091C
YLR052W	YDL002C
YBL076C	YBR055C
YBL076C	YPR110C
YBL076C	YNL244C
YBL076C	YLR016C
YCL009C	YLR288C
YAR073W	YDL213C
YAR073W	YLR383W
YAR073W	YOL115W
YHR216W	YLR347C
YML056C	YLR383W
YML056C	YOL115W
YJL106W	YJR091C
YJL106W	YDR212W
YJL082W	YLR014C
YBR107C	YDR318W
YBR107C	YGL070C
YMR150C	YGR260W
YMR150C	YHR078W
YNL075W	YCR057C
YDL181W	YDR318W
YDL181W	YAL011W
YHR046C	YPR015C
YOL108C	YOR344C
YOL108C	YDR324C
YHR085W	YLR356W
YNL182C	YHR197W
YDR315C	YJR117W
YHR079C	YDR532C
YER180C	YGL070C
YER180C	YGL026C
YPL040C	YJL100W
YNL265C	YPL237W
YNL265C	YGR194C
YBR245C	YLR163C
YBR245C	YDL002C
YBR245C	YPR110C
YBR245C	YLR357W
YBR245C	YLR033W
YBR245C	YCR052W
YBR245C	YFR037C
YBR245C	YOL004W
YBR245C	YKR001C
YJR050W	YJR091C
YJR050W	YPL213W
YJR050W	YDR416W
YJR050W	YGR129W
YJR050W	YLR297W
YDL115C	YIL021W
YLR331C	YER022W
YMR294W	YPR083W
YMR294W	YPL174C
YMR294W	YOL069W
YMR294W	YGR119C
YMR294W	YDR311W
YMR294W	YGR294W
YJR091C	YJL034W
YJR091C	YDR439W
YJR091C	YPL004C
YJR091C	YPR188C
YJR091C	YLR035C
YJR091C	YPR047W
YJR091C	YDR268W
YJR091C	YAL034W-A
YJR091C	YBR066C
YJR091C	YER058W
YJR091C	YLR191W
YJR091C	YOR122C
YJR091C	YML123C
YJR091C	YDR313C
YJR091C	YHR026W
YJR091C	YPR178W
YJR091C	YKL076C
YJR091C	YOR265W
YJR091C	YLR248W
YJR091C	YLR059C
YJR091C	YFL047W
YJR091C	YGL171W
YJR091C	YDR156W
YJR091C	YKL144C
YJR091C	YDL147W
YJR091C	YOR116C
YJR091C	YLR333C
YJR091C	YDR175C
YJR091C	YER125W
YJR091C	YOR014W
YJR091C	YJL047C
YJR091C	YDR389W
YJR091C	YGL229C
YJR091C	YER019C-A
YJR091C	YGR049W
YJR091C	YLR292C
YJR091C	YAR008W
YJR091C	YNL032W
YJR091C	YDL052C
YJR091C	YER029C
YJR091C	YDR510W
YJR091C	YBR152W
YJR091C	YLR092W
YJR091C	YGR144W
YJR091C	YER063W
YJR091C	YOL072W
YJR091C	YBR067C
YJR091C	YLR386W
YJR091C	YHR060W
YJR091C	YLR322W
YJR091C	YGL225W
YJR091C	YMR197C
YJR091C	YJR133W
YJR091C	YGR241C
YJR091C	YAR030C
YJR091C	YBR014C
YJR091C	YBR161W
YJR091C	YBR174C
YJR091C	YCL005W
YJR091C	YCL045C
YJR091C	YCR087C-A
YJR091C	YDL046W
YJR091C	YDR438W
YJR091C	YDR474C
YJR091C	YEL008W
YJR091C	YGL046W
YJR091C	YGL069C
YJR091C	YGL204C
YJR091C	YGL217C
YJR091C	YGR018C
YJR091C	YGR263C
YJR091C	YGR269W
YJR091C	YGR294W
YJR091C	YIL060W
YJR091C	YIL137C
YJR091C	YIR003W
YJR091C	YJL107C
YJR091C	YJR038C
YJR091C	YJR119C
YJR091C	YKL160W
YJR091C	YKR040C
YJR091C	YKR087C
YJR091C	YKR105C
YJR091C	YLL030C
YJR091C	YLR269C
YJR091C	YLR379W
YJR091C	YLR392C
YJR091C	YMR160W
YJR091C	YMR187C
YJR091C	YMR253C
YJR091C	YMR293C
YJR091C	YNL105W
YJR091C	YNL109W
YJR091C	YNL144C
YJR091C	YNL171C
YJR091C	YNL176C
YJR091C	YNL266W
YJR091C	YNR071C
YJR091C	YOL101C
YJR091C	YOR114W
YJR091C	YPL052W
YJR091C	YPL088W
YJR091C	YPL159C
YJR091C	YPR050C
YJR091C	YPR096C
YJR091C	YPR114W
YJR091C	YPR130C
YJR091C	YIL063C
YJR091C	YNL241C
YGL241W	YKR048C
YLR347C	YNL323W
YLR347C	YIL149C
YLR347C	YKR048C
YLR347C	YLR328W
YLR347C	YDL213C
YLR347C	YER009W
YLR347C	YGL092W
YLR347C	YLR335W
YLR347C	YGR119C
YLR347C	YAR002W
YLR347C	YER023W
YLR347C	YDL055C
YLR347C	YPL153C
YLR347C	YPR018W
YLR347C	YDR418W
YLR347C	YGL175C
YLR347C	YBR103W
YLR347C	YPL124W
YLR347C	YGR144W
YLR347C	YER011W
YLR347C	YDR353W
YLR347C	YML007W
YLR347C	YKL067W
YLR347C	YMR273C
YJL034W	YMR297W
YMR065W	YLR116W
YMR065W	YGR059W
YMR065W	YLR454W
YHR158C	YLR096W
YHR158C	YOR269W
YHR158C	YLR453C
YHR158C	YLR452C
YHR158C	YOR047C
YHR158C	YAL011W
YHR158C	YMR181C
YNL238W	YDL212W
YNL238W	YLR372W
YIL125W	YDR148C
YIL125W	YPL213W
YIL125W	YFL018C
YIL125W	YDL147W
YIL125W	YML064C
YDR148C	YFL018C
YDR148C	YPL070W
YDR148C	YDR388W
YDR148C	YLR180W
YDR148C	YDR510W
YDR148C	YKL010C
YDL108W	YGL134W
YDL108W	YDL140C
YDL108W	YDR460W
YLR096W	YPR159W
YLR096W	YNR052C
YLR096W	YHR030C
YCR091W	YNR047W
YKL168C	YLR012C
YDL049C	YBR226C
YLL019C	YOL054W
YLL019C	YBR126C
YHR186C	YHR082C
YHR186C	YKL193C
YDR532C	YER022W
YNL132W	YCL059C
YNL132W	YPL043W
YNL132W	YDL213C
YNL132W	YCR057C
YNL132W	YLL011W
YNL132W	YOL102C
YOR336W	YER022W
YPR159W	YDL147W
YPR159W	YBL007C
YPR159W	YFR042W
YJL174W	YOR194C
YNL308C	YCL059C
YNL308C	YDL213C
YNL308C	YEL017C-A
YNL308C	YPR110C
YNL308C	YMR236W
YNL308C	YIL105C
YCL059C	YGL201C
YCL059C	YDL014W
YCL059C	YDL213C
YCL059C	YCR057C
YCL059C	YLR197W
YCL059C	YLL011W
YCL059C	YBL004W
YCL059C	YLR409C
YCL059C	YDR324C
YBR205W	YDR170C
YBR205W	YBL007C
YBR205W	YHR016C
YKL008C	YJL117W
YKL008C	YBR283C
YKL008C	YLR372W
YKL008C	YML064C
YKL008C	YGR260W
YKL008C	YDL015C
YKL008C	YBR159W
YKL008C	YMR298W
YKL103C	YAL034W-A
YKL103C	YGR119C
YKL103C	YML064C
YKL103C	YDR311W
YKL103C	YOR332W
YKR063C	YLR403W
YDR062W	YIL094C
YDR062W	YLR180W
YDR062W	YDR502C
YDR062W	YHR020W
YDR499W	YBR136W
YDR499W	YCL028W
YPL213W	YOR159C
YPL213W	YFL017W-A
YPL213W	YPR182W
YPL213W	YBR152W
YNL323W	YJR132W
YNL323W	YDR212W
YNL323W	YHR199C
YOR123C	YDR456W
YOR123C	YBR279W
YOR123C	YKL145W
YOR123C	YGL244W
YOR108W	YDR455C
YDL051W	YNL016W
YLR011W	YLR288C
YFL018C	YJR051W
YFL018C	YGL063W
YFL018C	YDR388W
YDL240W	YPR165W
YNR008W	YMR059W
YHR081W	YOR001W
YGR136W	YER125W
YGR136W	YBR108W
YGR136W	YIL108W
YFR024C-A	YBL007C
YFR024C-A	YMR304W
YGL099W	YBR084W
YGL099W	YBR267W
YJL124C	YBL026W
YJL124C	YER146W
YJL124C	YOR147W
YJL124C	YMR080C
YJL124C	YIL048W
YJL124C	YCR024C-A
YJL124C	YJR143C
YJL124C	YPL152W
YJL124C	YBR214W
YJL124C	YNL032W
YJL124C	YGL207W
YJL124C	YLR362W
YJL124C	YPL016W
YJL124C	YML088W
YJL124C	YER028C
YJL124C	YLR003C
YJL124C	YNL276C
YJL124C	YDR002W
YBL026W	YER146W
YBL026W	YIL048W
YBL026W	YOR017W
YBL026W	YLR039C
YBL026W	YOR191W
YBL026W	YDR166C
YBL026W	YPR032W
YBL026W	YPL042C
YBL026W	YOL102C
YBL026W	YOR043W
YBL026W	YGL185C
YBL026W	YLR126C
YBL026W	YMR237W
YBL026W	YOL163W
YBL026W	YLR120C
YER146W	YIL048W
YER146W	YIL038C
YER146W	YOR201C
YER146W	YPR178W
YER146W	YBR055C
YER146W	YPR010C
YER146W	YPL152W
YER146W	YDL112W
YER146W	YHL008C
YPL004C	YDR490C
YPL004C	YOL100W
YPL004C	YBR055C
YPL004C	YMR059W
YPL004C	YPL157W
YPL004C	YPL074W
YGR057C	YKL015W
YIL094C	YKR048C
YIL094C	YDR388W
YIL094C	YHR030C
YIL094C	YNL313C
YIL094C	YOR073W
YDR034C	YDL247W
YDR034C	YKR048C
YDR034C	YDL085W
YDR034C	YLR328W
YDR034C	YJL002C
YDR034C	YIL145C
YDR034C	YLR191W
YDR034C	YCR057C
YDR034C	YLR105C
YDR034C	YPL138C
YDR034C	YGL169W
YDR034C	YHR060W
YDR034C	YFR046C
YDR034C	YJL185C
YDR034C	YLR063W
YDR034C	YMR187C
YDR034C	YPL114W
YNR050C	YLR453C
YNR050C	YOR164C
YMR021C	YGR123C
YMR021C	YGR144W
YGL086W	YJL030W
YGL086W	YFL008W
YGL086W	YER018C
YJL030W	YNL218W
YJL030W	YGL229C
YJL013C	YGL229C
YKL029C	YPR054W
YKL029C	YMR090W
YEL053C	YPR051W
YBR298C	YDL212W
YBR298C	YLR372W
YBR298C	YNL121C
YBR298C	YBR159W
YBR298C	YGL051W
YBR298C	YHL042W
YBR298C	YMR279C
YNR017W	YHR005C-A
YNR017W	YJR045C
YNR017W	YGR181W
YNR017W	YPL063W
YDL054C	YHR026W
YDL054C	YDL212W
YDL054C	YLR372W
YDL054C	YBR159W
YDL054C	YDR307W
YDL054C	YER140W
YDL054C	YGL051W
YDL054C	YGR173W
YNL307C	YDL112W
YNL307C	YDR207C
YNL307C	YIL105C
YMR043W	YER022W
YMR043W	YLR082C
YMR043W	YOR088W
YDR318W	YKL089W
YDR318W	YGR179C
YDR318W	YDL061C
YDR318W	YDR328C
YDR318W	YER029C
YDR318W	YHR152W
YDR318W	YDL046W
YDR318W	YDL096C
YDR318W	YDL110C
YDR318W	YDL162C
YDR318W	YDR455C
YDR318W	YER084W
YDR318W	YFL015C
YDR318W	YGL239C
YDR318W	YGR018C
YDR318W	YGR146C
YDR318W	YHL042W
YDR318W	YHR189W
YDR318W	YIL141W
YDR318W	YLL033W
YBL023C	YBR126C
YKL150W	YGL070C
YOL126C	YJR068W
YOL126C	YDL147W
YOL126C	YIL108W
YAL010C	YPL235W
YML104C	YDL030W
YML104C	YPR099C
YLR368W	YDR328C
YLR368W	YHR106W
YLR368W	YJL048C
YLR368W	YPR078C
YPR083W	YGR119C
YLR106C	YPL043W
YLR106C	YDR394W
YGL197W	YBR225W
YBR136W	YPL153C
YBR136W	YPR010C
YBR136W	YBR143C
YLR288C	YJR112W
YLR288C	YBR129C
YLR288C	YKL163W
YLR288C	YOR368W
YLR288C	YPR018W
YLR288C	YPR102C
YLR288C	YGL189C
YLR288C	YHR119W
YLR288C	YHR152W
YLR288C	YER022W
YLR288C	YBR253W
YLR288C	YKR091W
YLR288C	YLR119W
YLR288C	YDR311W
YLR288C	YDR460W
YLR288C	YNL131W
YLR288C	YIL008W
YLR288C	YBR124W
YLR288C	YCR007C
YLR288C	YCR016W
YLR288C	YJL059W
YLR288C	YJR083C
YLR288C	YJR146W
YLR288C	YJR157W
YLR288C	YKL044W
YLR288C	YKL107W
YLR288C	YLL023C
YLR288C	YLR003C
YLR288C	YLR124W
YLR288C	YLR202C
YLR288C	YLR252W
YLR288C	YLR254C
YLR288C	YNL013C
YLR288C	YNL158W
YLR288C	YOL046C
YLR288C	YOR087W
YMR112C	YDL005C
YMR112C	YBL093C
YMR112C	YER022W
YMR112C	YBR253W
YDL005C	YOR174W
YDL005C	YBR193C
YDL005C	YPR168W
YDL005C	YDL153C
YDL005C	YER022W
YDL005C	YGR104C
YDL005C	YBR253W
YDL005C	YCR081W
YDL005C	YDR443C
YDL005C	YPL042C
YDL005C	YML007W
YOR174W	YBL093C
YOR174W	YBR253W
YOR174W	YMR102C
YOR174W	YNL086W
YBR193C	YBL093C
YBR193C	YER022W
YBR193C	YGR104C
YBR193C	YBR253W
YPL121C	YDR146C
YPR138C	YBR067C
YNL210W	YER022W
YNL210W	YDR247W
YKR069W	YKL129C
YKR069W	YMR109W
YIR017C	YJR112W
YIR017C	YNL016W
YIR017C	YFL008W
YIR017C	YLR437C
YOR232W	YMR167W
YOR232W	YGL163C
YOR232W	YCR052W
YOR232W	YJR045C
YOR232W	YML064C
YOR232W	YDR266C
YOR232W	YMR147W
YOR232W	YPL222W
YNL218W	YGR010W
YNL218W	YIL050W
YNL218W	YML064C
YNL218W	YMR102C
YBR084W	YBL024W
YBR084W	YBL035C
YBR084W	YBR143C
YBR084W	YGR285C
YNL076W	YBR126C
YGL106W	YHR023W
YGL106W	YAL029C
YPR188C	YHR023W
YMR167W	YLR035C
YMR167W	YPL164C
YMR167W	YER095W
YLR035C	YDR120C
YLR035C	YMR206W
YPL164C	YPR191W
YKR095W	YBR253W
YIL149C	YFR002W
YBR098W	YBL007C
YBR098W	YHR016C
YPL224C	YLR141W
YHR204W	YER126C
YHR204W	YGL030W
YHR204W	YMR304W
YJR131W	YDR235W
YJR131W	YML064C
YKL059C	YNL317W
YKL059C	YAL043C
YKL059C	YGR156W
YKL059C	YKL018W
YKL059C	YGL049C
YKL059C	YOR344C
YJL019W	YOL104C
YGL178W	YNR052C
YGL178W	YLR452C
YDL202W	YER009W
YDL202W	YER022W
YLR312W-A	YJL041W
YNL252C	YOR344C
YDR116C	YJL041W
YMR024W	YJL041W
YHR147C	YBL093C
YJL063C	YJL041W
YJL063C	YHL024W
YDR337W	YDL195W
YDR337W	YDR311W
YHR005C-A	YDL217C
YOR334W	YER022W
YJL133W	YGL104C
YKL009W	YNL061W
YKL009W	YER126C
YPR047W	YMR147W
YKR030W	YBL007C
YKR030W	YHR016C
YBR195C	YHR004C
YBR195C	YPR018W
YBR195C	YKR029C
YLR116W	YML046W
YLR116W	YKL012W
YLR116W	YBR172C
YLR116W	YPL016W
YLR116W	YPL105C
YGR028W	YLR067C
YDR268W	YLR453C
YDL044C	YDL030W
YDL044C	YLR386W
YGL236C	YPL179W
YGL236C	YIL057C
YOR160W	YIL115C
YOR160W	YGR119C
YOR160W	YOL004W
YPL070W	YGR010W
YPL070W	YER023W
YPL070W	YDR394W
YPL070W	YDR502C
YPL070W	YPL124W
YPL070W	YML064C
YNR043W	YCR057C
YHR023W	YAL029C
YHR023W	YGR059W
YHR023W	YPR032W
YKL129C	YMR109W
YKL129C	YBL093C
YKL129C	YDR388W
YKL129C	YIL156W
YKL129C	YLR337C
YAL029C	YBR081C
YMR109W	YBL093C
YMR109W	YDR388W
YMR109W	YIL156W
YMR109W	YLR337C
YML117W	YNL016W
YMR080C	YLR363C
YMR080C	YJR132W
YMR080C	YNL016W
YMR080C	YDL147W
YMR080C	YOR076C
YMR080C	YBR143C
YKR048C	YNL078W
YKR048C	YJR045C
YKR048C	YOL115W
YKR048C	YBR203W
YKR048C	YOL070C
YKR048C	YDR381W
YKR048C	YDR002W
YGR232W	YHR200W
YGR232W	YKL145W
YGR232W	YDR394W
YGR232W	YGL048C
YGR232W	YNL244C
YPR155C	YBR162C
YHR042W	YBR044C
YHR042W	YHR140W
YML031W	YGR010W
YML031W	YMR153W
YML031W	YPR021C
YHR004C	YAL009W
YJL076W	YPR010C
YJL076W	YOR341W
YJL076W	YDL153C
YJL076W	YKL193C
YJL076W	YDL042C
YOL042W	YER022W
YMR285C	YPR110C
YBR212W	YDL167C
YDL002C	YLR357W
YDL002C	YFR037C
YDL002C	YPL235W
YDL002C	YKR001C
YDR456W	YIR022W
YDR456W	YLR372W
YDR456W	YKR050W
YDR456W	YHL042W
YDR456W	YIL171W
YFR002W	YJL041W
YFR002W	YMR153W
YFR002W	YGR119C
YFR002W	YMR129W
YPL174C	YPR165W
YPL174C	YIL144W
YNL078W	YNR012W
YNL078W	YOL070C
YLR351C	YOR327C
YLR315W	YLR453C
YLR328W	YGR010W
YLR328W	YML064C
YJR132W	YIL115C
YJR132W	YDL193W
YJR112W	YOL069W
YJR112W	YDR150W
YJR112W	YOR269W
YJR112W	YFL008W
YJR112W	YGL093W
YJR112W	YIL144W
YOR056C	YOL054W
YOR056C	YDL060W
YOR206W	YNL061W
YOR206W	YPL043W
YOR206W	YDL213C
YOR206W	YER126C
YOR206W	YLR453C
YOR206W	YKR081C
YOR206W	YHR066W
YDL014W	YNL061W
YDL014W	YPL043W
YDL014W	YCR057C
YDL014W	YOL010W
YDL014W	YLR197W
YDL014W	YLL011W
YDL014W	YOL102C
YNL061W	YPL043W
YNL061W	YDL213C
YNL061W	YER126C
YNL061W	YML123C
YNL061W	YOR191W
YNL061W	YKR081C
YNL061W	YDR087C
YNL061W	YLR197W
YNL061W	YHR066W
YPL043W	YHR073W
YPL043W	YPL012W
YPL043W	YLR197W
YPL043W	YHR066W
YPL043W	YBR143C
YPL043W	YBL004W
YDL213C	YDR432W
YDL213C	YOR017W
YDL213C	YEL055C
YDL213C	YCR057C
YDL213C	YKR081C
YDL213C	YPL012W
YDL213C	YKL193C
YDL213C	YHR099W
YDL213C	YDL060W
YDL213C	YJR041C
YDL213C	YBL004W
YDL213C	YGL068W
YDL213C	YDR381W
YIL038C	YLR044C
YIL038C	YNR052C
YIL038C	YLR180W
YIL038C	YDR381W
YJR072C	YER173W
YJR072C	YBR198C
YJR072C	YLR243W
YDR432W	YBL017C
YDR432W	YNL016W
YDR432W	YIR001C
YEL062W	YDR128W
YEL062W	YOR138C
YNL251C	YNL016W
YDL167C	YNL016W
YER126C	YHR197W
YER126C	YER083C
YER126C	YKR081C
YJL041W	YER009W
YJL041W	YIL115C
YJL041W	YGR119C
YJL041W	YDR159W
YBR188C	YGL070C
YBR188C	YDR416W
YER009W	YGL092W
YER009W	YLR335W
YER009W	YMR059W
YER009W	YIL063C
YPR031W	YBR266C
YJL208C	YKR079C
YOL069W	YDR150W
YOL069W	YGR119C
YOL069W	YFL008W
YOL069W	YDR201W
YOL069W	YPL124W
YOL069W	YKL042W
YOL069W	YIL144W
YOL069W	YEL043W
YOL069W	YNL086W
YDR150W	YDR201W
YDR150W	YDR247W
YKL057C	YGL092W
YKL057C	YGR119C
YKL057C	YLR208W
YKL057C	YNR012W
YGL092W	YMR153W
YGL092W	YGR119C
YGL092W	YLR208W
YGL092W	YHR036W
YLR335W	YGR119C
YLR335W	YAR002W
YLR335W	YGL044C
YLR335W	YGL097W
YMR153W	YJL117W
YMR153W	YMR129W
YMR153W	YGL044C
YMR153W	YGL170C
YMR153W	YML064C
YMR153W	YOL018C
YMR153W	YOL129W
YMR153W	YGL104C
YMR153W	YDR307W
YMR153W	YML125C
YMR153W	YMR298W
YGR119C	YGL170C
YGR119C	YDR416W
YGR119C	YMR236W
YGR119C	YEL043W
YAR002W	YGL097W
YPR168W	YBL093C
YPR168W	YBR253W
YPR168W	YPL276W
YLR093C	YGL006W
YLR093C	YMR197C
YLR093C	YKL196C
YKL120W	YER158C
YGL038C	YGL055W
YGR179C	YDR103W
YGL055W	YDL093W
YGL055W	YBR159W
YJR073C	YJL047C
YBR129C	YDL059C
YML065W	YHR118C
YML065W	YKR101W
YHR073W	YHR152W
YJL002C	YOR103C
YJL002C	YOR085W
YJL002C	YDL232W
YJL002C	YGL226C-A
YJL002C	YLR208W
YJL002C	YGL022W
YJL002C	YDL015C
YOR103C	YOR085W
YOR103C	YDL232W
YOR103C	YGL226C-A
YOR103C	YGL022W
YOR085W	YDL232W
YOR085W	YGL226C-A
YOR085W	YGL022W
YOR085W	YJL222W
YDL232W	YGL226C-A
YDL232W	YHR026W
YDL232W	YGL022W
YDL232W	YLR372W
YDL232W	YGR260W
YDL232W	YDL015C
YGL226C-A	YGL022W
YER154W	YNR003C
YER154W	YOR121C
YOR269W	YKL127W
YOR269W	YAL011W
YOR269W	YLR254C
YBR279W	YDL140C
YBR279W	YKL145W
YBR279W	YGL244W
YBR279W	YGL207W
YBR279W	YGR104C
YER129W	YIL144W
YDR251W	YPL057C
YEL049W	YOR159C
YFL020C	YML038C
YJL128C	YDL006W
YJL128C	YLR362W
YLR151C	YPR066W
YIL071C	YDL216C
YIL071C	YOL117W
YIL071C	YDR311W
YGL134W	YPL031C
YNL289W	YPL031C
YDL127W	YPL031C
YDL127W	YLR453C
YDL127W	YDR388W
YDL127W	YDR146C
YIL050W	YPL031C
YIL050W	YDL224C
YIL050W	YLR190W
YLR044C	YBR114W
YLR044C	YBR069C
YLR134W	YHL006C
YLR134W	YNL244C
YBL005W	YDR388W
YGR193C	YBR114W
YGR193C	YNL121C
YER149C	YDL233W
YER149C	YMR124W
YBL017C	YMR197C
YLR148W	YMR231W
YLR148W	YDL006W
YLR148W	YDR170C
YLR148W	YPL045W
YLR148W	YLR396C
YLR148W	YDR080W
YLR148W	YMR197C
YMR231W	YPL045W
YMR231W	YLR396C
YMR231W	YDR080W
YMR257C	YGR260W
YMR257C	YNL121C
YMR257C	YMR233W
YOR017W	YDL030W
YJL023C	YDR004W
YDR265W	YMR026C
YDR265W	YLR191W
YDR265W	YOL044W
YDR265W	YAL055W
YDR265W	YGR133W
YMR026C	YLR191W
YMR026C	YOL044W
YMR026C	YAL055W
YLR191W	YOL044W
YLR191W	YHR160C
YLR191W	YOR057W
YLR191W	YLR025W
YLR191W	YNL131W
YOL044W	YAL055W
YOL044W	YGR258C
YOL044W	YIL153W
YOL044W	YOR076C
YOL044W	YKL178C
YHR160C	YIL160C
YKL197C	YNL329C
YAL055W	YGR133W
YNL329C	YHL042W
YNL317W	YAL043C
YNL317W	YGR156W
YNL317W	YKL018W
YNL317W	YDR212W
YBR196C	YGL229C
YCR012W	YEL031W
YKL127W	YDL059C
YMR105C	YBR055C
YMR105C	YDL059C
YMR105C	YJR068W
YMR105C	YLR222C
YMR105C	YPR015C
YAR071W	YLR453C
YDL106C	YDR146C
YBR093C	YKR106W
YOL001W	YPL031C
YML123C	YJL117W
YML123C	YER125W
YML123C	YDR388W
YML123C	YLR292C
YML123C	YJR117W
YML123C	YLR372W
YML123C	YPR156C
YML123C	YBR159W
YML123C	YLR238W
YML123C	YNL116W
YPL031C	YCR008W
YPL031C	YJR159W
YPL031C	YNL025C
YPL031C	YGR234W
YJL117W	YEL017C-A
YJL117W	YLR018C
YJL117W	YDL212W
YJL117W	YBR283C
YJL117W	YDR410C
YJL117W	YLR372W
YJL117W	YBR069C
YJL117W	YGR260W
YJL117W	YDL015C
YJL117W	YHL042W
YJL117W	YHR140W
YJL117W	YBR183W
YDR313C	YIL148W
YGR086C	YDR490C
YGR086C	YOL100W
YGR086C	YDL059C
YGR086C	YMR059W
YGR086C	YHR030C
YGR086C	YPL074W
YMR008C	YGR123C
YOL011W	YOL105C
YDR183W	YGL044C
YDR183W	YDL071C
YOR281C	YJL152W
YPL036W	YKL193C
YPL036W	YPL136W
YER132C	YDR103W
YER003C	YBR055C
YER003C	YDR388W
YCR024C-A	YDL212W
YCR024C-A	YLR372W
YCR024C-A	YBR159W
YCR024C-A	YLL023C
YEL017C-A	YLR292C
YEL017C-A	YDL212W
YEL017C-A	YJR117W
YEL017C-A	YLR372W
YEL017C-A	YOL018C
YEL017C-A	YBR159W
YEL017C-A	YHL042W
YEL017C-A	YLL023C
YEL017C-A	YMR299C
YEL017C-A	YER005W
YDL093W	YBR044C
YOR145C	YDL060W
YML069W	YOL054W
YML069W	YGL207W
YBL035C	YNR052C
YBL035C	YBR087W
YCR014C	YOL085C
YLR018C	YDL212W
YLR018C	YJR117W
YLR018C	YLR372W
YLR018C	YHL042W
YLR018C	YHR140W
YLR018C	YBR183W
YNL221C	YBR167C
YNR052C	YGL014W
YNR052C	YBR050C
YNR052C	YER022W
YNR052C	YDR443C
YNR052C	YOR047C
YNR052C	YJL141C
YNL282W	YBR167C
YNL282W	YER022W
YAL033W	YBR167C
YGR030C	YBR167C
YBR167C	YGL070C
YBR167C	YHR062C
YNL055C	YDR394W
YNL055C	YLR222C
YNL055C	YNL093W
YIL114C	YHR140W
YGL205W	YDR128W
YHR026W	YPR198W
YHR026W	YDL212W
YHR026W	YLR034C
YHR026W	YLR372W
YHR026W	YGR260W
YHR026W	YPR156C
YHR026W	YDL015C
YHR026W	YAL018C
YHR026W	YBR159W
YMR267W	YNL154C
YDL134C	YIL021W
YDL134C	YPR110C
YDL134C	YPL152W
YDL134C	YOR014W
YDL134C	YGR161C
YDL134C	YMR028W
YDL134C	YPR040W
YDL134C	YLR373C
YDR075W	YDR212W
YDR075W	YPR040W
YDR075W	YHR033W
YPL179W	YKL193C
YLR014C	YKL072W
YLR014C	YJR119C
YDR436W	YKL193C
YDR436W	YOR054C
YOR362C	YGR253C
YOR362C	YMR154C
YOR362C	YDR388W
YOR362C	YGL011C
YOR362C	YNL244C
YOR362C	YFR026C
YOR362C	YGL165C
YOR362C	YLR076C
YPR103W	YHR200W
YPR103W	YDL147W
YPR103W	YGL011C
YPR103W	YOR047C
YPR103W	YNL244C
YPR103W	YBR173C
YBL041W	YHR200W
YBL041W	YDL020C
YBL041W	YDL147W
YML092C	YGR135W
YML092C	YOR157C
YML092C	YHR200W
YML092C	YGL011C
YML092C	YHL025W
YML092C	YLR386W
YML092C	YLR345W
YGR135W	YCR057C
YGR135W	YHR200W
YGR135W	YGL011C
YGR135W	YNL244C
YGR135W	YOR043W
YIL095W	YBL007C
YIL037C	YMR059W
YER023W	YML064C
YDR243C	YPL235W
YML046W	YPR182W
YML046W	YLR298C
YKL012W	YFL017W-A
YKL012W	YPR182W
YKL012W	YLR298C
YDR235W	YPR182W
YDR235W	YLR298C
YPL151C	YFL017W-A
YPL151C	YPR182W
YPL151C	YLR386W
YPR178W	YBR055C
YPR178W	YOR159C
YPR178W	YFL017W-A
YPR178W	YPR182W
YPR178W	YBR152W
YPR178W	YGR241C
YBR055C	YDR129C
YBR055C	YOR159C
YBR055C	YFL017W-A
YBR055C	YPR182W
YBR055C	YBR152W
YBR055C	YHR064C
YBR055C	YBR126C
YBR055C	YDR353W
YBR055C	YLR446W
YDL030W	YOR191W
YDL030W	YOR159C
YDL030W	YFL017W-A
YDL030W	YPR182W
YDL030W	YBR152W
YDL030W	YPL146C
YOL061W	YIL063C
YNL169C	YBR183W
YOL054W	YGL207W
YOL054W	YCR030C
YMR137C	YHR076W
YLL010C	YOR043W
YLR376C	YHL006C
YAL043C	YGR156W
YAL043C	YKL018W
YAL043C	YDR311W
YDL006W	YOL113W
YDL006W	YML100W
YER089C	YPL153C
YER089C	YDR071C
YKR093W	YER022W
YNL016W	YIR001C
YNL016W	YOR290C
YNL016W	YPL016W
YNL016W	YGL049C
YOR157C	YDR428C
YKL015W	YDL110C
YCR057C	YEL050C
YCR057C	YGL171W
YCR057C	YGL011C
YCR057C	YLR197W
YCR057C	YLL011W
YCR057C	YKL099C
YCR057C	YLR222C
YCR057C	YBL004W
YCR057C	YLR409C
YCR057C	YDR324C
YCR057C	YGR128C
YGR280C	YMR102C
YGL062W	YPR110C
YGL062W	YML058W
YPR191W	YHR030C
YPR191W	YPR054W
YPR191W	YML064C
YDR529C	YLR292C
YDR529C	YBR082C
YDL103C	YDR288W
YML095C	YJL026W
YML095C	YGR063C
YBR114W	YJR052W
YBR114W	YCR028C-A
YBR114W	YHL024W
YBR114W	YBL058W
YBR114W	YDR453C
YBR114W	YOR332W
YBR114W	YKR001C
YBR114W	YMR226C
YOR368W	YLR373C
YER173W	YDR004W
YER173W	YJR068W
YER173W	YBR087W
YER173W	YDR394W
YER173W	YDR212W
YGR258C	YIL143C
YGR258C	YDR311W
YER162C	YJR052W
YER162C	YHL025W
YER162C	YIL148W
YER095W	YML032C
YER095W	YGL163C
YER095W	YPR010C
YER095W	YDR394W
YER095W	YER047C
YER095W	YMR233W
YER095W	YLR337C
YER095W	YGR234W
YER095W	YPL238C
YER095W	YPR011C
YML032C	YDL059C
YML032C	YNL312W
YPL153C	YDR217C
YPL153C	YMR179W
YPL153C	YDR082W
YPL153C	YER111C
YPL153C	YPL128C
YPL153C	YDR071C
YPL153C	YGR270W
YDR004W	YLR268W
YDL059C	YIL021W
YDL059C	YDR394W
YDL059C	YGR049W
YDL059C	YFL045C
YDL059C	YEL051W
YLR032W	YDR092W
YJR052W	YIL148W
YDR217C	YHR031C
YNL216W	YBR275C
YNL216W	YLR453C
YNL216W	YDL153C
YDR202C	YDR328C
YDR202C	YOR332W
YDR202C	YEL051W
YGL158W	YOR018W
YLR248W	YDR080W
YMR075W	YOR096W
YMR075W	YOL004W
YMR075W	YCR023C
YJL204C	YDR328C
YDL135C	YPR165W
YDL135C	YKR055W
YDL135C	YNL176C
YOR380W	YML064C
YOR380W	YPR040W
YMR133W	YPL114W
YLR263W	YDR170C
YLR263W	YDR510W
YLR263W	YLR064W
YFR051C	YLR180W
YFR051C	YLR268W
YFR051C	YDR238C
YLR059C	YDR092W
YJR068W	YBR087W
YJR068W	YLR371W
YBR087W	YMR181C
YOR127W	YPR165W
YOR127W	YAL011W
YOR127W	YHL042W
YOR127W	YJL185C
YFL047W	YBR270C
YKL038W	YOR047C
YPR165W	YLR371W
YPR165W	YDR389W
YPR165W	YER008C
YPR165W	YER096W
YPR165W	YOR230W
YBL033C	YNL105W
YBL033C	YPR172W
YLR039C	YLR262C
YBR275C	YLR453C
YLR453C	YNL072W
YLR453C	YPR110C
YLR453C	YOR001W
YLR453C	YDL042C
YLR453C	YER022W
YLR453C	YPL057C
YLR453C	YLR251W
YLR453C	YOR230W
YLR453C	YCL023C
YLR453C	YGR073C
YLR453C	YJL015C
YLR453C	YLR016C
YLR453C	YLR301W
YLR453C	YLR426W
YLR453C	YML038C
YLR453C	YMR147W
YLR453C	YNL013C
YLR453C	YNR009W
YLR453C	YNR071C
YLR453C	YOR220W
YLR453C	YML027W
YLR453C	YPL034W
YLR453C	YPL098C
YLR453C	YLR121C
YMR154C	YLR025W
YMR154C	YLR373C
YOR275C	YLR025W
YOR275C	YPR173C
YBR192W	YBR162C
YBR192W	YER078C
YOR191W	YDR510W
YHR197W	YKR081C
YPR018W	YMR127C
YPR018W	YDR181C
YPR018W	YKR101W
YPL089C	YHR030C
YGL044C	YMR270C
YGL044C	YJR113C
YGL044C	YGR004W
YGL044C	YNL013C
YGL044C	YNL157W
YLL046C	YDR455C
YCL028W	YER125W
YCL028W	YLR403W
YCL028W	YML058W
YCL028W	YEL021W
YCL028W	YDR128W
YJL026W	YGR180C
YJL026W	YMR059W
YJL026W	YPR054W
YJL026W	YML064C
YOR018W	YER125W
YOR018W	YMR178W
YLR371W	YBR143C
YLR371W	YDL203C
YBL093C	YER022W
YBL093C	YGR104C
YBL093C	YCR081W
YBL093C	YDR443C
YBL093C	YPL042C
YBL093C	YML007W
YPR010C	YOR341W
YPR010C	YOR210W
YPR010C	YHR143W-A
YPR010C	YPR110C
YPR010C	YBR143C
YPR010C	YKL067W
YOR341W	YOR210W
YOR341W	YBR154C
YOR341W	YOR224C
YOR341W	YPR110C
YOR210W	YKL144C
YOR210W	YPR110C
YOR210W	YDL140C
YIL021W	YBR154C
YIL021W	YDR404C
YIL021W	YOR224C
YIL021W	YGL070C
YIL021W	YHR143W-A
YIL021W	YER125W
YIL021W	YGR186W
YBR154C	YDR404C
YBR154C	YGL070C
YBR154C	YKL144C
YBR154C	YNR003C
YBR154C	YPR110C
YBR154C	YDL140C
YBR154C	YOR116C
YBR154C	YER125W
YBR154C	YER071C
YDR404C	YOR224C
YDR404C	YGL070C
YDR404C	YDL140C
YDR404C	YGR063C
YDR404C	YGR186W
YDR404C	YJL070C
YOR224C	YKL144C
YOR224C	YNR003C
YOR224C	YPR110C
YOR224C	YDL140C
YOR224C	YOR116C
YGL070C	YDL140C
YGL070C	YOR116C
YGL070C	YER029C
YGL070C	YGR186W
YGL070C	YDR136C
YGL070C	YBR089W
YGL070C	YDR056C
YGL070C	YDR286C
YGL070C	YDR340W
YGL070C	YER181C
YGL070C	YJL182C
YGL070C	YKL086W
YDR045C	YNR003C
YDR045C	YOR116C
YKL144C	YNR003C
YKL144C	YKR025W
YKL144C	YPR110C
YKL144C	YPR190C
YKL144C	YOR116C
YNR003C	YKR025W
YNR003C	YPR110C
YNR003C	YPR190C
YNR003C	YOR116C
YKR025W	YPR110C
YKR025W	YOR116C
YPR110C	YPR190C
YPR110C	YER021W
YPR110C	YOR116C
YPR110C	YDR388W
YPR110C	YPR032W
YPR110C	YKL218C
YPR110C	YGL026C
YPR110C	YDR453C
YPR110C	YOR332W
YPR110C	YFL042C
YPR110C	YLR238W
YPR190C	YOR116C
YKR081C	YDR087C
YKR081C	YHR066W
YKR081C	YOL102C
YKR081C	YER139C
YPR102C	YOR294W
YDR418W	YOL039W
YKL180W	YPR132W
YMR242C	YLR366W
YLR325C	YOR327C
YHR200W	YFR004W
YHR200W	YFR052W
YHR200W	YLR421C
YHR200W	YER021W
YHR200W	YDL147W
YHR200W	YPR108W
YHR200W	YKL145W
YHR200W	YDL007W
YHR200W	YDR394W
YHR200W	YOR259C
YHR200W	YGL048C
YHR200W	YBL025W
YHR200W	YGL011C
YHR200W	YER022W
YFR004W	YFR052W
YFR004W	YER021W
YFR004W	YDL147W
YFR004W	YKL145W
YFR004W	YDL007W
YFR004W	YDR394W
YFR004W	YGL048C
YFR004W	YIR011C
YFR004W	YER049W
YFR052W	YER021W
YFR052W	YDL147W
YFR052W	YPR108W
YFR052W	YKL145W
YFR052W	YDL007W
YFR052W	YDR394W
YFR052W	YOR259C
YFR052W	YOR117W
YFR052W	YGL048C
YFR052W	YJR133W
YLR421C	YDL147W
YLR421C	YKL145W
YLR421C	YGL048C
YER021W	YDL147W
YER021W	YPR108W
YER021W	YKL145W
YER021W	YDR394W
YER021W	YDR363W-A
YDL147W	YPR108W
YDL147W	YKL145W
YDL147W	YDL007W
YDL147W	YDR394W
YDL147W	YOR259C
YDL147W	YOR117W
YDL147W	YGL048C
YDL147W	YDL216C
YDL147W	YGL011C
YDL147W	YDR073W
YDL147W	YDR201W
YDL147W	YDR341C
YPR108W	YKL145W
YPR108W	YDR394W
YPR108W	YDR363W-A
YDL140C	YER125W
YDL140C	YBR253W
YDL140C	YNL266W
YOR116C	YFR037C
YOR116C	YDR146C
YLR340W	YER067W
YLR340W	YGL068W
YLR340W	YHR087W
YLR340W	YLR287C
YNL178W	YLR301W
YKL145W	YDL007W
YKL145W	YDR394W
YKL145W	YOR259C
YKL145W	YOR117W
YKL145W	YGL048C
YDL007W	YDR394W
YDR394W	YOR259C
YDR394W	YOR117W
YDR394W	YGL048C
YDR394W	YHR030C
YDR394W	YMR284W
YOR259C	YOR117W
YOR259C	YGL048C
YOR259C	YGR146C
YOR117W	YNL313C
YGL048C	YNL244C
YGL048C	YBR198C
YDL216C	YOL117W
YBL025W	YMR270C
YBL025W	YIL141W
YPL012W	YDL060W
YCR035C	YDR280W
YDR280W	YOR001W
YDR280W	YOR076C
YDR280W	YBL004W
YCR052W	YFR037C
YFR037C	YML127W
YFR037C	YOL004W
YFR037C	YOR290C
YFR037C	YER022W
YMR266W	YMR059W
YER125W	YDR388W
YER125W	YNL243W
YER125W	YDL203C
YER125W	YGR068C
YER125W	YKR018C
YER125W	YLR392C
YER125W	YOR385W
YGR152C	YGL233W
YGR213C	YOR059C
YGL244W	YBR081C
YDR190C	YPL235W
YDR190C	YKL193C
YDR190C	YML064C
YDR190C	YMR284W
YPL235W	YDR388W
YPL235W	YBR254C
YDR388W	YPR055W
YDR388W	YBL007C
YDR388W	YNL243W
YDR388W	YIL147C
YDR388W	YGL026C
YDR388W	YIL148W
YDR388W	YIL156W
YDR388W	YLR337C
YDR388W	YBR108W
YDR388W	YDR229W
YDR388W	YJR083C
YDR388W	YLR243W
YDR388W	YNL086W
YDR388W	YHR016C
YDR129C	YDR353W
YJR004C	YIR012W
YLR180W	YDR170C
YLR180W	YER090W
YKR028W	YPR040W
YGL229C	YPR040W
YGL229C	YMR181C
YDL153C	YLR006C
YDL153C	YBR281C
YDL153C	YDR307W
YDL153C	YGL185C
YDL153C	YGR290W
YDL153C	YOL118C
YDL153C	YOR252W
YMR127C	YDR181C
YBL052C	YGL207W
YBL052C	YOR064C
YER019C-A	YDR074W
YGL011C	YBR173C
YGL011C	YFL006W
YBR037C	YBR024W
YBR024W	YHL042W
YMR305C	YDL121C
YKL148C	YBR044C
YKL193C	YGR130C
YIR022W	YLR372W
YIR022W	YBR159W
YIR022W	YLR343W
YNR026C	YLL023C
YLR208W	YPL085W
YLR208W	YDL195W
YLR208W	YCR099C
YLR208W	YDR128W
YLR208W	YHL039W
YPL085W	YDL195W
YPL085W	YNL049C
YLR268W	YDR238C
YLR268W	YGR009C
YLR268W	YLR026C
YLR268W	YHR030C
YLR268W	YDR189W
YDR238C	YBR162C
YER008C	YDR166C
YER008C	YMR304W
YFL005W	YGL161C
YFL005W	YNL263C
YFL045C	YMR059W
YFL045C	YGL208W
YFL045C	YML064C
YFL045C	YLR343W
YLR292C	YBR159W
YLR292C	YDR387C
YLR292C	YKR103W
YDR170C	YDL052C
YDR170C	YHR020W
YGR009C	YAL030W
YGR009C	YOR327C
YGR009C	YPR032W
YLR026C	YNL049C
YLR026C	YHR098C
YLR026C	YDR189W
YLR026C	YMR197C
YLR026C	YKL196C
YMR059W	YLR105C
YMR059W	YAR008W
YMR059W	YPL083C
YMR059W	YDR453C
YMR059W	YOR332W
YMR059W	YOR230W
YMR059W	YKL067W
YLR105C	YAR008W
YLR105C	YPL083C
YAR008W	YPL083C
YPL083C	YBR143C
YHR119W	YBR258C
YHR119W	YPL138C
YHR119W	YKL018W
YJL168C	YHR152W
YJL168C	YPL073C
YKR029C	YBR103W
YKR029C	YHR198C
YKR029C	YMR273C
YPR198W	YLR372W
YPR198W	YBR069C
YPR198W	YAR033W
YPR198W	YBR159W
YPR198W	YGL051W
YCL010C	YBR081C
YJR134C	YLR262C
YIR001C	YGL049C
YIR001C	YGR250C
YOR057W	YDR328C
YOR057W	YHR050W
YOR057W	YIL152W
YBR258C	YPL138C
YBL058W	YDL190C
YDL212W	YOL020W
YDL212W	YGR260W
YDL212W	YPR156C
YDL212W	YDR307W
YDL212W	YHL042W
YDL212W	YHR140W
YDL212W	YML038C
YDL212W	YBR183W
YHL006C	YLR046C
YBR103W	YDL112W
YBR103W	YLR409C
YBR103W	YEL064C
YBR103W	YJR141W
YBR103W	YMR273C
YLR197W	YMR236W
YLR197W	YOL115W
YLR197W	YIL008W
YOL004W	YKL072W
YOL004W	YCR084C
YOL004W	YDR207C
YGL208W	YDR212W
YDL042C	YNR023W
YNL032W	YNL056W
YNL032W	YNL093W
YOR076C	YGL213C
YGL213C	YHL022C
YOL113W	YGL185C
YGR143W	YBR254C
YDR328C	YML088W
YDR328C	YOR332W
YDR328C	YEL051W
YDR328C	YBR203W
YDR328C	YDR219C
YDR328C	YJL149W
YBL061C	YDR247W
YBL007C	YCR030C
YBL007C	YGL104C
YBL007C	YLR337C
YBL007C	YLR064W
YBL007C	YMR253C
YBL007C	YPL246C
YBL007C	YHR016C
YNL243W	YHR016C
YIL147C	YDL235C
YHR030C	YPR054W
YHR030C	YER111C
YHR030C	YLR446W
YHR030C	YOR220W
YHR030C	YLR262C
YBR228W	YLR135W
YLR135W	YGR016W
YGR081C	YDL060W
YDR189W	YKL196C
YER029C	YFL017W-A
YER029C	YPR182W
YER029C	YBR152W
YER029C	YLR298C
YER029C	YNL187W
YFL008W	YDR201W
YFL008W	YMR117C
YFL008W	YKL042W
YFL008W	YIL144W
YFL008W	YOL115W
YFL008W	YGR130C
YOR159C	YPR182W
YOR159C	YGR269W
YLR034C	YAL018C
YPR054W	YFL010C
YPR054W	YLL030C
YML058W	YNL116W
YDR510W	YNR012W
YDR510W	YCR087C-A
YFL017W-A	YDR240C
YFL017W-A	YLR298C
YPR182W	YPR101W
YPR182W	YML064C
YAL030W	YDR468C
YOR327C	YGR197C
YOR327C	YOL018C
YOR327C	YHL035C
YDR073W	YOR290C
YLR025W	YPR173C
YLR025W	YGR122W
YPR101W	YDR416W
YDR240C	YLR298C
YNL333W	YML064C
YNL333W	YMR322C
YLL011W	YDR212W
YJR159W	YML064C
YDR201W	YIL144W
YDR201W	YEL043W
YMR117C	YER018C
YMR117C	YIL144W
YMR117C	YGR130C
YMR117C	YLR190W
YPL124W	YKL042W
YPL124W	YML064C
YPL124W	YBR270C
YPL124W	YDL203C
YLR313C	YLR362W
YLR313C	YCR084C
YHR136C	YOR285W
YHR152W	YER022W
YHR152W	YLR016C
YHR152W	YPR152C
YOL091W	YDR136C
YOL091W	YNL086W
YPL138C	YMR179W
YPL138C	YKL018W
YGL207W	YDR247W
YOL148C	YDR392W
YOL148C	YBR081C
YOL148C	YLR055C
YBR081C	YLR055C
YBR081C	YBR253W
YBR081C	YDR146C
YBR081C	YBR198C
YBR081C	YMR236W
YBR081C	YHR099W
YBR081C	YMR223W
YBR081C	YML007W
YLR055C	YHR099W
YER022W	YGR104C
YER022W	YBR253W
YER022W	YPL042C
YER022W	YOR143C
YER022W	YEL012W
YER022W	YNR012W
YER022W	YJR126C
YER022W	YML007W
YER022W	YBL065W
YER022W	YFR038W
YER022W	YGL261C
YER022W	YHL005C
YER022W	YIL141W
YER022W	YJL142C
YER022W	YKL051W
YER022W	YLL020C
YER022W	YML082W
YER022W	YMR118C
YER022W	YMR181C
YER022W	YMR244W
YER022W	YMR293C
YER022W	YNR071C
YER022W	YPL098C
YGR104C	YBR253W
YGR104C	YPL042C
YGR104C	YNL025C
YBR253W	YCR081W
YBR253W	YDR443C
YBR253W	YPL042C
YBR253W	YNL025C
YBR253W	YML007W
YCR081W	YNL025C
YLR082C	YML064C
YGL097W	YOR364W
YGL097W	YDR002W
YGL097W	YIL063C
YLR119W	YCL008C
YDR293C	YML064C
YBR283C	YJR117W
YBR283C	YIL162W
YBR283C	YLR372W
YBR283C	YPL234C
YBR283C	YBR159W
YBR283C	YGL051W
YBR283C	YHR140W
YBR283C	YLR311C
YLR006C	YDL235C
YIL143C	YPL122C
YDR443C	YPL042C
YPL042C	YNL025C
YNL025C	YLR322W
YHR184W	YML064C
YLR452C	YOL018C
YLR452C	YLR417W
YLR452C	YDL180W
YLR452C	YDR319C
YLR452C	YGR018C
YLR452C	YML038C
YHR064C	YNL244C
YHR064C	YGR285C
YOR047C	YMR236W
YOR047C	YBR270C
YOR047C	YJL048C
YOR047C	YJR011C
YOR047C	YLR446W
YOR047C	YJR099W
YLR362W	YDR103W
YJR117W	YGR260W
YJR117W	YDL015C
YJR117W	YGL104C
YJR117W	YDR307W
YJR117W	YHL042W
YJR117W	YHR140W
YJR117W	YIL171W
YJR117W	YBR183W
YFL026W	YGR141W
YFL026W	YHR016C
YDR536W	YIL135C
YDR082W	YLR010C
YCL008C	YIL148W
YCL008C	YPL065W
YBL034C	YDR330W
YMR054W	YPR036W
YMR054W	YOR332W
YMR054W	YGR020C
YMR054W	YEL051W
YMR054W	YMR243C
YIL162W	YGR173W
YNL244C	YDR429C
YNL244C	YGL049C
YNL244C	YBR126C
YNL244C	YDR353W
YNL244C	YDR128W
YBR143C	YBL004W
YBR143C	YLR386W
YLR372W	YBR069C
YLR372W	YGR260W
YLR372W	YPR156C
YLR372W	YDL015C
YLR372W	YGL104C
YLR372W	YJL222W
YLR372W	YDR307W
YLR372W	YHL042W
YLR372W	YHR140W
YLR372W	YLL023C
YLR372W	YBR183W
YAL011W	YIR018W
YOR333C	YER063W
YDR146C	YHR099W
YDR416W	YGR129W
YDR416W	YDR247W
YCR030C	YJR126C
YBR198C	YMR236W
YBR198C	YDR212W
YMR236W	YBR270C
YLR354C	YJL068C
YBR069C	YDL015C
YBR069C	YGL051W
YBR069C	YHR020W
YBR069C	YLR343W
YDR212W	YJL164C
YDR212W	YOR230W
YDR212W	YOR324C
YML064C	YGR144W
YML064C	YHR025W
YML064C	YHR111W
YML064C	YKL010C
YML064C	YNR012W
YML064C	YDL224C
YML064C	YFL010C
YML064C	YBL112C
YML064C	YBR281C
YML064C	YCR087C-A
YML064C	YGR234W
YML064C	YHR033W
YML064C	YHR198C
YML064C	YMR226C
YML064C	YKL067W
YML064C	YKR014C
YDR311W	YIL144W
YDR311W	YKR050W
YDR311W	YPL170W
YPR121W	YDR316W
YGR144W	YNL116W
YHR167W	YOL015W
YIL144W	YLR456W
YIL144W	YPL260W
YDR429C	YJL070C
YDR429C	YLR190W
YDR429C	YPL105C
YOR297C	YDL217C
YDL217C	YAR023C
YGL145W	YLR373C
YDR468C	YOL018C
YDR468C	YGL095C
YDR468C	YKR020W
YDR468C	YMR197C
YDR468C	YBR159W
YOL018C	YGL095C
YOL018C	YMR197C
YGR260W	YAR033W
YGR260W	YBR159W
YGR260W	YGL051W
YGR260W	YHR048W
YGR260W	YMR299C
YKR010C	YPR172W
YNL131W	YNL121C
YBR162C	YOL028C
YJL164C	YPL203W
YJL164C	YLL040C
YJL164C	YNL093W
YPL203W	YLR177W
YPR156C	YBR159W
YPR156C	YBR285W
YPR156C	YGL051W
YPR156C	YHR140W
YPR156C	YLR297W
YBR126C	YDR074W
YBR126C	YBR265W
YBR126C	YML100W
YBR126C	YDR247W
YDR074W	YML100W
YDR074W	YAR066W
YHR099W	YHR090C
YOL115W	YPL146C
YER090W	YKL211C
YDR353W	YLR373C
YMR218C	YBR254C
YBR254C	YDR246W
YBR254C	YOR115C
YGR209C	YPL020C
YGR209C	YHR199C
YML028W	YPL208W
YDR453C	YJL141C
YBR265W	YLR255C
YDL015C	YBR159W
YDL015C	YDL206W
YDL015C	YDR307W
YDL015C	YHR140W
YDL015C	YLR343W
YML100W	YDL190C
YPR066W	YPL003W
YHR111W	YIL008W
YBR082C	YKL010C
YIL148W	YDL190C
YIL148W	YNR006W
YIL148W	YPL065W
YMR304W	YJL141C
YMR304W	YJR098C
YMR304W	YNL313C
YGR048W	YPL222W
YPL020C	YCR007C
YPL020C	YDR100W
YPL020C	YJL067W
YJR103W	YDR133C
YNR012W	YGR079W
YLR222C	YHR020W
YEL005C	YNL086W
YDL128W	YKL102C
YDL128W	YER005W
YDR247W	YDR071C
YOR054C	YGL132W
YLR373C	YDR317W
YLR373C	YEL006W
YLR373C	YKL050C
YLR373C	YPL107W
YPR036W	YGR020C
YPR036W	YEL051W
YHR060W	YGR020C
YOR332W	YGR020C
YOR332W	YEL051W
YGR020C	YEL051W
YPL045W	YLR396C
YPL045W	YDR080W
YKR001C	YJL141C
YMR077C	YJR102C
YMR077C	YLR417W
YMR077C	YPR173C
YJR102C	YLR417W
YLR396C	YDR080W
YLR396C	YMR291W
YGL095C	YMR197C
YGL095C	YKL196C
YKR020W	YJL029C
YKR020W	YHR090C
YKR020W	YLR262C
YJL029C	YLR262C
YGL104C	YGL225W
YGL104C	YBR159W
YJL222W	YBR159W
YMR197C	YKL196C
YOR043W	YDR061W
YAL018C	YIL171W
YML007W	YBR216C
YIR018W	YGR168C
YAR033W	YGL051W
YBL100C	YJL070C
YBL104C	YDR316W
YBR056W	YFR007W
YBR090C	YER158C
YBR159W	YDL206W
YBR159W	YDR307W
YBR159W	YHL042W
YBR159W	YHR140W
YBR159W	YKR106W
YBR159W	YLL023C
YBR159W	YMR279C
YBR159W	YBR183W
YBR161W	YJR001W
YBR178W	YHR122W
YBR250W	YML038C
YBR270C	YIL105C
YBR270C	YNL047C
YBR284W	YDL238C
YCL046W	YPL208W
YCR007C	YDR107C
YCR060W	YHR034C
YCR099C	YGR203W
YCR101C	YHL042W
YDL063C	YDR381W
YDL071C	YGR269W
YDL089W	YMR316C-B
YDL094C	YDL193W
YDL099W	YKL050C
YDL114W	YDR348C
YDR018C	YDR479C
YDR100W	YGL161C
YDR100W	YPL095C
YDR105C	YNL160W
YDR107C	YOL015W
YDR128W	YER182W
YDR128W	YHR033W
YDR219C	YHR122W
YDR307W	YHR140W
YDR326C	YIL105C
YDR327W	YOR378W
YDR366C	YER071C
YDR374C	YJL070C
YDR445C	YER071C
YEL043W	YOR164C
YER152C	YJL107C
YFL044C	YLR339C
YGL051W	YHR140W
YGL057C	YJL135W
YGL161C	YPL095C
YGL161C	YNL304W
YGL161C	YGL210W
YGL161C	YKR014C
YGL161C	YNL093W
YGL179C	YKR096W
YGL204C	YMR209C
YGL230C	YOR161C
YGR079W	YNL081C
YHL042W	YHR032W
YHL042W	YGL259W
YHR022C	YIL028W
YHR022C	YNR005C
YHR115C	YNL116W
YHR115C	YOR215C
YHR140W	YLR343W
YHR140W	YMR279C
YHR140W	YOL003C
YHR140W	YBR183W
YHR149C	YMR273C
YNL263C	YNL304W
YNL263C	YGL210W
YNL263C	YKR014C
YNL263C	YNL093W
YNL263C	YLR262C
YIL105C	YNL047C
YIL151C	YLR121C
YJL070C	YGL259W
YJR011C	YNR069C
YJR083C	YHR016C
YKR074W	YLR446W
YLR054C	YML038C
YLR064W	YHR016C
YLR211C	YLR446W
YLR243W	YHR016C
YLR456W	YPR050C
YLR456W	YPR172W
YMR009W	YPL222W
YNL208W	YOR285W
YOR252W	YPR152C
YPL246C	YHR016C
YKR014C	YNL093W
