YAL007C	YAR002C-A
YAL007C	YGL200C
YAL033W	YNL221C
YAL033W	YNL282W
YAL035W	YBR031W
YAL035W	YDL082W
YAL035W	YGL076C
YAL035W	YJR123W
YAL035W	YJR145C
YAL035W	YMR146C
YAL035W	YOR063W
YAL035W	YOR361C
YAL035W	YPR041W
YAL047C	YHR172W
YAR002C-A	YGL200C
YAR003W	YBR258C
YAR003W	YKL018W
YAR073W	YGR085C
YAR073W	YHR216W
YAR073W	YJR123W
YAR073W	YLR432W
YAR073W	YML056C
YAR073W	YML063W
YAR073W	YMR242C
YAR073W	YOR096W
YAR075W	YML056C
YBL002W	YGL241W
YBL002W	YML069W
YBL004W	YBR247C
YBL004W	YCL059C
YBL004W	YCR057C
YBL004W	YDL148C
YBL004W	YDL213C
YBL004W	YDR064W
YBL004W	YDR299W
YBL004W	YDR449C
YBL004W	YGR128C
YBL004W	YGR145W
YBL004W	YHR196W
YBL004W	YKR060W
YBL004W	YLL011W
YBL004W	YLR197W
YBL004W	YLR222C
YBL004W	YLR367W
YBL004W	YMR229C
YBL004W	YOL010W
YBL004W	YOR096W
YBL004W	YPL043W
YBL004W	YPL126W
YBL004W	YPL217C
YBL004W	YPL266W
YBL004W	YPR144C
YBL008W	YBR215W
YBL008W	YOR038C
YBL027W	YBL092W
YBL027W	YBR031W
YBL027W	YBR191W
YBL027W	YCR031C
YBL027W	YDL075W
YBL027W	YDL082W
YBL027W	YDR064W
YBL027W	YFR032C-A
YBL027W	YGL030W
YBL027W	YGL031C
YBL027W	YGL103W
YBL027W	YGL123W
YBL027W	YGL147C
YBL027W	YGR085C
YBL027W	YHL001W
YBL027W	YHL033C
YBL027W	YJL177W
YBL027W	YJR123W
YBL027W	YKL180W
YBL027W	YLR344W
YBL027W	YLR441C
YBL027W	YLR448W
YBL027W	YML063W
YBL027W	YMR194W
YBL027W	YMR242C
YBL027W	YNL069C
YBL027W	YNL096C
YBL027W	YNL301C
YBL027W	YOL040C
YBL027W	YOL127W
YBL027W	YOR063W
YBL027W	YOR096W
YBL027W	YPL249C-A
YBL045C	YPR191W
YBL090W	YBR146W
YBL090W	YDR041W
YBL090W	YDR175C
YBL090W	YDR337W
YBL090W	YDR347W
YBL090W	YGL129C
YBL090W	YGR084C
YBL090W	YGR165W
YBL090W	YGR215W
YBL090W	YHL004W
YBL090W	YJR101W
YBL090W	YJR113C
YBL090W	YKL155C
YBL090W	YMR158W
YBL090W	YMR188C
YBL090W	YNL137C
YBL090W	YNR037C
YBL090W	YOR158W
YBL090W	YPL013C
YBL092W	YBR031W
YBL092W	YBR191W
YBL092W	YDL075W
YBL092W	YDL082W
YBL092W	YDR064W
YBL092W	YFR032C-A
YBL092W	YGL030W
YBL092W	YGL031C
YBL092W	YGL103W
YBL092W	YGL147C
YBL092W	YGR085C
YBL092W	YHL001W
YBL092W	YJL177W
YBL092W	YJR094W-A
YBL092W	YJR123W
YBL092W	YKL180W
YBL092W	YLR441C
YBL092W	YLR448W
YBL092W	YML063W
YBL092W	YMR194W
YBL092W	YNL069C
YBL092W	YNL096C
YBL092W	YNL301C
YBL092W	YOL040C
YBL092W	YOL127W
YBL092W	YOR063W
YBL092W	YOR096W
YBR031W	YBR142W
YBR031W	YBR191W
YBR031W	YCR031C
YBR031W	YDL075W
YBR031W	YDL082W
YBR031W	YGL030W
YBR031W	YGL031C
YBR031W	YGL103W
YBR031W	YGL147C
YBR031W	YGR085C
YBR031W	YHL001W
YBR031W	YHL033C
YBR031W	YJL177W
YBR031W	YJR123W
YBR031W	YJR145C
YBR031W	YKL180W
YBR031W	YKR081C
YBR031W	YLR441C
YBR031W	YLR448W
YBR031W	YML063W
YBR031W	YMR194W
YBR031W	YMR242C
YBR031W	YNL069C
YBR031W	YNL096C
YBR031W	YNL112W
YBR031W	YNL301C
YBR031W	YOL077C
YBR031W	YOL120C
YBR031W	YOL127W
YBR031W	YOR063W
YBR031W	YOR096W
YBR031W	YPL220W
YBR031W	YPL249C-A
YBR081C	YDR167W
YBR081C	YGR252W
YBR081C	YHR099W
YBR081C	YMR223W
YBR081C	YPL254W
YBR084W	YLR340W
YBR084W	YOR063W
YBR087W	YNL290W
YBR087W	YOL094C
YBR087W	YOR144C
YBR087W	YOR217W
YBR127C	YGR020C
YBR142W	YGL076C
YBR142W	YGR085C
YBR142W	YHR052W
YBR142W	YJR145C
YBR142W	YLL008W
YBR142W	YMR049C
YBR142W	YMR229C
YBR142W	YNL061W
YBR142W	YOR063W
YBR142W	YOR272W
YBR142W	YPL043W
YBR142W	YPL131W
YBR142W	YPL211W
YBR142W	YPL249C-A
YBR143C	YPL237W
YBR146W	YDR041W
YBR146W	YDR175C
YBR146W	YDR337W
YBR146W	YDR347W
YBR146W	YGL129C
YBR146W	YGR084C
YBR146W	YGR165W
YBR146W	YGR215W
YBR146W	YHL004W
YBR146W	YJR101W
YBR146W	YJR113C
YBR146W	YKL003C
YBR146W	YKL155C
YBR146W	YMR158W
YBR146W	YMR188C
YBR146W	YNL081C
YBR146W	YNL137C
YBR146W	YNR037C
YBR146W	YOR158W
YBR146W	YOR204W
YBR146W	YPL013C
YBR154C	YDL150W
YBR154C	YGR005C
YBR154C	YGR063C
YBR154C	YIL021W
YBR154C	YJL011C
YBR154C	YJL148W
YBR154C	YJR063W
YBR154C	YKL144C
YBR154C	YNL248C
YBR154C	YOL005C
YBR154C	YOR116C
YBR154C	YOR207C
YBR154C	YOR224C
YBR154C	YOR340C
YBR154C	YPL129W
YBR154C	YPR110C
YBR154C	YPR187W
YBR154C	YPR190C
YBR171W	YLR292C
YBR171W	YOR254C
YBR171W	YPL094C
YBR191W	YCR031C
YBR191W	YDL075W
YBR191W	YDL082W
YBR191W	YFR032C-A
YBR191W	YGL030W
YBR191W	YGL103W
YBR191W	YGL123W
YBR191W	YGL147C
YBR191W	YGR085C
YBR191W	YHL001W
YBR191W	YHL033C
YBR191W	YJL177W
YBR191W	YJR123W
YBR191W	YKL180W
YBR191W	YLR441C
YBR191W	YLR448W
YBR191W	YMR194W
YBR191W	YMR242C
YBR191W	YNL069C
YBR191W	YNL096C
YBR191W	YOL127W
YBR191W	YOR063W
YBR211C	YGR179C
YBR211C	YLR381W
YBR215W	YJR140C
YBR215W	YOR038C
YBR247C	YDL148C
YBR247C	YDR064W
YBR247C	YDR449C
YBR247C	YGR145W
YBR247C	YJR145C
YBR247C	YKL143W
YBR247C	YOR096W
YBR247C	YPL217C
YBR247C	YPL266W
YBR247C	YPR144C
YBR253W	YDR308C
YBR253W	YHR041C
YBR253W	YHR058C
YBR253W	YNL236W
YBR253W	YPL042C
YBR258C	YKL018W
YBR267W	YDR101C
YBR288C	YGR261C
YBR288C	YPL195W
YCL037C	YGL049C
YCL037C	YGR162W
YCL037C	YJR145C
YCL037C	YML056C
YCL037C	YMR230W
YCL037C	YOR096W
YCL037C	YPL131W
YCL054W	YGL111W
YCL054W	YLL008W
YCL054W	YNL061W
YCL054W	YNL110C
YCL054W	YPL093W
YCL054W	YPL211W
YCL059C	YDL148C
YCL059C	YDL213C
YCL059C	YDR299W
YCL059C	YGR145W
YCL059C	YJR145C
YCL059C	YLL011W
YCL059C	YLR197W
YCL059C	YMR229C
YCL059C	YPL217C
YCL059C	YPR144C
YCR020C-A	YEL053C
YCR031C	YDL075W
YCR031C	YDL082W
YCR031C	YDL148C
YCR031C	YDR064W
YCR031C	YGL030W
YCR031C	YGL031C
YCR031C	YGL076C
YCR031C	YGL103W
YCR031C	YGL123W
YCR031C	YGL147C
YCR031C	YGR085C
YCR031C	YHL001W
YCR031C	YHL033C
YCR031C	YJL177W
YCR031C	YJR123W
YCR031C	YKL180W
YCR031C	YLR340W
YCR031C	YLR441C
YCR031C	YLR448W
YCR031C	YML063W
YCR031C	YMR142C
YCR031C	YMR194W
YCR031C	YMR242C
YCR031C	YNL069C
YCR031C	YNL096C
YCR031C	YNL301C
YCR031C	YOL127W
YCR031C	YOR063W
YCR031C	YOR096W
YCR031C	YOR204W
YCR031C	YOR234C
YCR031C	YPL249C-A
YCR035C	YDL111C
YCR035C	YGR195W
YCR035C	YHR081W
YCR035C	YNL232W
YCR035C	YOL021C
YCR035C	YOR001W
YCR052W	YFR037C
YCR052W	YKR008W
YCR052W	YLR357W
YCR052W	YML127W
YCR052W	YMR033W
YCR052W	YMR091C
YCR057C	YDL148C
YCR057C	YDR064W
YCR057C	YDR449C
YCR057C	YGR128C
YCR057C	YHR196W
YCR057C	YJL069C
YCR057C	YJR145C
YCR057C	YKR060W
YCR057C	YLL011W
YCR057C	YLR197W
YCR057C	YLR222C
YCR057C	YPL126W
YCR057C	YPL217C
YCR057C	YPL266W
YCR057C	YPR144C
YCR060W	YPL235W
YCR072C	YDR101C
YCR072C	YER126C
YCR072C	YGR245C
YCR072C	YHR197W
YCR072C	YKL009W
YCR072C	YLR074C
YCR072C	YLR106C
YCR072C	YLR325C
YCR072C	YNR053C
YCR072C	YPL093W
YCR092C	YOL090W
YDL040C	YHR013C
YDL042C	YJL076W
YDL047W	YJL098W
YDL051W	YDL092W
YDL051W	YGR162W
YDL051W	YML105C
YDL051W	YNL262W
YDL051W	YPR088C
YDL056W	YLR182W
YDL075W	YDL082W
YDL075W	YDR064W
YDL075W	YDR101C
YDL075W	YFR032C-A
YDL075W	YGL030W
YDL075W	YGL076C
YDL075W	YGL103W
YDL075W	YGL147C
YDL075W	YGR085C
YDL075W	YGR103W
YDL075W	YHL001W
YDL075W	YJL177W
YDL075W	YJR123W
YDL075W	YKL180W
YDL075W	YLR340W
YDL075W	YLR367W
YDL075W	YLR448W
YDL075W	YML063W
YDL075W	YMR194W
YDL075W	YMR242C
YDL075W	YNL069C
YDL075W	YNL096C
YDL075W	YNL110C
YDL075W	YNL301C
YDL075W	YOL040C
YDL075W	YOL127W
YDL075W	YOR063W
YDL075W	YOR096W
YDL075W	YOR234C
YDL075W	YPL131W
YDL075W	YPL220W
YDL075W	YPL249C-A
YDL075W	YPR067W
YDL082W	YDR064W
YDL082W	YEL054C
YDL082W	YFR032C-A
YDL082W	YGL030W
YDL082W	YGL031C
YDL082W	YGL076C
YDL082W	YGL103W
YDL082W	YGL147C
YDL082W	YGR085C
YDL082W	YGR103W
YDL082W	YHL001W
YDL082W	YHL033C
YDL082W	YHR216W
YDL082W	YJL177W
YDL082W	YJR123W
YDL082W	YJR145C
YDL082W	YKL180W
YDL082W	YLR340W
YDL082W	YLR441C
YDL082W	YLR448W
YDL082W	YML063W
YDL082W	YMR142C
YDL082W	YMR194W
YDL082W	YMR242C
YDL082W	YNL069C
YDL082W	YNL096C
YDL082W	YNL110C
YDL082W	YNL301C
YDL082W	YOL077C
YDL082W	YOL120C
YDL082W	YOL127W
YDL082W	YOR063W
YDL082W	YOR096W
YDL082W	YOR234C
YDL082W	YOR272W
YDL082W	YPL093W
YDL082W	YPL220W
YDL082W	YPL249C-A
YDL084W	YHR167W
YDL084W	YNL004W
YDL092W	YML105C
YDL092W	YPR088C
YDL098C	YGR091W
YDL098C	YLR147C
YDL098C	YMR240C
YDL098C	YOR308C
YDL111C	YGR195W
YDL111C	YHR081W
YDL111C	YNL232W
YDL111C	YOL021C
YDL111C	YOR001W
YDL111C	YPR189W
YDL116W	YGL100W
YDL145C	YDR238C
YDL145C	YFR051C
YDL145C	YIL076W
YDL145C	YNL287W
YDL148C	YDR064W
YDL148C	YDR299W
YDL148C	YDR449C
YDL148C	YGR128C
YDL148C	YGR145W
YDL148C	YJR145C
YDL148C	YKR060W
YDL148C	YLL011W
YDL148C	YLR197W
YDL148C	YMR229C
YDL148C	YOL010W
YDL148C	YOR096W
YDL148C	YOR310C
YDL148C	YPL126W
YDL148C	YPL217C
YDL148C	YPR144C
YDL150W	YJL011C
YDL150W	YKL144C
YDL150W	YOR116C
YDL150W	YOR207C
YDL150W	YOR224C
YDL150W	YPR110C
YDL150W	YPR187W
YDL150W	YPR190C
YDL201W	YDR165W
YDL208W	YMR310C
YDL225W	YHR107C
YDL225W	YLR314C
YDR013W	YOL146W
YDR028C	YGL115W
YDR041W	YDR175C
YDR041W	YDR337W
YDR041W	YDR347W
YDR041W	YGL129C
YDR041W	YGR084C
YDR041W	YGR165W
YDR041W	YGR215W
YDR041W	YHL004W
YDR041W	YJR101W
YDR041W	YJR113C
YDR041W	YKL155C
YDR041W	YMR158W
YDR041W	YMR188C
YDR041W	YNL137C
YDR041W	YNR037C
YDR041W	YOR158W
YDR041W	YOR204W
YDR041W	YPL013C
YDR064W	YDR449C
YDR064W	YGL030W
YDR064W	YGL103W
YDR064W	YGL147C
YDR064W	YGR085C
YDR064W	YGR145W
YDR064W	YHL001W
YDR064W	YJL177W
YDR064W	YJR123W
YDR064W	YJR145C
YDR064W	YKL180W
YDR064W	YLL011W
YDR064W	YLR197W
YDR064W	YLR264W
YDR064W	YLR367W
YDR064W	YLR432W
YDR064W	YLR441C
YDR064W	YLR448W
YDR064W	YML063W
YDR064W	YMR142C
YDR064W	YMR194W
YDR064W	YMR230W
YDR064W	YMR242C
YDR064W	YNL069C
YDR064W	YNL096C
YDR064W	YNL301C
YDR064W	YOL040C
YDR064W	YOL127W
YDR064W	YOR063W
YDR064W	YOR096W
YDR064W	YOR310C
YDR064W	YPL081W
YDR064W	YPL126W
YDR064W	YPL131W
YDR064W	YPL217C
YDR064W	YPL220W
YDR064W	YPL249C-A
YDR064W	YPL266W
YDR064W	YPR144C
YDR064W	YPR189W
YDR097C	YOL090W
YDR101C	YER126C
YDR101C	YGL030W
YDR101C	YGL103W
YDR101C	YGR103W
YDR101C	YGR245C
YDR101C	YHR052W
YDR101C	YHR197W
YDR101C	YKL009W
YDR101C	YKR081C
YDR101C	YLR106C
YDR101C	YNL110C
YDR101C	YNR053C
YDR101C	YOR063W
YDR101C	YPL093W
YDR101C	YPL211W
YDR101C	YPL249C-A
YDR116C	YDR237W
YDR116C	YDR296W
YDR116C	YDR322W
YDR116C	YDR405W
YDR116C	YGR220C
YDR116C	YJL063C
YDR116C	YKL167C
YDR116C	YKR006C
YDR116C	YLR312W-A
YDR116C	YLR439W
YDR116C	YMR024W
YDR116C	YMR193W
YDR116C	YNL005C
YDR116C	YNL252C
YDR116C	YOR150W
YDR167W	YGR252W
YDR167W	YMR005W
YDR167W	YMR223W
YDR167W	YPL254W
YDR170C	YLR342W
YDR175C	YDR337W
YDR175C	YDR347W
YDR175C	YGL129C
YDR175C	YGR084C
YDR175C	YGR165W
YDR175C	YGR215W
YDR175C	YHL004W
YDR175C	YJR101W
YDR175C	YJR113C
YDR175C	YKL155C
YDR175C	YMR158W
YDR175C	YMR188C
YDR175C	YNL081C
YDR175C	YNL137C
YDR175C	YNR037C
YDR175C	YOR158W
YDR175C	YPL013C
YDR190C	YOR304W
YDR190C	YPL129W
YDR190C	YPL235W
YDR228C	YHR216W
YDR228C	YMR061W
YDR235W	YDR240C
YDR235W	YLR147C
YDR237W	YDR296W
YDR237W	YDR322W
YDR237W	YDR405W
YDR237W	YGR220C
YDR237W	YJL063C
YDR237W	YKL167C
YDR237W	YKR006C
YDR237W	YLR312W-A
YDR237W	YLR439W
YDR237W	YMR024W
YDR237W	YMR193W
YDR237W	YNL005C
YDR237W	YNL252C
YDR237W	YNL284C
YDR237W	YOR150W
YDR238C	YFR051C
YDR238C	YIL076W
YDR238C	YNL287W
YDR240C	YLR147C
YDR267C	YIL128W
YDR279W	YNL072W
YDR295C	YNL021W
YDR295C	YPR179C
YDR296W	YDR322W
YDR296W	YDR405W
YDR296W	YGR220C
YDR296W	YJL063C
YDR296W	YKL167C
YDR296W	YKR006C
YDR296W	YLR312W-A
YDR296W	YLR439W
YDR296W	YMR024W
YDR296W	YMR193W
YDR296W	YNL005C
YDR296W	YNL252C
YDR296W	YOR150W
YDR299W	YER127W
YDR299W	YGR145W
YDR299W	YJR145C
YDR299W	YKR060W
YDR299W	YOR096W
YDR299W	YPL126W
YDR299W	YPL217C
YDR299W	YPR144C
YDR301W	YKL018W
YDR301W	YKR002W
YDR301W	YMR061W
YDR308C	YHR041C
YDR308C	YHR058C
YDR308C	YNL236W
YDR308C	YPL042C
YDR322W	YDR405W
YDR322W	YGR220C
YDR322W	YJL063C
YDR322W	YKL167C
YDR322W	YKR006C
YDR322W	YLR312W-A
YDR322W	YLR439W
YDR322W	YMR024W
YDR322W	YMR193W
YDR322W	YNL005C
YDR322W	YNL252C
YDR322W	YNL284C
YDR322W	YOR150W
YDR337W	YDR347W
YDR337W	YGL129C
YDR337W	YGR084C
YDR337W	YGR165W
YDR337W	YGR215W
YDR337W	YHL004W
YDR337W	YJR101W
YDR337W	YJR113C
YDR337W	YKL155C
YDR337W	YMR158W
YDR337W	YMR188C
YDR337W	YNL137C
YDR337W	YNR037C
YDR337W	YOR158W
YDR337W	YPL013C
YDR347W	YGL129C
YDR347W	YGR084C
YDR347W	YGR165W
YDR347W	YGR215W
YDR347W	YHL004W
YDR347W	YJR101W
YDR347W	YJR113C
YDR347W	YKL155C
YDR347W	YMR158W
YDR347W	YMR188C
YDR347W	YNL137C
YDR347W	YNR037C
YDR347W	YOR158W
YDR347W	YPL013C
YDR365C	YGR145W
YDR398W	YEL055C
YDR398W	YGR128C
YDR398W	YHR196W
YDR398W	YPL126W
YDR405W	YKL167C
YDR405W	YKR006C
YDR405W	YLR439W
YDR405W	YMR024W
YDR405W	YNL005C
YDR432W	YGL049C
YDR449C	YGR128C
YDR449C	YGR145W
YDR449C	YHR196W
YDR449C	YJL069C
YDR449C	YJR145C
YDR449C	YKR060W
YDR449C	YLL011W
YDR449C	YLR197W
YDR449C	YLR222C
YDR449C	YOR096W
YDR449C	YPL126W
YDR449C	YPL217C
YDR449C	YPL266W
YDR449C	YPR144C
YDR472W	YKR068C
YDR472W	YML077W
YDR472W	YOR115C
YDR478W	YNL221C
YDR489W	YOL146W
YEL003W	YLR200W
YEL015W	YOL149W
YEL018W	YHR099W
YEL054C	YGL030W
YEL054C	YJR145C
YEL054C	YML063W
YEL054C	YOR063W
YEL054C	YPL249C-A
YEL055C	YGR128C
YEL055C	YHR196W
YEL055C	YPL126W
YER007C-A	YJR014W
YER081W	YIL074C
YER126C	YGR245C
YER126C	YHR197W
YER126C	YKL009W
YER126C	YKR081C
YER126C	YLR074C
YER126C	YLR325C
YER126C	YMR049C
YER126C	YNL110C
YER126C	YNR053C
YER126C	YOR063W
YER126C	YPL093W
YER127W	YGR145W
YER146W	YJL124C
YER151C	YNR051C
YER157W	YGR120C
YER157W	YML071C
YER157W	YNL041C
YER164W	YGL019W
YER164W	YIL035C
YER171W	YIL128W
YFL018C	YIL125W
YFL023W	YLR200W
YFL049W	YMR033W
YFL049W	YNR023W
YFR009W	YGL195W
YFR009W	YKL029C
YFR031C	YLR272C
YFR032C-A	YGL031C
YFR032C-A	YGL103W
YFR032C-A	YGR085C
YFR032C-A	YJL177W
YFR032C-A	YKL046C
YFR032C-A	YLR448W
YFR032C-A	YMR194W
YFR032C-A	YMR242C
YFR032C-A	YNL096C
YFR032C-A	YOL040C
YFR032C-A	YOL127W
YFR037C	YKR008W
YFR037C	YLR357W
YFR037C	YML127W
YFR037C	YMR033W
YFR037C	YMR091C
YFR037C	YOR304W
YFR051C	YIL076W
YFR051C	YNL287W
YGL019W	YIL035C
YGL019W	YLR418C
YGL019W	YML069W
YGL019W	YOR123C
YGL030W	YGL031C
YGL030W	YGL076C
YGL030W	YGL103W
YGL030W	YGL147C
YGL030W	YGR027C
YGL030W	YGR085C
YGL030W	YGR103W
YGL030W	YHL001W
YGL030W	YHL033C
YGL030W	YHR052W
YGL030W	YJL177W
YGL030W	YJR123W
YGL030W	YKL180W
YGL030W	YLR325C
YGL030W	YLR367W
YGL030W	YLR441C
YGL030W	YLR448W
YGL030W	YML063W
YGL030W	YMR142C
YGL030W	YMR194W
YGL030W	YMR242C
YGL030W	YNL069C
YGL030W	YNL110C
YGL030W	YOL077C
YGL030W	YOL127W
YGL030W	YOR063W
YGL030W	YOR096W
YGL030W	YOR204W
YGL030W	YPL093W
YGL030W	YPL220W
YGL030W	YPL249C-A
YGL031C	YGL076C
YGL031C	YGL103W
YGL031C	YGR085C
YGL031C	YGR214W
YGL031C	YHL033C
YGL031C	YJL177W
YGL031C	YJR123W
YGL031C	YKL180W
YGL031C	YLR342W
YGL031C	YLR441C
YGL031C	YML063W
YGL031C	YMR194W
YGL031C	YMR242C
YGL031C	YNL069C
YGL031C	YOL127W
YGL031C	YOR063W
YGL031C	YPL249C-A
YGL043W	YGR005C
YGL043W	YIL021W
YGL043W	YOL005C
YGL049C	YGR162W
YGL049C	YIR001C
YGL061C	YKR083C
YGL076C	YGL103W
YGL076C	YGL111W
YGL076C	YGL147C
YGL076C	YGR085C
YGL076C	YGR103W
YGL076C	YHL001W
YGL076C	YHL033C
YGL076C	YJL177W
YGL076C	YJR123W
YGL076C	YJR145C
YGL076C	YKL180W
YGL076C	YKR081C
YGL076C	YLR432W
YGL076C	YLR441C
YGL076C	YLR448W
YGL076C	YML056C
YGL076C	YML063W
YGL076C	YMR142C
YGL076C	YMR194W
YGL076C	YMR242C
YGL076C	YNL069C
YGL076C	YNL301C
YGL076C	YOL120C
YGL076C	YOL127W
YGL076C	YOR063W
YGL076C	YOR096W
YGL076C	YOR206W
YGL076C	YPL093W
YGL076C	YPL220W
YGL076C	YPL249C-A
YGL097W	YLR293C
YGL098W	YGL145W
YGL098W	YNL258C
YGL103W	YGL123W
YGL103W	YGL147C
YGL103W	YGR085C
YGL103W	YHL001W
YGL103W	YHL033C
YGL103W	YHR052W
YGL103W	YJL177W
YGL103W	YJR123W
YGL103W	YJR145C
YGL103W	YKL180W
YGL103W	YKR081C
YGL103W	YLR325C
YGL103W	YLR340W
YGL103W	YLR342W
YGL103W	YLR441C
YGL103W	YLR448W
YGL103W	YML063W
YGL103W	YMR142C
YGL103W	YMR194W
YGL103W	YMR242C
YGL103W	YNL069C
YGL103W	YNL096C
YGL103W	YNL110C
YGL103W	YNL301C
YGL103W	YOL040C
YGL103W	YOL127W
YGL103W	YOR063W
YGL103W	YOR096W
YGL103W	YPL093W
YGL103W	YPL220W
YGL103W	YPL249C-A
YGL105W	YGR264C
YGL111W	YGR103W
YGL111W	YHR052W
YGL111W	YHR197W
YGL111W	YKL009W
YGL111W	YLL008W
YGL111W	YLL034C
YGL111W	YLR276C
YGL111W	YMR049C
YGL111W	YNL061W
YGL111W	YNL110C
YGL111W	YOL077C
YGL111W	YOL127W
YGL111W	YOR063W
YGL111W	YOR206W
YGL111W	YOR272W
YGL111W	YPL043W
YGL111W	YPL093W
YGL111W	YPL131W
YGL111W	YPL211W
YGL123W	YGR085C
YGL123W	YHL001W
YGL123W	YJL177W
YGL123W	YJR123W
YGL123W	YKL180W
YGL123W	YLR441C
YGL123W	YMR242C
YGL123W	YOL040C
YGL123W	YOR063W
YGL125W	YPL023C
YGL129C	YGR084C
YGL129C	YGR165W
YGL129C	YGR215W
YGL129C	YHL004W
YGL129C	YJR101W
YGL129C	YJR113C
YGL129C	YKL003C
YGL129C	YKL155C
YGL129C	YMR158W
YGL129C	YMR188C
YGL129C	YNL137C
YGL129C	YNR037C
YGL129C	YOR158W
YGL129C	YOR204W
YGL129C	YPL013C
YGL145W	YNL258C
YGL147C	YGR085C
YGL147C	YHL001W
YGL147C	YHL033C
YGL147C	YJL177W
YGL147C	YJR123W
YGL147C	YKL009W
YGL147C	YKL180W
YGL147C	YLR340W
YGL147C	YLR448W
YGL147C	YML063W
YGL147C	YMR194W
YGL147C	YMR242C
YGL147C	YNL069C
YGL147C	YNL096C
YGL147C	YOL040C
YGL147C	YOL127W
YGL147C	YOR063W
YGL147C	YOR096W
YGL147C	YPL093W
YGL147C	YPL131W
YGL147C	YPL249C-A
YGL195W	YIL094C
YGL195W	YKL029C
YGL200C	YOR016C
YGR005C	YGR063C
YGR005C	YIL021W
YGR005C	YOL005C
YGR005C	YOR224C
YGR005C	YPL129W
YGR005C	YPR187W
YGR020C	YOR332W
YGR027C	YJL177W
YGR027C	YJR123W
YGR027C	YKL180W
YGR027C	YOL127W
YGR063C	YIL021W
YGR063C	YOL005C
YGR063C	YPR187W
YGR081C	YMR308C
YGR084C	YGR165W
YGR084C	YGR215W
YGR084C	YHL004W
YGR084C	YJR101W
YGR084C	YJR113C
YGR084C	YKL003C
YGR084C	YKL155C
YGR084C	YMR158W
YGR084C	YMR188C
YGR084C	YNL137C
YGR084C	YNR037C
YGR084C	YOR158W
YGR084C	YPL013C
YGR085C	YHL001W
YGR085C	YHL033C
YGR085C	YJL177W
YGR085C	YJR123W
YGR085C	YJR145C
YGR085C	YKL180W
YGR085C	YKR081C
YGR085C	YLR340W
YGR085C	YLR367W
YGR085C	YLR432W
YGR085C	YLR441C
YGR085C	YLR448W
YGR085C	YML063W
YGR085C	YMR142C
YGR085C	YMR194W
YGR085C	YMR242C
YGR085C	YNL061W
YGR085C	YNL069C
YGR085C	YNL096C
YGR085C	YNL112W
YGR085C	YNL301C
YGR085C	YOL040C
YGR085C	YOL127W
YGR085C	YOR063W
YGR085C	YOR096W
YGR085C	YOR204W
YGR085C	YOR234C
YGR085C	YPL093W
YGR085C	YPL131W
YGR085C	YPL220W
YGR085C	YPL249C-A
YGR091W	YJL124C
YGR091W	YLR147C
YGR091W	YMR240C
YGR091W	YOR308C
YGR103W	YGR245C
YGR103W	YHR052W
YGR103W	YHR197W
YGR103W	YKL009W
YGR103W	YKR081C
YGR103W	YLL008W
YGR103W	YLR106C
YGR103W	YMR049C
YGR103W	YNL061W
YGR103W	YNL110C
YGR103W	YNR053C
YGR103W	YOL077C
YGR103W	YOL127W
YGR103W	YOR063W
YGR103W	YOR206W
YGR103W	YOR272W
YGR103W	YPL043W
YGR103W	YPL093W
YGR103W	YPL131W
YGR103W	YPL211W
YGR103W	YPL249C-A
YGR120C	YML071C
YGR120C	YNL041C
YGR128C	YHR196W
YGR128C	YLL011W
YGR128C	YLR197W
YGR128C	YLR222C
YGR128C	YPL126W
YGR128C	YPL217C
YGR128C	YPR144C
YGR145W	YKR060W
YGR145W	YLL011W
YGR145W	YMR194W
YGR145W	YOR096W
YGR145W	YPL126W
YGR145W	YPL217C
YGR145W	YPR144C
YGR162W	YJL138C
YGR162W	YOR204W
YGR165W	YHL004W
YGR165W	YJR101W
YGR165W	YJR113C
YGR165W	YKL155C
YGR165W	YMR158W
YGR165W	YMR188C
YGR165W	YNL137C
YGR165W	YOR158W
YGR165W	YPL013C
YGR179C	YLR381W
YGR195W	YHR081W
YGR195W	YNL232W
YGR195W	YOL021C
YGR195W	YOR001W
YGR214W	YLR048W
YGR215W	YHL004W
YGR215W	YJR101W
YGR215W	YJR113C
YGR215W	YKL003C
YGR215W	YKL155C
YGR215W	YMR158W
YGR215W	YMR188C
YGR215W	YNL137C
YGR215W	YNR037C
YGR215W	YOR158W
YGR220C	YJL063C
YGR220C	YKL167C
YGR220C	YKR006C
YGR220C	YLR312W-A
YGR220C	YLR439W
YGR220C	YMR193W
YGR220C	YNL005C
YGR220C	YNL252C
YGR245C	YHR197W
YGR245C	YKL009W
YGR245C	YLR106C
YGR245C	YNL110C
YGR245C	YNR053C
YGR245C	YOR063W
YGR245C	YPL093W
YGR252W	YHR041C
YGR252W	YHR099W
YGR252W	YMR223W
YGR252W	YNL236W
YGR252W	YPL254W
YGR261C	YPL195W
YGR262C	YKR038C
YGR262C	YML036W
YGR283C	YMR310C
YGR285C	YHR064C
YGR285C	YJL080C
YGR285C	YPR189W
YHL001W	YHL033C
YHL001W	YJL177W
YHL001W	YJR123W
YHL001W	YKL180W
YHL001W	YLR340W
YHL001W	YLR441C
YHL001W	YLR448W
YHL001W	YML063W
YHL001W	YMR142C
YHL001W	YMR194W
YHL001W	YMR242C
YHL001W	YNL069C
YHL001W	YOL040C
YHL001W	YOL127W
YHL001W	YOR063W
YHL001W	YOR096W
YHL001W	YPL220W
YHL001W	YPL249C-A
YHL004W	YJR101W
YHL004W	YJR113C
YHL004W	YKL155C
YHL004W	YMR158W
YHL004W	YMR188C
YHL004W	YNL137C
YHL004W	YNR037C
YHL004W	YOR158W
YHL004W	YOR204W
YHL004W	YPL013C
YHL033C	YJL177W
YHL033C	YJR123W
YHL033C	YJR145C
YHL033C	YKL180W
YHL033C	YKR002W
YHL033C	YLR441C
YHL033C	YLR448W
YHL033C	YML063W
YHL033C	YMR142C
YHL033C	YMR194W
YHL033C	YMR242C
YHL033C	YNL069C
YHL033C	YOL127W
YHL033C	YOR063W
YHL033C	YOR096W
YHL033C	YPL220W
YHR013C	YOR253W
YHR024C	YLR163C
YHR041C	YHR058C
YHR041C	YNL236W
YHR041C	YPL042C
YHR052W	YHR197W
YHR052W	YKL009W
YHR052W	YKR081C
YHR052W	YLL008W
YHR052W	YLL034C
YHR052W	YLR106C
YHR052W	YLR276C
YHR052W	YMR049C
YHR052W	YMR229C
YHR052W	YMR242C
YHR052W	YNL061W
YHR052W	YNL110C
YHR052W	YOL077C
YHR052W	YOL127W
YHR052W	YOR063W
YHR052W	YOR206W
YHR052W	YOR272W
YHR052W	YPL043W
YHR052W	YPL093W
YHR052W	YPL131W
YHR052W	YPL211W
YHR058C	YNL236W
YHR058C	YPL042C
YHR064C	YLR249W
YHR064C	YNL209W
YHR081W	YNL232W
YHR081W	YOL021C
YHR081W	YOR001W
YHR085W	YHR197W
YHR085W	YKL009W
YHR085W	YLR106C
YHR085W	YNR053C
YHR085W	YPL093W
YHR099W	YPL254W
YHR107C	YLR314C
YHR122W	YIL128W
YHR143W-A	YOR224C
YHR143W-A	YOR340C
YHR143W-A	YPR187W
YHR167W	YNL004W
YHR172W	YLR212C
YHR196W	YLL011W
YHR196W	YLR197W
YHR196W	YPL126W
YHR196W	YPL217C
YHR196W	YPR144C
YHR197W	YKL009W
YHR197W	YKR081C
YHR197W	YLL008W
YHR197W	YLL034C
YHR197W	YLR106C
YHR197W	YMR049C
YHR197W	YNL061W
YHR197W	YNL110C
YHR197W	YNR053C
YHR197W	YOL077C
YHR197W	YOL127W
YHR197W	YOR063W
YHR197W	YOR206W
YHR197W	YOR272W
YHR197W	YPL093W
YHR197W	YPL211W
YHR216W	YLR432W
YHR216W	YML056C
YHR216W	YMR142C
YIL021W	YOL005C
YIL021W	YOR224C
YIL021W	YPL129W
YIL021W	YPR187W
YIL022W	YJR045C
YIL035C	YKL088W
YIL035C	YLR418C
YIL035C	YML069W
YIL035C	YOR123C
YIL076W	YNL287W
YIL098C	YJL180C
YIL103W	YOR133W
YIR008C	YKL045W
YJL011C	YKL144C
YJL011C	YOR116C
YJL011C	YOR207C
YJL011C	YOR224C
YJL011C	YPR110C
YJL011C	YPR187W
YJL011C	YPR190C
YJL063C	YKL167C
YJL063C	YKR006C
YJL063C	YLR312W-A
YJL063C	YLR439W
YJL063C	YMR024W
YJL063C	YMR193W
YJL063C	YNL005C
YJL063C	YNL252C
YJL063C	YOR150W
YJL069C	YLR222C
YJL080C	YJR123W
YJL115W	YPL153C
YJL124C	YLR147C
YJL124C	YLR438C-A
YJL124C	YOR308C
YJL125C	YNL062C
YJL148W	YJR063W
YJL148W	YNL248C
YJL148W	YOR340C
YJL148W	YPR110C
YJL148W	YPR187W
YJL177W	YJR123W
YJL177W	YKL180W
YJL177W	YLR340W
YJL177W	YLR441C
YJL177W	YLR448W
YJL177W	YML063W
YJL177W	YMR142C
YJL177W	YMR194W
YJL177W	YMR242C
YJL177W	YNL069C
YJL177W	YNL096C
YJL177W	YNL301C
YJL177W	YOL040C
YJL177W	YOL127W
YJL177W	YOR063W
YJL177W	YOR096W
YJL177W	YOR204W
YJL177W	YOR234C
YJL177W	YPL220W
YJL177W	YPL249C-A
YJL183W	YJR075W
YJL183W	YPL050C
YJL208C	YKR079C
YJR045C	YLR203C
YJR063W	YNL248C
YJR063W	YOR224C
YJR063W	YOR340C
YJR063W	YPR110C
YJR063W	YPR187W
YJR075W	YPL050C
YJR101W	YJR113C
YJR101W	YKL155C
YJR101W	YMR158W
YJR101W	YMR188C
YJR101W	YNL081C
YJR101W	YNL137C
YJR101W	YNR037C
YJR101W	YOR158W
YJR101W	YOR204W
YJR101W	YPL013C
YJR113C	YKL155C
YJR113C	YMR158W
YJR113C	YMR188C
YJR113C	YNL081C
YJR113C	YNL137C
YJR113C	YNR037C
YJR113C	YOR158W
YJR113C	YPL013C
YJR123W	YJR145C
YJR123W	YKL180W
YJR123W	YLR197W
YJR123W	YLR340W
YJR123W	YLR441C
YJR123W	YLR448W
YJR123W	YML063W
YJR123W	YMR142C
YJR123W	YMR194W
YJR123W	YMR230W
YJR123W	YMR242C
YJR123W	YNL069C
YJR123W	YNL096C
YJR123W	YNL301C
YJR123W	YOL040C
YJR123W	YOL127W
YJR123W	YOR063W
YJR123W	YOR096W
YJR123W	YOR204W
YJR123W	YPL131W
YJR123W	YPL220W
YJR123W	YPL266W
YJR123W	YPR189W
YJR140C	YOR038C
YJR145C	YLR197W
YJR145C	YLR367W
YJR145C	YLR441C
YJR145C	YML056C
YJR145C	YML063W
YJR145C	YMR229C
YJR145C	YMR242C
YJR145C	YNL069C
YJR145C	YOL120C
YJR145C	YOL127W
YJR145C	YOR063W
YJR145C	YOR096W
YJR145C	YOR204W
YJR145C	YPL081W
YJR145C	YPL131W
YJR145C	YPL217C
YJR145C	YPL220W
YJR145C	YPR144C
YKL003C	YPL013C
YKL009W	YKR081C
YKL009W	YLL008W
YKL009W	YMR049C
YKL009W	YNL061W
YKL009W	YNL110C
YKL009W	YNR053C
YKL009W	YOL077C
YKL009W	YOR063W
YKL009W	YOR206W
YKL009W	YOR272W
YKL009W	YPL093W
YKL009W	YPL131W
YKL009W	YPL211W
YKL009W	YPL249C-A
YKL014C	YNL061W
YKL014C	YPL043W
YKL018W	YKR002W
YKL018W	YLR448W
YKL018W	YMR061W
YKL018W	YOR179C
YKL029C	YLR106C
YKL143W	YPL266W
YKL144C	YOR116C
YKL144C	YOR207C
YKL144C	YOR224C
YKL144C	YPR110C
YKL144C	YPR187W
YKL144C	YPR190C
YKL155C	YMR158W
YKL155C	YMR188C
YKL155C	YNL137C
YKL155C	YNR037C
YKL155C	YOR158W
YKL155C	YOR204W
YKL155C	YPL013C
YKL167C	YKR006C
YKL167C	YLR312W-A
YKL167C	YLR439W
YKL167C	YMR024W
YKL167C	YMR193W
YKL167C	YNL005C
YKL167C	YNL252C
YKL180W	YLR340W
YKL180W	YLR441C
YKL180W	YLR448W
YKL180W	YML024W
YKL180W	YML063W
YKL180W	YMR142C
YKL180W	YMR194W
YKL180W	YMR242C
YKL180W	YNL069C
YKL180W	YNL096C
YKL180W	YNL301C
YKL180W	YOL040C
YKL180W	YOL127W
YKL180W	YOR063W
YKL180W	YOR096W
YKL180W	YPL220W
YKL180W	YPL249C-A
YKR002W	YMR061W
YKR006C	YLR312W-A
YKR006C	YLR439W
YKR006C	YMR024W
YKR006C	YMR193W
YKR006C	YNL005C
YKR006C	YNL252C
YKR008W	YLR357W
YKR008W	YML127W
YKR008W	YMR033W
YKR008W	YMR091C
YKR026C	YLR291C
YKR026C	YOR260W
YKR026C	YPL237W
YKR038C	YML036W
YKR060W	YLL011W
YKR060W	YLR197W
YKR060W	YOR096W
YKR060W	YPL126W
YKR060W	YPR144C
YKR068C	YML077W
YKR068C	YOR115C
YKR081C	YLL008W
YKR081C	YLR276C
YKR081C	YNL061W
YKR081C	YNL110C
YKR081C	YNR053C
YKR081C	YOL077C
YKR081C	YOL127W
YKR081C	YOR063W
YKR081C	YOR096W
YKR081C	YOR206W
YKR081C	YPL093W
YKR081C	YPL131W
YLL004W	YML065W
YLL004W	YNL261W
YLL008W	YLL034C
YLL008W	YLR106C
YLL008W	YLR276C
YLL008W	YMR049C
YLL008W	YMR229C
YLL008W	YNL061W
YLL008W	YNL110C
YLL008W	YOL077C
YLL008W	YOL127W
YLL008W	YOR063W
YLL008W	YOR206W
YLL008W	YOR272W
YLL008W	YPL043W
YLL008W	YPL093W
YLL008W	YPL131W
YLL008W	YPL211W
YLL011W	YLR197W
YLL011W	YLR222C
YLL011W	YPL126W
YLL011W	YPL217C
YLL011W	YPR144C
YLL034C	YMR049C
YLL034C	YMR242C
YLL034C	YNL061W
YLL034C	YOL077C
YLL034C	YOR063W
YLL034C	YOR206W
YLL034C	YOR272W
YLL034C	YPL043W
YLL034C	YPL093W
YLL034C	YPL211W
YLR044C	YLR249W
YLR074C	YLR325C
YLR074C	YNR053C
YLR074C	YOL127W
YLR074C	YPL093W
YLR106C	YNR053C
YLR106C	YPL093W
YLR147C	YMR240C
YLR147C	YOR308C
YLR196W	YOL077C
YLR196W	YPL131W
YLR197W	YLR222C
YLR197W	YLR448W
YLR197W	YMR229C
YLR197W	YOR096W
YLR197W	YOR310C
YLR197W	YPL126W
YLR197W	YPL217C
YLR197W	YPR144C
YLR222C	YPL126W
YLR222C	YPL217C
YLR222C	YPR144C
YLR226W	YPR161C
YLR249W	YOR133W
YLR249W	YPL131W
YLR264W	YNL096C
YLR276C	YMR049C
YLR276C	YNL061W
YLR276C	YOL077C
YLR276C	YOL127W
YLR276C	YOR063W
YLR276C	YOR206W
YLR276C	YPL043W
YLR276C	YPL093W
YLR276C	YPL211W
YLR287C	YLR340W
YLR291C	YOR260W
YLR291C	YPL237W
YLR292C	YOR254C
YLR292C	YPL094C
YLR312W-A	YLR439W
YLR312W-A	YMR024W
YLR312W-A	YMR193W
YLR312W-A	YNL005C
YLR312W-A	YNL252C
YLR325C	YNR053C
YLR325C	YOL127W
YLR325C	YOR063W
YLR325C	YPL093W
YLR325C	YPL249C-A
YLR340W	YLR441C
YLR340W	YLR448W
YLR340W	YML063W
YLR340W	YMR194W
YLR340W	YMR242C
YLR340W	YNL069C
YLR340W	YNL301C
YLR340W	YOL127W
YLR340W	YPL220W
YLR340W	YPL249C-A
YLR344W	YMR194W
YLR357W	YML127W
YLR357W	YMR033W
YLR357W	YMR091C
YLR367W	YMR194W
YLR367W	YOR096W
YLR367W	YPL249C-A
YLR398C	YPR189W
YLR418C	YOR123C
YLR432W	YML056C
YLR432W	YPL131W
YLR439W	YMR024W
YLR439W	YMR193W
YLR439W	YNL005C
YLR439W	YNL252C
YLR439W	YNL284C
YLR439W	YOR150W
YLR441C	YLR448W
YLR441C	YML063W
YLR441C	YMR194W
YLR441C	YMR242C
YLR441C	YNL069C
YLR441C	YNL096C
YLR441C	YNL301C
YLR441C	YOL040C
YLR441C	YOL127W
YLR441C	YOR063W
YLR441C	YOR096W
YLR441C	YPL220W
YLR448W	YML063W
YLR448W	YMR061W
YLR448W	YMR142C
YLR448W	YMR194W
YLR448W	YMR242C
YLR448W	YNL069C
YLR448W	YNL096C
YLR448W	YNL301C
YLR448W	YOL040C
YLR448W	YOL127W
YLR448W	YOR063W
YLR448W	YOR096W
YLR448W	YPL131W
YLR448W	YPL220W
YLR448W	YPL249C-A
YML009C	YMR193W
YML009C	YNL252C
YML024W	YML063W
YML024W	YOR096W
YML024W	YOR204W
YML056C	YOR063W
YML063W	YMR142C
YML063W	YMR194W
YML063W	YMR242C
YML063W	YNL069C
YML063W	YNL096C
YML063W	YNL301C
YML063W	YOL040C
YML063W	YOL120C
YML063W	YOL127W
YML063W	YOR063W
YML063W	YOR096W
YML063W	YOR204W
YML063W	YPL220W
YML063W	YPL249C-A
YML065W	YNL261W
YML069W	YOR123C
YML071C	YNL041C
YML077W	YOR115C
YML102W	YPR018W
YML105C	YPR088C
YML109W	YMR273C
YML127W	YMR033W
YML127W	YMR091C
YMR024W	YMR193W
YMR024W	YNL005C
YMR024W	YNL252C
YMR024W	YNL284C
YMR024W	YOR150W
YMR033W	YMR091C
YMR033W	YNR023W
YMR033W	YPL129W
YMR049C	YMR229C
YMR049C	YNL061W
YMR049C	YNL110C
YMR049C	YOL077C
YMR049C	YOL127W
YMR049C	YOR063W
YMR049C	YOR206W
YMR049C	YOR272W
YMR049C	YPL043W
YMR049C	YPL093W
YMR049C	YPL211W
YMR075W	YMR263W
YMR075W	YNL330C
YMR075W	YOL004W
YMR078C	YNL290W
YMR078C	YOL094C
YMR142C	YMR194W
YMR142C	YMR242C
YMR142C	YNL069C
YMR142C	YNL301C
YMR142C	YOL127W
YMR142C	YOR063W
YMR142C	YOR096W
YMR142C	YOR204W
YMR142C	YPL249C-A
YMR146C	YOR204W
YMR146C	YOR361C
YMR146C	YPL081W
YMR146C	YPR041W
YMR158W	YMR188C
YMR158W	YNL137C
YMR158W	YOR158W
YMR158W	YPL013C
YMR188C	YNL137C
YMR188C	YNR037C
YMR188C	YOR158W
YMR193W	YNL005C
YMR193W	YNL252C
YMR194W	YMR242C
YMR194W	YNL069C
YMR194W	YNL096C
YMR194W	YNL301C
YMR194W	YOL040C
YMR194W	YOL127W
YMR194W	YOR063W
YMR194W	YOR096W
YMR194W	YPL220W
YMR223W	YPL254W
YMR229C	YNL061W
YMR229C	YOL077C
YMR229C	YOR206W
YMR229C	YOR272W
YMR229C	YPL126W
YMR240C	YOR308C
YMR242C	YNL069C
YMR242C	YNL096C
YMR242C	YNL301C
YMR242C	YOL040C
YMR242C	YOL077C
YMR242C	YOL127W
YMR242C	YOR063W
YMR242C	YOR096W
YMR242C	YOR204W
YMR242C	YOR206W
YMR242C	YOR234C
YMR242C	YPL093W
YMR242C	YPL131W
YMR242C	YPL220W
YMR242C	YPL249C-A
YMR263W	YNL330C
YMR263W	YOL004W
YMR308C	YPL020C
YMR312W	YPL086C
YNL005C	YNL252C
YNL005C	YNL284C
YNL005C	YOR150W
YNL005C	YOR204W
YNL021W	YPR179C
YNL061W	YNL110C
YNL061W	YOL077C
YNL061W	YOL127W
YNL061W	YOR063W
YNL061W	YOR206W
YNL061W	YOR272W
YNL061W	YPL043W
YNL061W	YPL093W
YNL061W	YPL131W
YNL061W	YPL211W
YNL061W	YPL220W
YNL069C	YNL096C
YNL069C	YNL301C
YNL069C	YOL040C
YNL069C	YOL120C
YNL069C	YOL127W
YNL069C	YOR063W
YNL069C	YOR096W
YNL069C	YOR204W
YNL069C	YPL220W
YNL069C	YPL249C-A
YNL096C	YNL301C
YNL096C	YOL040C
YNL096C	YOL127W
YNL096C	YOR063W
YNL096C	YOR096W
YNL096C	YPL146C
YNL096C	YPR067W
YNL110C	YOL077C
YNL110C	YOL127W
YNL110C	YOR063W
YNL110C	YOR206W
YNL110C	YOR272W
YNL110C	YPL093W
YNL110C	YPL211W
YNL112W	YOL127W
YNL112W	YOR063W
YNL137C	YOR158W
YNL137C	YPL013C
YNL221C	YNL282W
YNL232W	YOL021C
YNL232W	YOR001W
YNL236W	YPL042C
YNL238W	YOL031C
YNL248C	YOR224C
YNL248C	YOR340C
YNL248C	YPR110C
YNL248C	YPR187W
YNL252C	YNL284C
YNL252C	YOR150W
YNL262W	YPR175W
YNL290W	YOL094C
YNL290W	YOR144C
YNL290W	YOR217W
YNL301C	YOL120C
YNL301C	YOL127W
YNL301C	YOR063W
YNL301C	YOR096W
YNL301C	YOR204W
YNL301C	YOR206W
YNL301C	YPL131W
YNL301C	YPL249C-A
YNL330C	YOL004W
YNR023W	YPL129W
YNR037C	YOR158W
YNR053C	YOL127W
YNR053C	YOR063W
YNR053C	YPL093W
YNR053C	YPL131W
YNR053C	YPL249C-A
YOL005C	YOR224C
YOL005C	YPL129W
YOL005C	YPR187W
YOL010W	YPL217C
YOL021C	YOR001W
YOL040C	YOL127W
YOL040C	YOR063W
YOL040C	YOR096W
YOL077C	YOL127W
YOL077C	YOR063W
YOL077C	YOR206W
YOL077C	YOR272W
YOL077C	YPL043W
YOL077C	YPL093W
YOL077C	YPL131W
YOL077C	YPL211W
YOL094C	YOR144C
YOL094C	YOR217W
YOL120C	YOL127W
YOL120C	YOR063W
YOL120C	YOR206W
YOL127W	YOR063W
YOL127W	YOR096W
YOL127W	YOR206W
YOL127W	YPL043W
YOL127W	YPL093W
YOL127W	YPL131W
YOL127W	YPL211W
YOL127W	YPL220W
YOL127W	YPL249C-A
YOL127W	YPR067W
YOR063W	YOR096W
YOR063W	YOR206W
YOR063W	YOR272W
YOR063W	YPL043W
YOR063W	YPL093W
YOR063W	YPL131W
YOR063W	YPL211W
YOR063W	YPL220W
YOR063W	YPL249C-A
YOR063W	YPR189W
YOR096W	YOR310C
YOR096W	YPL081W
YOR096W	YPL126W
YOR096W	YPL131W
YOR096W	YPL217C
YOR096W	YPL220W
YOR096W	YPL249C-A
YOR096W	YPR144C
YOR116C	YOR207C
YOR116C	YOR224C
YOR116C	YOR304W
YOR116C	YPR110C
YOR116C	YPR187W
YOR116C	YPR190C
YOR158W	YPL013C
YOR204W	YOR361C
YOR204W	YPL081W
YOR204W	YPL249C-A
YOR204W	YPR041W
YOR206W	YOR272W
YOR206W	YPL043W
YOR206W	YPL093W
YOR206W	YPL131W
YOR206W	YPL211W
YOR207C	YOR224C
YOR207C	YPR110C
YOR207C	YPR187W
YOR207C	YPR190C
YOR224C	YOR340C
YOR224C	YPL129W
YOR224C	YPR110C
YOR224C	YPR187W
YOR224C	YPR190C
YOR254C	YPL094C
YOR260W	YPL237W
YOR272W	YPL043W
YOR272W	YPL093W
YOR272W	YPL131W
YOR272W	YPL211W
YOR310C	YPL126W
YOR340C	YPR110C
YOR340C	YPR187W
YOR361C	YPR041W
YPL043W	YPL093W
YPL043W	YPL211W
YPL093W	YPL131W
YPL093W	YPL211W
YPL093W	YPL249C-A
YPL126W	YPL217C
YPL126W	YPL266W
YPL126W	YPR144C
YPL129W	YPL235W
YPL129W	YPR187W
YPL131W	YPL211W
YPL131W	YPL249C-A
YPL217C	YPR112C
YPL217C	YPR144C
YPL266W	YPR144C
YPR110C	YPR187W
YPR110C	YPR190C
YPR187W	YPR190C
