Complex_ID,Proteins,Size,Prediction_Score
Complex_1,YER070W;YGR180C;YIL066C;YJL026W,4,0.8762096762657166
Complex_2,YBL026W;YBR055C;YBR152W;YDL098C;YDR378C;YDR473C;YEL026W;YER029C;YER112W;YER146W;YER172C;YFL017W-A;YGR006W;YGR074W;YGR075C;YGR091W;YHR165C;YJR022W;YKL173W;YLR147C;YLR275W;YLR438C-A;YNL147W;YOR159C;YOR308C;YPR082C;YPR178W;YPR182W,28,0.9946401715278625
Complex_3,YGR082W;YHR117W;YMR203W;YNL070W;YNL121C;YNL131W;YOR045W,7,0.9963594079017639
Complex_4,YGL049C;YGR162W;YHL034C;YOL139C,4,0.9912291765213013
Complex_5,YDR318W;YDR357C;YER129W,3,0.9119186401367188
Complex_6,YFR006W;YGR170W;YMR176W,3,0.9580403566360474
Complex_7,YAL043C;YDR046C;YDR195W;YDR228C;YDR301W;YER165W;YGL044C;YJR093C;YKL059C;YLR115W;YLR277C;YMR061W;YNL222W;YNL317W;YOR250C;YPR107C,16,0.9549449682235718
Complex_8,YBR102C;YDR166C;YER008C;YGL233W;YIL068C;YJL085W;YLR166C;YPR055W,8,0.9919055700302124
Complex_9,YBL080C;YBR120C;YER153C;YGR222W;YLR067C;YLR203C;YMR064W;YMR257C;YMR282C;YNR045W;YPL029W,11,0.9620778560638428
Complex_10,YDL060W;YKL143W;YNL207W;YOR056C;YPL204W,5,0.9989230036735535
Complex_11,YDR359C;YEL018W;YFL024C;YFL039C;YGR002C;YHR090C;YHR099W;YJL081C;YJR082C;YNL107W;YOR244W;YPR023C,12,0.9785065054893494
Complex_12,YDR324C;YGR128C;YHR196W;YJL109C;YMR093W;YPL126W,6,0.9973681569099426
Complex_13,YBR055C;YBR152W;YDL030W;YDL098C;YDR473C;YER029C;YER172C;YGR091W;YHR165C;YJL203W;YKL173W;YMR240C;YOR308C;YPL213W;YPR178W,15,0.987434983253479
Complex_14,YGR078C;YLR200W;YNL153C,3,0.9871381521224976
Complex_15,YIL033C;YJL164C;YPL203W,3,0.9985276460647583
Complex_16,YER025W;YJR007W;YPL237W,3,0.9999920129776001
Complex_17,YEL051W;YGR020C;YKL080W;YOR332W;YPR036W,5,0.9958946704864502
Complex_18,YER149C;YLL021W;YLR319C,3,0.9996094107627869
Complex_19,YDL013W;YDR219C;YDR306C;YER116C;YER125W;YJL047C;YJL204C;YLR224W;YML111W;YMR275C;YNL311C;YOR057W,12,0.9913296699523926
Complex_20,YER105C;YGR185C;YIL020C,3,0.9435484409332275
Complex_21,YBR289W;YDR073W;YFL049W;YGR275W;YHL025W;YJL176C;YMR033W;YNR023W;YOR290C;YPL016W;YPL129W;YPR034W,12,0.9881857633590698
Complex_22,YDR016C;YGR129W;YPR085C,3,0.8977364897727966
Complex_23,YDR178W;YKL141W;YKL148C;YLL041C,4,0.9971784353256226
Complex_24,YIL070C;YJR140C;YPL153C,3,0.987273097038269
Complex_25,YBL063W;YDR424C;YDR488C;YEL061C;YGL005C;YGL216W;YHR129C;YHR156C;YKR054C;YMR198W;YMR294W;YPL155C;YPL174C;YPR141C,14,0.9575119614601135
Complex_26,YCR093W;YDL165W;YER068W;YIL038C;YPR072W,5,0.9857666492462158
Complex_27,YDR424C;YDR488C;YER016W;YFL037W;YGL216W;YKR054C;YLR254C;YML085C;YML124C;YMR198W;YMR299C;YOR269W;YPL155C;YPR141C,14,0.9883912801742554
Complex_28,YAL043C;YDR195W;YDR301W;YER133W;YGR156W;YJR093C;YKL018W;YKL059C;YKR002W;YLR115W;YLR277C;YNL222W;YNL317W;YOR179C;YPR107C,15,0.9553957581520081
Complex_29,YDL092W;YKL122C;YML105C;YPL210C;YPL243W;YPR088C,6,0.99456787109375
Complex_30,YBR289W;YDR073W;YHL025W;YJL176C;YMR033W;YNR023W;YPL016W,7,0.9940553903579712
Complex_31,YBR247C;YCL059C;YDL148C;YDR449C;YER082C;YGL171W;YGR090W;YGR145W;YLR129W;YNL132W;YPR144C,11,0.9031309485435486
Complex_32,YDL031W;YDR496C;YLR276C;YNL175C;YPL043W,5,0.9999421834945679
Complex_33,YLL048C;YNL238W;YOL031C,3,0.9856530427932739
Complex_34,YCR035C;YDL111C;YDR280W;YGR095C;YGR158C;YGR195W;YHR069C;YNL232W;YOL021C;YOL142W,10,0.9961942434310913
Complex_35,YDL030W;YDL043C;YER029C;YFL017W-A;YGR074W;YIR005W;YIR009W;YJL203W;YLR147C;YLR275W;YML049C;YMR240C;YMR288W;YNL286W;YOR159C;YOR319W;YPL213W;YPR182W,18,0.9982531666755676
Complex_36,YBR103W;YCR033W;YDR155C;YGL194C;YIL112W;YKR029C,6,0.9328519701957703
Complex_37,YHR186C;YJR066W;YNL006W;YPL180W,4,0.998913049697876
Complex_38,YGL019W;YIL035C;YOR039W;YOR061W,4,0.964118480682373
Complex_39,YBL046W;YDR075W;YNL201C,3,0.9983440637588501
Complex_40,YBR119W;YDL087C;YDR235W;YDR240C;YER029C;YFL017W-A;YGR013W;YGR074W;YHR086W;YIL061C;YKL012W;YLR147C;YLR275W;YLR298C;YML046W;YNL210W;YOR159C;YPR182W,18,0.9987298846244812
Complex_41,YDL195W;YHR098C;YIL109C;YLR208W;YNL049C;YPL218W;YPR181C,7,0.9996975660324097
Complex_42,YGR072W;YHR077C;YMR080C,3,0.9301943778991699
Complex_43,YDL130W-A;YDL181W;YDR298C;YGR008C;YKL016C;YPL078C,6,0.965231716632843
Complex_44,YBR107C;YDR318W;YGR179C;YJR135C;YLR381W;YPL018W;YPR046W,7,0.9984721541404724
Complex_45,YAL007C;YAL042W;YAR002C-A;YDL195W;YGL200C;YIL109C;YLR208W;YML012W;YPL085W;YPL218W;YPR181C,11,0.9917436242103577
Complex_46,YCL057W;YDR460W;YFL039C;YJL141C,4,0.9071856737136841
Complex_47,YFR019W;YFR021W;YLR386W;YNL054W;YNL325C,5,0.9993009567260742
Complex_48,YDR324C;YMR093W;YPL126W;YPL160W,4,0.9995518326759338
Complex_49,YDR060W;YFL002C;YHR052W;YOL077C;YOR206W;YOR272W;YPL043W,7,0.9953274726867676
Complex_50,YDR318W;YGR179C;YPL018W,3,0.9990476965904236
Complex_51,YBR278W;YNL262W;YPR175W,3,0.9675925970077515
Complex_52,YDL007W;YDL020C;YDL097C;YDL147W;YDR394W;YDR427W;YER021W;YFR004W;YFR010W;YFR052W;YGL048C;YGL141W;YHL030W;YHR027C;YHR200W;YIL075C;YKL145W;YLR421C;YOR117W;YOR259C;YOR261C;YPR108W,22,0.9991620779037476
Complex_53,YBL023C;YDR231C;YNL045W;YNL091W;YNL107W,5,0.9321375489234924
Complex_54,YAL047C;YGR240C;YHR172W;YLR212C;YNL126W,5,0.9971440434455872
Complex_55,YBR188C;YDR473C;YDR482C,3,0.815265417098999
Complex_56,YBR041W;YMR246W;YOR317W,3,0.9704853892326355
Complex_57,YCR002C;YDL225W;YDR218C;YGR059W;YHR107C;YJR076C;YLR314C,7,0.998603880405426
Complex_58,YCR042C;YDR328C;YEL060C;YJL020C;YJL155C,5,0.9349499940872192
Complex_59,YDL007W;YDR394W;YGL048C;YHR027C;YHR200W;YIL075C;YKL145W;YOR117W;YOR259C,9,0.9969000816345215
Complex_60,YBL097W;YDR325W;YFR031C;YLR086W;YLR272C,5,0.9923694133758545
Complex_61,YDR211W;YER025W;YGR083C;YJR007W;YKR026C;YLR291C;YNL265C;YOR101W;YOR260W;YPL237W,10,0.9945612549781799
Complex_62,YBR193C;YBR253W;YCR081W;YDR308C;YDR443C;YER022W;YGL025C;YGL151W;YGR104C;YHR041C;YHR058C;YLR071C;YMR112C;YNL236W;YNR010W;YOL051W;YOL135C;YPR070W;YPR168W,19,0.9987429976463318
Complex_63,YDL040C;YHR013C;YOR253W,3,0.9920603036880493
Complex_64,YAL040C;YBR160W;YDL155W;YGR108W;YLR210W;YMR199W;YPL256C;YPR119W;YPR120C,9,0.9999566078186035
Complex_65,YDL003W;YFL008W;YIL026C;YJL074C;YPR007C,5,0.9781621694564819
Complex_66,YDR057W;YJL034W;YLR207W,3,0.9940729737281799
Complex_67,YDL020C;YDR069C;YGR270W,3,0.9823567867279053
Complex_68,YAL034W-A;YBR107C;YBR211C;YCL029C;YCR086W;YDL028C;YDR016C;YDR201W;YDR254W;YDR318W;YDR328C;YDR383C;YDR439W;YEL061C;YER016W;YER018C;YER106W;YFR046C;YGL061C;YGR063C;YGR113W;YGR140W;YGR179C;YGR188C;YIL144W;YIR010W;YJL030W;YJR060W;YJR089W;YJR112W;YJR135C;YKL049C;YKL052C;YKL089W;YKR037C;YKR083C;YLR045C;YLR315W;YLR381W;YMR094W;YMR117C;YMR168C;YOL069W;YOR026W;YOR073W;YOR195W;YPL018W;YPL204W;YPL209C;YPL233W;YPR046W,51,0.9747013449668884
Complex_69,YGR033C;YIL077C;YIL138C;YMR225C;YNL078W;YOL053W,6,0.8703919649124146
Complex_70,YBL041W;YER012W;YER094C;YFR050C;YGL011C;YGR135W;YGR253C;YJL001W;YML092C;YMR308C;YMR314W;YOL038W;YOR157C;YOR362C;YPR103W,15,0.9891113638877869
Complex_71,YBL038W;YBR122C;YBR268W;YBR282W;YCR003W;YCR046C;YCR071C;YDL202W;YDR115W;YDR116C;YDR237W;YDR322W;YDR405W;YDR462W;YEL050C;YGL068W;YGR076C;YGR220C;YHR147C;YJL063C;YJL096W;YKL138C;YKL167C;YKL170W;YKR006C;YKR085C;YLR312W-A;YLR439W;YML009C;YML025C;YMR024W;YMR193W;YMR225C;YMR286W;YNL005C;YNL177C;YNL185C;YNL252C;YNL284C;YNR022C;YOR150W;YPL173W;YPL183W-A;YPR100W,44,0.9867153763771057
Complex_72,YBL042C;YDL076C;YER094C;YGR237C;YOL115W,5,0.9530056118965149
Complex_73,YDL084W;YDR381W;YNL253W,3,0.9999970197677612
Complex_74,YAL030W;YHL031C;YIL004C;YLR078C;YLR093C;YLR268W;YMR197C;YOR327C,8,0.9995691180229187
Complex_75,YDR106W;YHR129C;YMR294W;YPL174C,4,0.9886348247528076
Complex_76,YCR035C;YDL111C;YDR280W;YGR095C;YGR158C;YGR195W;YHR069C;YHR081W;YNL232W;YOL021C;YOL142W;YOR001W,12,0.9942405223846436
Complex_77,YHR186C;YJR066W;YKL203C;YNL006W;YPL180W,5,0.9879113435745239
Complex_78,YAL013W;YBL054W;YBR095C;YBR103W;YCR033W;YDL076C;YDR207C;YER088C;YGL194C;YIL084C;YKL185W;YKR029C;YLR183C;YMR263W;YNL097C;YNL330C;YOL004W;YPL139C;YPL181W,19,0.9820888042449951
Complex_79,YCR035C;YDL111C;YDR280W;YGR095C;YGR158C;YGR195W;YHR069C;YNL232W;YOL021C;YOL142W;YOR001W;YOR076C,12,0.9914355874061584
Complex_80,YDL115C;YDR404C;YGL070C;YGR005C;YGR186W;YIL021W;YJL140W;YOL005C;YOR151C,9,0.9935135841369629
Complex_81,YDL085W;YDL174C;YGR207C;YIL155C;YKL085W;YKL148C;YML054C;YML120C;YMR145C;YNR001C;YOR356W;YOR374W;YPL262W;YPR004C,14,0.9953719973564148
Complex_82,YAR008W;YLR105C;YMR059W;YPL083C,4,0.9330195188522339
Complex_83,YOR070C;YOR322C;YPR082C,3,0.9598312973976135
Complex_84,YAR007C;YDR097C;YIR002C;YML032C,4,0.9811285734176636
Complex_85,YEL059C-A;YMR035W;YMR150C,3,0.9999980926513672
Complex_86,YDR466W;YJL066C;YJL107C,3,0.9639858603477478
Complex_87,YBL099W;YBR039W;YDL004W;YJR121W;YPL271W,5,0.9715918898582458
Complex_88,YBR135W;YBR160W;YDL127W;YDL179W;YER059W;YGL134W;YGL215W;YHR071W;YIL050W;YNL289W;YOL001W;YPL031C;YPL219W;YPL256C,14,0.9943526983261108
Complex_89,YGL035C;YGR203W;YLR120C,3,0.8279147148132324
Complex_90,YAL013W;YBL054W;YBR095C;YDL076C;YDR207C;YER088C;YIL084C;YKL185W;YMR263W;YNL097C;YNL330C;YOL004W;YPL139C;YPL181W,14,0.966323733329773
Complex_91,YCR002C;YDL225W;YDR218C;YGR059W;YHR107C;YJR076C;YLR314C;YML104C,8,0.9986244440078735
Complex_92,YCR095C;YDR067C;YHL029C;YNL032W;YNL056W;YNL099C,6,0.9786721467971802
Complex_93,YBL034C;YBR211C;YCL029C;YDR201W;YHR129C;YIL144W;YKR037C;YKR054C;YLR045C;YMR065W;YMR198W;YMR294W;YOL069W;YPR141C,14,0.9988747239112854
Complex_94,YBR081C;YDR392W;YDR448W;YGL112C;YHR099W,5,0.9578182697296143
Complex_95,YCR033W;YMR263W;YNL021W;YNL330C;YOL004W,5,0.9842373728752136
Complex_96,YGR200C;YHR187W;YLR384C;YPL086C;YPL101W,5,0.9984342455863953
Complex_97,YAL032C;YBL026W;YBL074C;YBR065C;YBR119W;YBR188C;YBR237W;YDL030W;YDL043C;YDL084W;YDL087C;YDL098C;YDL209C;YDR088C;YDR235W;YDR240C;YDR243C;YDR364C;YDR378C;YDR416W;YDR473C;YDR482C;YEL026W;YER013W;YER029C;YER112W;YER146W;YER172C;YFL017W-A;YGL120C;YGL128C;YGL174W;YGR006W;YGR013W;YGR074W;YGR075C;YGR091W;YGR129W;YGR278W;YHR086W;YHR156C;YHR165C;YIL061C;YIR005W;YIR009W;YJL203W;YJR022W;YJR050W;YKL012W;YKL074C;YKL173W;YKR022C;YKR086W;YLL036C;YLR116W;YLR117C;YLR147C;YLR275W;YLR298C;YLR323C;YLR424W;YLR438C-A;YML046W;YML049C;YMR125W;YMR213W;YMR240C;YMR268C;YMR288W;YNL147W;YNL210W;YNL245C;YNL286W;YNR011C;YOR148C;YOR159C;YOR308C;YOR319W;YPL064C;YPL151C;YPL178W;YPL213W;YPR057W;YPR082C;YPR094W;YPR101W;YPR152C;YPR182W,88,0.9806390404701233
Complex_98,YCR081W;YDR443C;YNL025C;YPL042C,4,0.9999669790267944
Complex_99,YFL037W;YJR132W;YLR106C,3,0.9150007367134094
Complex_100,YDL014W;YEL026W;YLR197W;YOR310C,4,0.9997604489326477
Complex_101,YDR468C;YDR498C;YLR026C;YMR183C;YOL018C;YOR036W;YOR075W;YPL232W,8,0.9493725299835205
Complex_102,YJR041C;YKL014C;YOL144W,3,0.9587624669075012
Complex_103,YBR081C;YCL010C;YDR176W;YDR392W;YDR448W;YGL066W;YLR055C;YOL148C;YPL254W,9,0.9721149206161499
Complex_104,YER103W;YIL119C;YJL001W;YLR424W;YNL113W;YOR360C;YPR160W,7,0.9015233516693115
Complex_105,YAL021C;YCR093W;YDL165W;YER068W;YFL028C;YGR134W;YIL038C;YKR036C;YNL278W;YNL288W;YNR052C;YPR072W,12,0.9904758334159851
Complex_106,YER034W;YJR149W;YKL150W;YPR055W,4,0.9424982070922852
Complex_107,YDL113C;YDR425W;YJL036W,3,0.9983839988708496
Complex_108,YDL132W;YDR328C;YJR090C;YOL133W,4,0.9909297823905945
Complex_109,YBR154C;YDL150W;YDR045C;YHR143W-A;YJL011C;YKL144C;YKR025W;YNL113W;YNL151C;YNR003C;YOR116C;YOR207C;YOR210W;YOR224C;YPR110C;YPR187W;YPR190C,17,0.9659721851348877
Complex_110,YCR020C-A;YEL053C;YPR051W,3,0.9991530179977417
Complex_111,YDL150W;YKL144C;YKR025W;YNL151C;YNR003C;YOR116C;YOR207C;YPR110C;YPR190C,9,0.9979521632194519
Complex_112,YBR091C;YDL217C;YJL054W;YOR297C,4,0.9958103895187378
Complex_113,YEL039C;YGR116W;YOR219C,3,0.9754673838615417
Complex_114,YBR091C;YDL217C;YEL020W-A;YHR005C-A;YJL054W;YOR297C,6,0.9972647428512573
Complex_115,YGL049C;YGR162W;YOR276W,3,0.999606192111969
Complex_116,YBL016W;YDL159W;YDR103W;YDR179C;YDR422C;YDR477W;YER027C;YGL115W;YGL208W;YGR040W;YHR005C;YJL089W;YJR084W;YJR086W;YLR362W;YOR212W,16,0.9985969662666321
Complex_117,YGR287C;YKR078W;YPR040W,3,0.9576653242111206
Complex_118,YDR424C;YDR488C;YKR054C,3,0.950660228729248
Complex_119,YDR365C;YHR169W;YJL033W;YLR197W;YNR043W,5,0.9856505990028381
Complex_120,YGR103W;YMR049C;YOR272W,3,0.9759621024131775
Complex_121,YJL099W;YMR237W;YOR299W,3,0.9648284316062927
Complex_122,YDR190C;YDR448W;YER092W;YNL030W;YNR023W;YOL017W;YPL082C;YPL235W,8,0.9953311085700989
Complex_123,YHR052W;YHR085W;YKL172W,3,0.990339457988739
Complex_124,YBL034C;YBL063W;YBL078C;YCL029C;YDR424C;YDR488C;YEL061C;YER016W;YFL037W;YGL005C;YGL216W;YHR129C;YHR156C;YJL042W;YKR054C;YLR045C;YLR175W;YLR212C;YML085C;YML124C;YMR138W;YMR198W;YMR294W;YNL126W;YNL223W;YOR058C;YOR265W;YOR272W;YPL155C;YPL174C;YPL241C;YPR141C,32,0.9862226843833923
Complex_125,YCL061C;YMR048W;YNL273W,3,0.9902745485305786
Complex_126,YBR119W;YDL087C;YDR235W;YDR240C;YER029C;YFL017W-A;YGR013W;YGR074W;YHR086W;YIL061C;YKL012W;YKL074C;YLR116W;YLR147C;YLR275W;YLR298C;YML046W;YMR125W;YOR159C;YPL178W;YPR182W,21,0.9986444115638733
Complex_127,YBR039W;YDL004W;YPL271W,3,0.9198135733604431
Complex_128,YBL025W;YLR141W;YMR270C,3,0.9999947547912598
Complex_129,YBL037W;YBR288C;YER157W;YGL005C;YGL223C;YGR120C;YGR261C;YHL019C;YJL024C;YJR005W;YJR058C;YKL135C;YLR170C;YML071C;YNL041C;YNL051W;YOL062C;YPL195W;YPL259C;YPR029C;YPR105C,21,0.9497711062431335
Complex_130,YDL097C;YDL147W;YDR427W;YFR004W;YFR052W;YHL030W;YHR027C;YHR200W;YKL145W;YLR421C;YOR261C;YPR108W,12,0.9999300241470337
Complex_131,YCR011C;YDL181W;YDR192C;YJR035W,4,0.8868342638015747
Complex_132,YAL047C;YBR109C;YDR356W;YKL042W;YNL225C;YOR373W;YPL124W,7,0.9852708578109741
Complex_133,YCR048W;YDL006W;YDL181W;YDR244W;YIR022W;YKR020W;YOR117W;YPL178W,8,0.7904581427574158
Complex_134,YER149C;YLL021W;YLR313C;YLR319C;YNL271C;YNL293W;YOL112W,7,0.9959393739700317
Complex_135,YAL033W;YBL018C;YBR167C;YBR257W;YGR030C;YHR062C;YNL221C;YNL282W,8,0.9920768737792969
Complex_136,YAL001C;YBR123C;YDR362C;YGR047C;YOR110W,5,0.9079713821411133
Complex_137,YLR234W;YMR190C;YPL024W,3,0.9998012185096741
Complex_138,YBR245C;YLR095C;YMR044W,3,0.9881187081336975
Complex_139,YIL055C;YJL167W;YPL232W,3,0.9866728782653809
Complex_140,YCL029C;YDL028C;YDR016C;YDR130C;YDR201W;YDR318W;YDR356W;YDR532C;YEL061C;YER018C;YER106W;YER133W;YGL060W;YGL061C;YGL093W;YGR113W;YGR140W;YGR179C;YGR188C;YIL144W;YJR089W;YJR135C;YKL052C;YKL089W;YKR037C;YKR083C;YLR045C;YLR381W;YMR094W;YMR117C;YMR168C;YOL069W;YOR026W;YOR073W;YOR195W;YPL018W;YPL209C;YPL268W;YPR046W,39,0.982082188129425
Complex_141,YIL062C;YMR289W;YPL210C,3,0.8229309916496277
Complex_142,YHL022C;YHR157W;YLR329W,3,0.9997826218605042
Complex_143,YBR236C;YDL115C;YDR392W;YGR097W;YGR252W;YLR055C;YML010W;YOL148C,8,0.9674838185310364
Complex_144,YLR106C;YNL071W;YPL027W,3,0.9536008238792419
Complex_145,YER147C;YGR143W;YKL105C,3,0.8807938098907471
Complex_146,YDR289C;YGL246C;YOR048C,3,0.8576714396476746
Complex_147,YDL090C;YGL155W;YJL031C;YKL019W;YOR370C;YPR176C,6,0.9951816201210022
Complex_148,YBR149W;YML049C;YNR019W,3,0.8884284496307373
Complex_149,YDR457W;YHL011C;YKL029C,3,0.9984825253486633
Complex_150,YHR085W;YHR197W;YNL182C,3,0.969160795211792
Complex_151,YCR002C;YHR107C;YJR076C;YLR314C,4,0.9988263249397278
Complex_152,YGR082W;YMR203W;YNL070W;YNL121C;YNL131W;YOR045W;YPR133W-A,7,0.9938308000564575
Complex_153,YAR002W;YBL079W;YDL088C;YDL116W;YDL207W;YDR159W;YDR192C;YDR395W;YDR424C;YER105C;YER107C;YER110C;YFR002W;YGL016W;YGL086W;YGL092W;YGL100W;YGL172W;YGL238W;YGL241W;YGR119C;YGR218W;YHR015W;YIL063C;YIL115C;YIL149C;YJL030W;YJL039C;YJL041W;YJL061W;YJR042W;YJR132W;YKL057C;YKL068W;YKL186C;YKR082W;YKR095W;YLR018C;YLR208W;YLR335W;YLR347C;YML031W;YML103C;YML107C;YMR047C;YMR129W;YMR153W;YMR255W;YMR273C;YNL189W;YOL072W;YOR046C;YOR098C;YOR112W;YOR257W;YPL020C;YPL125W;YPL169C,58,0.9806734323501587
Complex_154,YFL034W;YNL164C;YNL165W,3,0.9412257075309753
Complex_155,YDR354W;YDR428C;YFL042C;YJR056C,4,0.8372553586959839
Complex_156,YBR091C;YDL217C;YEL020W-A;YHR005C-A;YJL054W,5,0.9956165552139282
Complex_157,YBR171W;YLR292C;YOR254C;YPL094C,4,0.9977530837059021
Complex_158,YDR101C;YER006W;YER126C;YGR245C;YKL009W;YKR081C;YLR449W;YNL061W;YNR053C;YPL093W;YPL211W;YPR016C,12,0.8348739147186279
Complex_159,YBR002C;YLR015W;YML119W,3,0.8593526482582092
Complex_160,YDR310C;YOL068C;YOR279C,3,0.8215430974960327
Complex_161,YFR002W;YGL172W;YGR119C;YJL041W,4,0.9927355051040649
Complex_162,YBL041W;YBR173C;YER012W;YER094C;YFR050C;YGL011C;YGR135W;YGR253C;YJL001W;YML092C;YMR314W;YOL038W;YOR157C;YOR362C;YPR103W,15,0.969944179058075
Complex_163,YAL043C;YDR195W;YDR301W;YER133W;YGR156W;YJR093C;YKL018W;YKL059C;YKR002W;YLR115W;YLR277C;YMR061W;YNL222W;YNL317W;YOR179C;YPR107C,16,0.9167410731315613
Complex_164,YCR035C;YDL111C;YDR280W;YGR095C;YGR195W;YHR069C;YOL021C,7,0.9848264455795288
Complex_165,YEL056W;YLL022C;YPL001W,3,0.9999077320098877
Complex_166,YBL023C;YBR060C;YBR202W;YBR278W;YDL102W;YEL032W;YGL201C;YHR118C;YJL090C;YJR006W;YJR043C;YLL004W;YLR103C;YLR274W;YML065W;YNL261W;YNL262W;YPR019W;YPR162C;YPR175W,20,0.983025074005127
Complex_167,YDL126C;YLR219W;YPR162C,3,0.8870788812637329
Complex_168,YAL042W;YML067C;YML130C,3,0.9157155156135559
Complex_169,YDL145C;YDR238C;YER122C;YFR051C;YGL137W;YIL076W;YNL287W;YPL010W,8,0.9983920454978943
Complex_170,YER094C;YGL011C;YJL001W;YML092C;YOL038W;YOR362C;YPR103W,7,0.9158052206039429
Complex_171,YBL074C;YBR055C;YBR142W;YBR152W;YBR237W;YDL209C;YDR088C;YDR243C;YDR364C;YER013W;YER112W;YER172C;YGL120C;YGL128C;YGR006W;YGR074W;YGR075C;YGR091W;YGR278W;YHR165C;YIL061C;YKL012W;YKL074C;YKL078W;YKR086W;YLR147C;YLR298C;YML046W;YMR268C;YNR011C;YOR148C;YOR159C;YPL178W;YPR057W;YPR178W,35,0.9566741585731506
Complex_172,YBL093C;YBR193C;YBR253W;YCR081W;YDL005C;YDL140C;YDR308C;YDR443C;YER022W;YGL025C;YGL127C;YGL151W;YGR104C;YHR041C;YHR058C;YLR071C;YMR112C;YNL025C;YNL236W;YNR010W;YOL051W;YOL135C;YOR174W;YPL129W;YPR070W;YPR168W,26,0.9897196292877197
Complex_173,YEL003W;YGR078C;YJL179W;YLR200W;YML094W;YNL153C,6,0.9398281574249268
Complex_174,YBR004C;YDR245W;YEL036C;YJL183W;YJR075W;YML115C;YNL158W;YPL050C,8,0.9800459146499634
Complex_175,YDR254W;YDR318W;YGR179C;YJR135C;YLR381W;YPL018W,6,0.9852767586708069
Complex_176,YJR125C;YKL015W;YOR005C;YPL236C,4,0.8991237878799438
Complex_177,YDR152W;YJR104C;YOR039W,3,0.8468001484870911
Complex_178,YBR094W;YBR212W;YCR077C;YDL160C;YDR206W;YDR404C;YEL015W;YGL173C;YHL034C;YJL124C;YJL140W;YLR270W;YML091C;YNL118C;YOL149W;YOR173W,16,0.9752899408340454
Complex_179,YBR102C;YLR178C;YOR355W,3,0.8209201097488403
Complex_180,YBR208C;YCR038C;YGL197W,3,0.8839753866195679
Complex_181,YCR028C;YJL149W;YLR396C,3,0.8919304609298706
Complex_182,YBR211C;YDR318W;YGR179C;YPL018W,4,0.9547162055969238
Complex_183,YBR049C;YGL234W;YOL006C,3,0.9894388318061829
Complex_184,YFL042C;YLL010C;YPR083W,3,0.9151580929756165
Complex_185,YAL010C;YLL006W;YOL009C,3,0.9939844012260437
Complex_186,YBL008W;YBR195C;YBR215W;YER030W;YJL115W;YJR140C;YML102W;YOL012C;YOR038C;YPR018W,10,0.9515055418014526
Complex_187,YBL058W;YBR170C;YDL126C;YDR049W;YGR048W,5,0.9753425121307373
Complex_188,YAR007C;YJL173C;YNL312W,3,0.9692349433898926
Complex_189,YAL016W;YDL134C;YPL152W,3,0.9511832594871521
Complex_190,YBL031W;YFL037W;YGL216W;YLR186W;YML085C;YML124C;YOR058C,7,0.971606969833374
Complex_191,YDL216C;YDR179C;YIL071C;YMR025W;YOL117W,5,0.9931055903434753
Complex_192,YFL024C;YFL039C;YHR090C;YHR099W;YJL081C;YML007W;YNL027W;YOR244W;YPR023C,9,0.9280086755752563
Complex_193,YDR468C;YDR498C;YGL212W;YLR026C;YMR183C;YOL018C;YOR036W;YOR075W;YOR106W;YPL232W,10,0.9487572312355042
Complex_194,YBR280C;YDL132W;YDR054C;YDR131C;YDR328C;YFL009W;YIL046W;YJL149W;YJL204C;YJR090C;YLR097C;YLR368W;YML088W;YNL311C;YOL133W;YOR080W,16,0.855535089969635
Complex_195,YBR077C;YGR163W;YKR007W,3,0.9211863875389099
Complex_196,YAL002W;YDL077C;YDR080W;YLR148W;YLR396C;YMR231W;YPL045W,7,0.9640598893165588
Complex_197,YER107C;YIR001C;YMR230W,3,0.8860142827033997
Complex_198,YDL102W;YJR006W;YJR043C,3,0.9839206337928772
Complex_199,YAL029C;YBL007C;YBR172C;YBR200W;YBR234C;YCL040W;YCR088W;YDL029W;YDL178W;YDR129C;YDR388W;YFL039C;YGR080W;YHR023W;YHR179W;YIL034C;YIL138C;YIR006C;YKL007W;YKL079W;YKL129C;YLL050C;YLR319C;YLR337C;YLR429W;YMR092C;YMR109W;YNL079C;YNL138W;YNL243W;YOR122C;YOR181W;YOR326W,33,0.9975144863128662
Complex_200,YDR301W;YER094C;YOL072W,3,0.7902461290359497
Complex_201,YBR170C;YDL126C;YIL030C;YML013W;YMR264W,5,0.9046088457107544
Complex_202,YAR002W;YLR335W;YLR347C;YNL189W,4,0.9929793477058411
Complex_203,YGL049C;YGR162W;YJL138C;YOL139C,4,0.9809573888778687
Complex_204,YDR181C;YDR443C;YPL045W;YPR031W,4,0.8893893361091614
Complex_205,YBR086C;YBR196C;YPL095C,3,0.8277567625045776
Complex_206,YGR170W;YJR138W;YMR176W,3,0.9624749422073364
Complex_207,YER030W;YJL115W;YOL012C,3,0.9812757968902588
Complex_208,YGL133W;YOL086C;YOR304W,3,0.8884463310241699
Complex_209,YDL069C;YDR197W;YHL038C;YJL209W,4,0.9948582649230957
Complex_210,YBR254C;YDR108W;YDR246W;YDR472W;YKR068C;YML077W;YOR115C,7,0.8622220158576965
Complex_211,YBR234C;YDL029W;YIL062C;YJR065C;YKL013C;YLR370C;YNR035C,7,0.9791437983512878
Complex_212,YDR153C;YGL206C;YGR167W;YJR125C,4,0.9807376265525818
Complex_213,YBL007C;YFR024C-A;YOR181W,3,0.9935553669929504
Complex_214,YDL105W;YDR288W;YEL019C;YER038C;YLR007W;YLR383W;YML023C;YOL034W,8,0.8766420483589172
Complex_215,YAL010C;YHR083W;YMR060C;YNL026W,4,0.9999980926513672
Complex_216,YBR272C;YGL161C;YNL292W;YOR100C,4,0.8164264559745789
Complex_217,YDL175C;YIL079C;YJL050W;YNL299W;YOL115W,5,0.9829802513122559
Complex_218,YBR195C;YDL042C;YDR227W;YFR028C;YJL076W;YKR101W;YLR442C;YOL068C;YOR025W;YPL126W,10,0.9619768261909485
Complex_219,YIL119C;YNL136W;YNL194C;YPL049C,4,0.8306788802146912
Complex_220,YBL041W;YER012W;YER094C;YFL007W;YFR050C;YGL011C;YGR135W;YGR253C;YJL001W;YML092C;YMR314W;YOL038W;YOR157C;YOR362C;YPR103W,15,0.9664135575294495
Complex_221,YDR314C;YKL101W;YPL048W,3,0.9878801703453064
Complex_222,YCR077C;YDR037W;YER146W;YJL124C,4,0.9827110171318054
Complex_223,YDR253C;YIR017C;YNL103W,3,0.9698282480239868
Complex_224,YBR278W;YDR121W;YJL090C;YNL262W;YPR175W,5,0.9418604969978333
Complex_225,YDR028C;YDR422C;YDR477W;YER027C;YGL115W,5,0.9780070185661316
Complex_226,YGR234W;YKL085W;YLR304C,3,0.9477316737174988
Complex_227,YAL043C;YJR093C;YLR277C,3,0.9449490904808044
Complex_228,YBL030C;YKL092C;YOR153W,3,0.9986793398857117
Complex_229,YBR114W;YDL108W;YDR311W;YDR460W;YEL037C;YER162C;YER171W;YGR258C;YIL143C;YJR052W;YLR005W;YML095C;YMR201C;YPL022W;YPL122C;YPR025C,16,0.9189881086349487
Complex_230,YER072W;YFL004W;YJL012C;YPL019C,4,0.9116033911705017
Complex_231,YBR135W;YBR160W;YDL127W;YDL179W;YER059W;YGL134W;YGL215W;YGR108W;YHR071W;YIL050W;YLR226W;YNL289W;YOL001W;YPL031C;YPL219W;YPL256C;YPR161C,17,0.9865108132362366
Complex_232,YAL021C;YCR093W;YDL160C;YDL165W;YER068W;YFL028C;YGR092W;YIL038C;YIL106W;YJR122W;YKR036C;YNR052C;YPR072W,13,0.9625745415687561
Complex_233,YBL084C;YDL108W;YDR311W;YDR460W;YER171W;YIL143C;YLR005W;YNL135C;YPL122C;YPR025C;YPR056W,11,0.9696983098983765
Complex_234,YGR033C;YJL104W;YJL143W;YLR008C;YNR017W;YPL063W,6,0.9814264178276062
Complex_235,YBR119W;YDL087C;YDR235W;YDR240C;YER029C;YFL017W-A;YGR013W;YGR074W;YHR086W;YIL061C;YKL012W;YLR147C;YLR275W;YLR298C;YML046W;YOR159C;YPR182W,17,0.9951015114784241
Complex_236,YDL092W;YML105C;YPL210C;YPL243W;YPR088C,5,0.9919548630714417
Complex_237,YFL022C;YLR060W;YPR047W,3,0.9115830659866333
Complex_238,YCR052W;YFR037C;YGR056W;YIL126W;YKR008W;YLR321C;YLR357W;YMR033W;YOR213C;YPR034W,10,0.8767883777618408
Complex_239,YAL043C;YDR301W;YJR093C;YKL059C;YKR002W;YLR115W;YLR277C;YNL317W;YPR107C,9,0.9408093690872192
Complex_240,YJL065C;YJR104C;YKL125W;YKR078W;YLR399C,5,0.8536403775215149
Complex_241,YBR238C;YNR034W;YPR063C,3,0.8511587381362915
Complex_242,YDR382W;YIL029C;YJL066C,3,0.790927529335022
Complex_243,YDL002C;YER092W;YFL013C;YGL150C;YLR052W;YOR141C,6,0.8336743712425232
Complex_244,YAL047C;YBR109C;YDR356W;YER018C;YGL093W;YHR172W;YKL042W;YLR212C;YMR117C;YNL126W;YNL188W;YNL225C;YOR257W;YOR373W;YPL124W;YPL255W,16,0.9942295551300049
Complex_245,YKL002W;YLR025W;YMR077C,3,0.9809474945068359
Complex_246,YJL124C;YKL204W;YOR276W,3,0.9972297549247742
Complex_247,YFR001W;YKL104C;YNR003C,3,0.8098106384277344
Complex_248,YBR196C;YCR072C;YJR065C;YLR125W;YMR052W;YPL195W,6,0.8891629576683044
Complex_249,YAL029C;YBL007C;YBL034C;YBL063W;YBL078C;YBR172C;YBR200W;YBR234C;YCL029C;YCL040W;YCR002C;YCR088W;YDL029W;YDL178W;YDL225W;YDR129C;YDR218C;YDR388W;YDR424C;YDR488C;YEL061C;YER016W;YFL037W;YFL039C;YGL005C;YGL216W;YGR059W;YGR080W;YHR023W;YHR107C;YHR129C;YHR156C;YHR179W;YIL034C;YIL138C;YIR006C;YJL042W;YJR076C;YKL007W;YKL079W;YKL129C;YKR054C;YLL050C;YLR045C;YLR175W;YLR212C;YLR314C;YLR319C;YLR337C;YLR429W;YML085C;YML104C;YML124C;YMR092C;YMR109W;YMR138W;YMR198W;YMR294W;YNL079C;YNL126W;YNL138W;YNL223W;YNL243W;YOR058C;YOR122C;YOR181W;YOR265W;YOR272W;YOR326W;YPL155C;YPL174C;YPL241C;YPR141C,73,0.9928515553474426
Complex_250,YAL021C;YBR279W;YDR138W;YGL244W;YLR418C;YOL145C;YOR123C,7,0.9832473397254944
Complex_251,YBR288C;YGR261C;YPL195W,3,0.9023895859718323
Complex_252,YDR311W;YDR460W;YER171W;YGR258C;YIL143C;YLR005W;YPL122C;YPR056W,8,0.9679475426673889
Complex_253,YDR253C;YIR017C;YJR060W;YNL103W;YPL038W,5,0.918133556842804
Complex_254,YDL002C;YDR190C;YFL013C;YFL039C;YGL150C;YJL081C;YLR052W;YNL059C;YOR141C;YOR189W;YPL129W;YPL235W,12,0.9265189170837402
Complex_255,YDR176W;YDR448W;YGR252W;YOR023C;YPL254W,5,0.9447660446166992
Complex_256,YGR033C;YIL022W;YJL143W;YJR045C;YKR065C;YLR008C;YNL328C;YNR017W;YOR232W;YPL063W,10,0.9920130372047424
Complex_257,YIL009C-A;YLR233C;YLR318W,3,0.9778729677200317
Complex_258,YBR087W;YJR068W;YNL290W;YOL094C;YOR144C,5,0.993346095085144
Complex_259,YBR114W;YCR092C;YDL108W;YDR004W;YDR076W;YDR097C;YDR311W;YDR369C;YDR460W;YEL037C;YER095W;YER162C;YER171W;YGL090W;YGL163C;YGR258C;YIL143C;YJR052W;YLR005W;YML032C;YML095C;YMR106C;YMR167W;YMR201C;YMR224C;YMR284W;YNL082W;YNL250W;YOL090W;YOR005C;YPL022W;YPL122C;YPR025C,33,0.9478268623352051
Complex_260,YDR477W;YGL115W;YGL208W,3,0.9764364957809448
Complex_261,YBR216C;YCR072C;YDR080W;YKL007W,4,0.90111243724823
Complex_262,YAL021C;YAL051W;YBL103C;YBR081C;YBR112C;YBR198C;YBR289W;YCL010C;YCR084C;YCR093W;YDL056W;YDL160C;YDL165W;YDR009W;YDR073W;YDR138W;YDR145W;YDR167W;YDR173C;YDR176W;YDR207C;YDR253C;YDR392W;YDR397C;YDR448W;YER068W;YER111C;YER159C;YFL028C;YGL066W;YGL112C;YGR092W;YGR252W;YHL025W;YHR099W;YHR193C;YIL038C;YIL106W;YIR017C;YJL176C;YJR060W;YJR094C;YJR122W;YKR036C;YLR055C;YLR182W;YLR451W;YML051W;YML099C;YMR033W;YMR042W;YMR043W;YMR053C;YMR236W;YNL103W;YNL199C;YNL309W;YNL330C;YNR023W;YNR052C;YOL004W;YOL067C;YOL148C;YOR290C;YOR363C;YPL016W;YPL037C;YPL038W;YPL075W;YPL082C;YPL129W;YPL248C;YPL254W;YPR034W;YPR072W,75,0.9635436534881592
Complex_263,YAL001C;YBR123C;YDR362C;YGR047C;YOR110W;YPL007C,6,0.904388427734375
Complex_264,YAL053W;YCR095C;YEL034W;YIL062C;YLR035C;YOL025W,6,0.8786898851394653
Complex_265,YDR127W;YER095W;YGR234W,3,0.9987555742263794
Complex_266,YJL203W;YLL036C;YPR101W,3,0.9824659824371338
Complex_267,YHR102W;YKL189W;YOR353C,3,0.8147313594818115
Complex_268,YDL100C;YER083C;YGL020C,3,0.9736260175704956
Complex_269,YDR113C;YGR098C;YML034W,3,0.8192335963249207
Complex_270,YBL084C;YDL008W;YDR118W;YDR260C;YFR036W;YGL003C;YGL116W;YGL240W;YGR225W;YHR166C;YIR025W;YKL022C;YLR102C;YLR127C;YNL172W;YOR249C,16,0.9793845415115356
Complex_271,YIL115C;YJL041W;YJL061W,3,0.9997311234474182
Complex_272,YIL029C;YJL122W;YLR025W,3,0.8589025139808655
Complex_273,YBL037W;YGL206C;YGR167W;YHL019C;YJL207C;YJR005W;YJR058C;YJR125C;YKL135C;YLR170C;YOL062C;YPL259C;YPR029C,13,0.9770627021789551
Complex_274,YDR295C;YNL021W;YOR323C;YPR179C,4,0.8948759436607361
Complex_275,YCR024C-A;YEL017C-A;YGL008C;YPL036W,4,0.8462554812431335
Complex_276,YGR082W;YHR117W;YMR060C;YMR203W;YNL070W;YNL121C;YNL131W;YOR045W;YPR133W-A,9,0.9892545938491821
Complex_277,YBR198C;YCR042C;YDR145W;YDR167W;YGL112C;YGR274C;YML015C;YML098W;YMR227C;YMR236W;YPL011C;YPL129W,12,0.9623046517372131
Complex_278,YFL045C;YGL167C;YPL235W,3,0.9941393136978149
Complex_279,YBR195C;YDL077C;YDR080W;YHR060W;YKL119C;YML102W;YPR018W,7,0.9834806323051453
Complex_280,YER025W;YJR007W;YMR146C;YMR309C;YNL244C;YOR361C;YPL237W;YPR041W,8,0.9888625741004944
Complex_281,YBL050W;YKL196C;YMR197C;YOR036W,4,0.99847012758255
Complex_282,YAL040C;YBR160W;YCR081W;YDL108W;YDL127W;YDL155W;YDR443C;YGL134W;YGR108W;YGR109C;YJL006C;YKL139W;YLR210W;YML112W;YMR199W;YNL025C;YNL289W;YOL001W;YPL031C;YPL042C;YPL219W;YPL256C;YPR025C;YPR119W;YPR120C,25,0.9910842180252075
Complex_283,YIL142W;YJL111W;YNL212W;YOR281C,4,0.9725751876831055
Complex_284,YCR035C;YDL111C;YDR280W;YGR095C;YGR158C;YGR195W;YHR069C;YHR081W;YNL232W;YNL251C;YOL021C;YOL142W;YOR001W;YOR076C,14,0.9884344339370728
Complex_285,YDL130W-A;YDL181W;YGR008C,3,0.9887681603431702
Complex_286,YDL007W;YDL097C;YDL147W;YDR394W;YDR427W;YER021W;YFR004W;YFR052W;YGL048C;YGR232W;YHR027C;YHR200W;YIL075C;YKL145W;YOR117W;YOR259C;YOR261C;YPR108W,18,0.9960083961486816
Complex_287,YDR016C;YFR032C;YGR010W,3,0.8327853083610535
Complex_288,YER034W;YKL213C;YLR438W,3,0.8506792783737183
Complex_289,YAL047C;YBL034C;YBR109C;YBR211C;YCL029C;YDR201W;YDR356W;YER018C;YGL061C;YGL093W;YGR113W;YHR129C;YHR172W;YIL144W;YKL042W;YKR037C;YKR054C;YLR045C;YLR212C;YMR065W;YMR117C;YMR198W;YMR294W;YNL126W;YNL188W;YNL225C;YOL069W;YOR257W;YOR373W;YPL124W;YPL255W;YPR141C,32,0.9953320622444153
Complex_290,YBR105C;YCL039W;YDL176W;YDR255C;YGL227W;YIL017C;YIL097W;YMR135C,8,0.9998227953910828
Complex_291,YBR081C;YBR198C;YCL010C;YDR145W;YDR167W;YDR176W;YDR392W;YDR448W;YGL066W;YGL112C;YGR252W;YHR099W;YLR055C;YMR236W;YOL148C;YPL254W,16,0.975798487663269
Complex_292,YBR079C;YDR429C;YLR192C;YMR146C;YMR309C;YNL244C;YOR361C;YPR041W;YPR086W,9,0.8101041913032532
Complex_293,YDR359C;YEL056W;YFL039C;YGR002C;YGR274C;YHR099W;YLL022C;YNL030W;YNL136W;YPL001W;YPR023C,11,0.9989435076713562
Complex_294,YBR081C;YBR198C;YCL010C;YDR145W;YDR167W;YDR176W;YDR392W;YDR448W;YER164W;YGL066W;YGL112C;YGR252W;YHR099W;YLR055C;YMR223W;YMR236W;YOL148C;YPL254W,18,0.9855964779853821
Complex_295,YBL074C;YML057W;YNL091W,3,0.92299485206604
Complex_296,YDR181C;YGL096W;YGR232W,3,0.8432733416557312
Complex_297,YAL016W;YGL190C;YGR161C;YML109W;YMR273C,5,0.9864272475242615
Complex_298,YBR245C;YFR013W;YLR095C;YMR044W,4,0.9925180673599243
Complex_299,YBR114W;YGR003W;YJR052W;YNL230C;YPL046C,5,0.9191836714744568
Complex_300,YBL038W;YBR122C;YBR282W;YCR003W;YCR046C;YCR071C;YDL202W;YDR115W;YDR116C;YDR237W;YDR322W;YDR405W;YDR462W;YEL050C;YGL125W;YGR076C;YGR220C;YHR147C;YJL063C;YJL096W;YKL138C;YKL167C;YKL170W;YKR006C;YKR085C;YLR312W-A;YLR439W;YML009C;YML025C;YMR024W;YMR193W;YMR225C;YNL005C;YNL185C;YNL252C;YNL284C;YNR022C;YOR150W;YPL183W-A;YPR100W,40,0.9780495762825012
Complex_301,YER025W;YJR007W;YPL237W;YPR041W,4,0.9999533891677856
Complex_302,YIL022W;YJL104W;YJR045C;YKR065C;YLR008C;YOR232W,6,0.8870135545730591
Complex_303,YDL056W;YLR182W;YNL309W,3,0.9367788434028625
Complex_304,YDL175C;YIL079C;YJL050W;YOL115W,4,0.9993096590042114
Complex_305,YAL002W;YLR148W;YLR396C;YMR231W;YPL045W,5,0.8341906666755676
Complex_306,YDL030W;YDL043C;YIR009W;YJL203W;YML049C;YMR240C;YMR288W;YOR319W;YPL213W,9,0.9901033639907837
Complex_307,YDR140W;YGR057C;YKR101W,3,0.9891861081123352
Complex_308,YJR066W;YLR373C;YPL128C,3,0.9993650317192078
Complex_309,YGL131C;YMR176W;YNL330C,3,0.9924210906028748
Complex_310,YCR035C;YDL111C;YDR280W;YGR095C;YGR158C;YGR195W;YHR069C;YHR081W;YNL232W;YNR024W;YOL021C;YOL142W;YOR001W,13,0.9895261526107788
Complex_311,YHR012W;YJL154C;YOR069W,3,0.9624705910682678
Complex_312,YDL134C;YMR028W;YPL152W,3,0.9849449992179871
Complex_313,YAR071W;YDL072C;YOL068C;YOR255W;YPR135W,5,0.8966342806816101
Complex_314,YCR052W;YDR303C;YFR037C;YGR056W;YIL126W;YKR008W;YLR033W;YLR321C;YLR357W;YML127W;YMR091C;YPR034W,12,0.8220188021659851
Complex_315,YBL041W;YER012W;YER094C;YFR050C;YJL001W;YML092C;YOR157C;YPR103W,8,0.9325006604194641
Complex_316,YGR285C;YHR064C;YJL080C,3,0.9992865920066833
Complex_317,YDL108W;YDR311W;YDR460W;YER171W;YIL143C;YLR005W;YPL122C;YPR025C;YPR056W,9,0.9822518825531006
Complex_318,YDL097C;YDL147W;YDR363W-A;YDR427W;YER021W;YFR004W;YFR052W;YLR421C;YOR261C;YPR108W,10,0.9997925162315369
Complex_319,YBR087W;YER173W;YJR068W;YNL290W;YOL094C;YOR217W,6,0.998230516910553
Complex_320,YAL032C;YBR065C;YDL209C;YDR364C;YDR416W;YGR278W;YLL036C;YLR117C;YMR213W;YPL151C,10,0.9089438319206238
Complex_321,YAL016W;YDL134C;YDL188C;YGL190C;YOR014W;YPL152W,6,0.9900858402252197
Complex_322,YDL097C;YDL147W;YDR363W-A;YDR394W;YDR427W;YER021W;YFR004W;YFR052W;YKL145W;YLR421C;YOR117W;YOR261C;YPR108W,13,0.9977521300315857
Complex_323,YBR154C;YHR143W-A;YKL144C;YNL113W;YNL151C;YNR003C;YOR116C;YOR207C;YOR210W;YOR224C;YPR110C;YPR187W;YPR190C,13,0.990341067314148
Complex_324,YER090W;YKL211C;YLR180W,3,0.9936863780021667
Complex_325,YEL034W;YFL053W;YHR004C,3,0.9249383211135864
Complex_326,YBR114W;YJR052W;YKL112W;YPL046C,4,0.9972894191741943
Complex_327,YAR003W;YBR175W;YDR469W;YHR119W;YLR015W;YPL138C,6,0.908096432685852
Complex_328,YBR281C;YFR044C;YNL191W,3,0.884959876537323
Complex_329,YGL098W;YGL145W;YLR440C;YNL258C;YOR075W,5,0.9565311670303345
Complex_330,YBR081C;YDR167W;YDR176W;YDR448W;YGR252W;YOR023C;YPL254W,7,0.9813545346260071
Complex_331,YDR513W;YLR446W;YPL270W,3,0.9430469274520874
Complex_332,YBL016W;YDL159W;YDR103W;YGR040W;YLR362W,5,0.9999949932098389
Complex_333,YGL192W;YGR006W;YLL008W,3,0.8079701662063599
Complex_334,YNL221C;YOL136C;YPR040W,3,0.8904750347137451
Complex_335,YAL021C;YCR093W;YNL288W;YNR052C,4,0.9652359485626221
Complex_336,YER082C;YGR090W;YPR112C,3,0.9392610192298889
Complex_337,YBR154C;YDL140C;YDL150W;YDR045C;YHR143W-A;YIL021W;YJL011C;YKL144C;YKR025W;YNL113W;YNL151C;YNR003C;YOR116C;YOR151C;YOR207C;YOR210W;YOR224C;YOR340C;YPR110C;YPR187W;YPR190C,21,0.9361706972122192
Complex_338,YJR063W;YNL248C;YOR340C;YOR341W;YPR110C,5,0.9367218017578125
Complex_339,YDR202C;YDR328C;YJR033C,3,0.8779675960540771
Complex_340,YFL004W;YJL012C;YPL019C,3,0.8039136528968811
Complex_341,YBR278W;YDR121W;YNL262W;YPR175W,4,0.9880334138870239
Complex_342,YDR148C;YFR049W;YIL125W,3,0.9985768795013428
Complex_343,YGR233C;YJL005W;YNL138W,3,0.9999798536300659
Complex_344,YBR279W;YGL244W;YLR418C;YOL145C;YOR123C,5,0.9911975264549255
Complex_345,YBL063W;YBR156C;YCL029C;YDR201W;YEL061C;YGL061C;YKR037C;YLR045C;YOL069W;YPL209C,10,0.997799813747406
Complex_346,YGR082W;YKL195W;YMR203W;YNL070W;YNL121C;YNL131W;YOR045W,7,0.9941158294677734
Complex_347,YBL042C;YDL065C;YMR187C;YNL045W,4,0.9232807159423828
Complex_348,YAL007C;YAL042W;YAR002C-A;YDL145C;YDL192W;YDL195W;YDR170C;YDR238C;YFR051C;YGL137W;YGL200C;YHR012W;YIL076W;YIL109C;YJL053W;YJL154C;YLR208W;YML012W;YNL287W;YOR069W;YOR132W;YPL010W;YPL085W;YPL218W;YPR181C,25,0.9933488965034485
Complex_349,YLR288C;YOR368W;YPL194W,3,0.9814079403877258
Complex_350,YBR154C;YDL150W;YDR005C;YDR045C;YHR143W-A;YJL011C;YKL144C;YKR025W;YNL113W;YNL151C;YNR003C;YOR116C;YOR207C;YOR210W;YOR224C;YPR110C;YPR187W;YPR190C,18,0.9755392074584961
Complex_351,YCR086W;YDR439W;YER106W;YPL204W,4,0.9894583225250244
Complex_352,YDR211W;YER025W;YGR083C;YKR026C;YLR291C;YOR260W,6,0.966517448425293
Complex_353,YDL042C;YDR227W;YLR442C,3,0.999969482421875
Complex_354,YAL024C;YGR238C;YHR158C,3,0.947961151599884
Complex_355,YAL017W;YDR044W;YGR094W,3,0.8391956686973572
Complex_356,YBL093C;YBR154C;YBR193C;YBR253W;YDL005C;YDL140C;YDR308C;YDR404C;YER022W;YER179W;YGL025C;YGL070C;YGL151W;YGR104C;YHR041C;YHR058C;YHR143W-A;YIL021W;YJL140W;YLR071C;YLR418C;YMR112C;YNL236W;YNR010W;YOL005C;YOL051W;YOL135C;YOR151C;YOR174W;YOR210W;YOR224C;YPL086C;YPL129W;YPR168W;YPR187W,35,0.9838866591453552
Complex_357,YBR106W;YDR245W;YEL036C;YGL055W;YGL167C;YJL183W;YJR075W;YPL050C,8,0.8959093689918518
Complex_358,YBL063W;YEL061C;YGL216W;YMR198W;YPL155C;YPL253C,6,0.9981613755226135
Complex_359,YDR121W;YNL262W;YPR175W,3,0.9992088675498962
Complex_360,YDR473C;YFL034W;YPR040W,3,0.9331551194190979
Complex_361,YBR020W;YGR057C;YNR075W,3,0.9195709824562073
Complex_362,YBL084C;YDR118W;YHR166C;YKL022C;YLR102C;YLR127C;YNL172W;YOR249C,8,0.9531345963478088
Complex_363,YGR262C;YJL184W;YKR038C;YML036W,4,0.8956089019775391
Complex_364,YAL013W;YBR095C;YBR103W;YCR033W;YDL076C;YDR155C;YDR207C;YDR295C;YDR310C;YGL194C;YIL084C;YIL112W;YKL185W;YKR029C;YMR053C;YMR075W;YMR263W;YNL021W;YNL097C;YNL309W;YNL330C;YOL004W;YOL068C;YOR279C;YPL139C;YPL181W;YPR023C;YPR179C,28,0.9014360308647156
Complex_365,YDL085W;YGR207C;YKL085W;YKL148C;YML054C;YML120C;YMR145C;YNR001C;YOR356W;YOR374W;YPL262W;YPR004C,12,0.9822390079498291
Complex_366,YAL030W;YBL050W;YDR468C;YDR498C;YGL095C;YGL098W;YGR009C;YHL031C;YIL004C;YKL006C-A;YKL196C;YLR026C;YLR078C;YLR268W;YMR197C;YNR049C;YOL018C;YOR075W;YPL232W,19,0.9932337403297424
Complex_367,YAL034C;YER110C;YPR174C,3,0.8745920062065125
Complex_368,YDL029W;YIL062C;YJR065C;YKL013C;YLR370C;YNR035C,6,0.911191463470459
Complex_369,YBR097W;YLR240W;YLR360W;YPL120W,4,0.9036698341369629
Complex_370,YBR103W;YCR033W;YDR155C;YGL194C;YIL112W;YKR029C;YOL068C,7,0.8727843761444092
Complex_371,YAR023C;YEL019C;YGR235C;YIL029C,4,0.8647093176841736
Complex_372,YAL016W;YDL134C;YGL190C,3,0.9935032725334167
Complex_373,YGR130C;YJL066C;YLR333C;YMR203W,4,0.8850038647651672
Complex_374,YDL134C;YER004W;YPL191C,3,0.9312127232551575
Complex_375,YBR162C;YCR012W;YDL192W;YDR238C;YER122C;YFR051C;YGL137W;YIL076W;YNL287W;YOR207C;YPL010W,11,0.9997754693031311
Complex_376,YIL109C;YLR208W;YNL049C;YPL085W;YPR181C,5,0.9999769926071167
Complex_377,YDR245W;YEL036C;YJL183W;YJR075W;YML115C;YPL050C,6,0.9686785340309143
Complex_378,YBL041W;YER012W;YER094C;YFR050C;YGL011C;YGR135W;YGR253C;YJL001W;YML092C;YMR314W;YOL038W;YOR157C;YOR362C;YPR103W,14,0.8270254731178284
Complex_379,YBR201W;YLR207W;YML029W;YOL013C,4,0.9638691544532776
Complex_380,YBL026W;YDR378C;YER112W;YER146W;YJR022W;YLR438C-A;YMR268C;YNL147W,8,0.9785441756248474
Complex_381,YDR422C;YDR477W;YGL115W,3,0.9594510197639465
Complex_382,YCR046C;YDR296W;YDR322W;YGR220C;YJL063C;YKL167C;YML025C,7,0.8766061663627625
Complex_383,YCR081W;YDR443C;YLR055C;YNL025C;YOL148C;YPL042C,6,0.9957286715507507
Complex_384,YBL023C;YBR202W;YEL032W;YGL201C;YLR274W;YPR019W,6,0.9586827158927917
Complex_385,YBR142W;YDR060W;YLR221C;YLR276C;YNL002C;YOR272W;YPL043W,7,0.995226263999939
Complex_386,YGL153W;YLR191W;YNL214W,3,0.9985961318016052
Complex_387,YLR197W;YOR078W;YPR137W,3,0.9983835220336914
Complex_388,YBL025W;YLR141W;YMR270C;YOR295W,4,0.9996774196624756
Complex_389,YDR324C;YDR398W;YGR128C;YHR196W;YJL109C;YMR093W;YPL126W,7,0.9867066740989685
Complex_390,YBL026W;YBL074C;YBR055C;YBR119W;YBR152W;YDL030W;YDL043C;YDL087C;YDL098C;YDR235W;YDR240C;YDR243C;YDR378C;YDR473C;YEL026W;YER029C;YER112W;YER127W;YER146W;YER172C;YFL017W-A;YGR006W;YGR013W;YGR074W;YGR075C;YGR091W;YHR086W;YHR156C;YHR165C;YIL061C;YIR005W;YIR009W;YJL203W;YJR022W;YKL012W;YKL173W;YLR147C;YLR275W;YLR298C;YLR438C-A;YML046W;YML049C;YMR240C;YMR268C;YMR288W;YNL147W;YNL210W;YNL286W;YOR159C;YOR308C;YOR319W;YPL213W;YPR057W;YPR082C;YPR094W;YPR137W;YPR178W;YPR182W,58,0.9876991510391235
Complex_391,YEL015W;YNL118C;YOL149W,3,0.9999963045120239
Complex_392,YIL022W;YJR045C;YKR065C;YLR008C;YNL328C;YOR232W,6,0.9102204442024231
Complex_393,YBL084C;YBR114W;YBR170C;YBR201W;YBR280C;YDL008W;YDL013W;YDL126C;YDL132W;YDL190C;YDR054C;YDR118W;YDR131C;YDR219C;YDR260C;YDR306C;YDR328C;YER116C;YER125W;YFL009W;YFR036W;YGL003C;YGL116W;YGL240W;YGR003W;YGR225W;YHR166C;YIL030C;YIL046W;YIR025W;YJL047C;YJL149W;YJR052W;YJR090C;YKL022C;YKL059C;YLL036C;YLR097C;YLR102C;YLR127C;YLR207W;YLR224W;YML013W;YML029W;YML088W;YML111W;YMR264W;YMR275C;YNL172W;YNL230C;YNL311C;YOL013C;YOL133W;YOR057W;YOR080W;YOR249C;YPL046C,57,0.8968681693077087
Complex_394,YBR288C;YGR261C;YJL024C;YPL195W,4,0.8393573760986328
Complex_395,YGR082W;YKL195W;YMR203W;YNL070W;YNL121C;YNL131W;YOR045W;YPR133W-A,8,0.9935140609741211
Complex_396,YBL041W;YBR173C;YDL007W;YDL020C;YDL097C;YDL147W;YDR069C;YDR394W;YDR427W;YER012W;YER021W;YER094C;YFR004W;YFR050C;YFR052W;YGL011C;YGL048C;YGR135W;YGR232W;YGR253C;YGR270W;YHR027C;YHR200W;YIL075C;YJL001W;YKL145W;YML092C;YMR314W;YOL038W;YOR117W;YOR157C;YOR259C;YOR261C;YOR362C;YPR103W;YPR108W,36,0.9379676580429077
Complex_397,YDR228C;YGL044C;YMR061W;YOL123W;YOR250C,5,0.9974027276039124
Complex_398,YFL005W;YGR009C;YPR032W,3,0.9997288584709167
Complex_399,YBR065C;YHL030W;YPR030W,3,0.8375123143196106
Complex_400,YDR252W;YHR193C;YPL037C,3,0.9978450536727905
Complex_401,YBL010C;YDL072C;YNL258C;YPR139C,4,0.8514667749404907
Complex_402,YDL207W;YIL115C;YJL061W,3,0.8849412202835083
Complex_403,YDR369C;YMR224C;YNL250W,3,0.829407811164856
Complex_404,YAL047C;YBR109C;YDR356W;YER018C;YGL093W;YKL042W;YMR117C;YNL188W;YNL225C;YOR257W;YOR373W;YPL124W;YPL255W,13,0.9696090817451477
Complex_405,YBL097W;YFR031C;YLR086W,3,0.999026894569397
Complex_406,YBR193C;YBR253W;YER022W;YGR104C;YHR041C;YHR058C;YMR112C,7,0.9995800852775574
Complex_407,YBR289W;YDR073W;YHL025W;YJL176C;YML007W;YMR033W;YNL027W;YNR023W;YOR290C;YPL016W;YPL129W;YPR034W,12,0.9919916987419128
Complex_408,YBR081C;YBR198C;YDR145W;YDR167W;YDR176W;YDR392W;YDR448W;YER164W;YGL066W;YGL112C;YGL252C;YGR252W;YHR099W;YMR223W;YMR227C;YMR236W;YOL148C;YPL254W,18,0.9864475727081299
Complex_409,YBR254C;YDR108W;YDR246W;YDR407C;YDR472W;YGR166W;YKR068C;YML077W;YMR218C;YOR115C,10,0.9871038794517517
Complex_410,YMR053C;YNL309W;YNL330C;YOL004W,4,0.999850869178772
Complex_411,YBL052C;YJR082C;YOR064C;YPL129W;YPR031W,5,0.9787115454673767
Complex_412,YAL043C;YDR195W;YDR228C;YDR301W;YER133W;YGL044C;YGR156W;YJR093C;YKL018W;YKL059C;YKR002W;YLR115W;YLR277C;YMR061W;YNL222W;YNL317W;YOL123W;YOR179C;YOR250C;YPR107C,20,0.9550852179527283
Complex_413,YDR283C;YKL143W;YML091C,3,0.9792657494544983
Complex_414,YDR009W;YML051W;YPL248C,3,0.9984304308891296
Complex_415,YDL195W;YDR517W;YHR035W;YHR098C;YIL109C;YLR208W;YNL049C;YPL085W;YPL218W;YPR181C,10,0.9997108578681946
Complex_416,YDL143W;YDR188W;YDR212W;YIL142W;YJL008C;YJL014W;YJL111W;YJR064W;YNL212W;YOR281C,10,0.8657932877540588
Complex_417,YAL040C;YBR160W;YDL155W;YGR108W;YGR109C;YLR210W;YMR199W;YPL256C;YPR119W;YPR120C,10,0.9998756647109985
Complex_418,YDR369C;YGL090W;YMR106C;YMR224C;YMR284W;YNL250W;YOR005C,7,0.9383645057678223
Complex_419,YBR188C;YDR150W;YDR505C;YHR171W;YPR035W,5,0.871670126914978
Complex_420,YDR285W;YGL249W;YIL072W;YLR263W;YNL088W,5,0.8437879085540771
Complex_421,YBR055C;YDR216W;YGR041W;YGR237C;YOL105C,5,0.7961968183517456
Complex_422,YDR141C;YKL050C;YOR137C,3,0.9851416349411011
Complex_423,YGL248W;YGR122W;YJL125C;YOL131W,4,0.8042786121368408
Complex_424,YBL095W;YDR131C;YIL107C;YOR164C;YPL031C,5,0.8789353966712952
Complex_425,YAL033W;YBL018C;YBR257W;YHR062C;YNL221C;YNL282W,6,0.7928082346916199
Complex_426,YCR057C;YDR324C;YDR449C;YER082C;YGL171W;YGR090W;YGR128C;YHR196W;YJL069C;YJL109C;YLR129W;YLR222C;YLR409C;YMR093W;YOR145C;YOR310C;YPL126W;YPR112C;YPR137W,19,0.9857694506645203
Complex_427,YIL030C;YJL206C;YJR035W,3,0.8371110558509827
Complex_428,YDR140W;YER034W;YPR178W,3,0.9650866985321045
Complex_429,YDL145C;YDL192W;YDR238C;YFR051C;YGL137W;YIL076W;YNL287W;YPL010W,8,0.9999117851257324
Complex_430,YDR016C;YJL068C;YLR152C;YPL247C,4,0.9284579157829285
Complex_431,YDR106W;YHR129C;YLL049W;YMR294W;YPL174C,5,0.9972298741340637
Complex_432,YBR115C;YDR395W;YHR216W,3,0.9826061725616455
Complex_433,YDR004W;YDR076W;YER095W;YGL163C;YML032C,5,0.9554784893989563
Complex_434,YBR081C;YBR198C;YDR145W;YDR167W;YDR176W;YDR392W;YDR448W;YER164W;YGL066W;YGL112C;YGL252C;YGR252W;YHR099W;YMR223W;YMR236W;YOL148C;YPL254W,17,0.9990280866622925
Complex_435,YBR280C;YDL132W;YDR054C;YDR131C;YDR328C;YFL009W;YIL046W;YJL149W;YJR090C;YLR097C;YML088W;YOL133W;YOR080W,13,0.8105663657188416
Complex_436,YDR427W;YJL047C;YJL097W,3,0.9332714676856995
Complex_437,YBL035C;YGL207W;YIR008C;YKL017C;YKL045W;YML069W;YNL102W,7,0.999487042427063
Complex_438,YDR245W;YEL036C;YJL183W;YJR075W;YPL050C,5,0.9912885427474976
Complex_439,YBR154C;YDR156W;YHR143W-A;YJR063W;YNL113W;YNL248C;YOR210W;YOR224C;YOR340C;YOR341W;YPR010C;YPR110C;YPR187W,13,0.9886957406997681
Complex_440,YDL076C;YIL084C;YMR075W;YMR128W;YMR263W;YNL097C;YNL330C;YOL004W;YPL139C;YPL181W;YPR023C,11,0.9907802939414978
Complex_441,YFL037W;YML085C;YML124C,3,0.9736677408218384
Complex_442,YER071C;YIL034C;YIR003W;YKL007W,4,0.9961016178131104
Complex_443,YDR211W;YGR083C;YKR026C;YLR291C;YOR260W,5,0.9632865190505981
Complex_444,YDR240C;YGR074W;YHR086W;YIL061C;YKL074C;YLR116W;YLR147C;YLR298C;YML046W;YMR125W;YPL178W,11,0.9929184317588806
Complex_445,YHL019C;YKL135C;YLR170C;YPL259C;YPR029C,5,0.9881269335746765
Complex_446,YGL087C;YGR116W;YGR142W;YJL047C;YML083C;YMR118C;YNR003C;YPR178W,8,0.9448924660682678
Complex_447,YDR424C;YDR488C;YKR054C;YMR299C,4,0.9333705306053162
Complex_448,YAL002W;YDL077C;YDR080W;YDR495C;YLR148W;YLR396C;YMR231W;YPL045W,8,0.9780646562576294
Complex_449,YAL011W;YBR231C;YDR190C;YDR334W;YDR359C;YDR485C;YFL039C;YGR002C;YJL081C;YLR085C;YLR385C;YML041C;YNL107W;YPL235W,14,0.9469853043556213
Complex_450,YLR148W;YLR396C;YMR231W;YPL045W,4,0.9911947250366211
Complex_451,YDR341C;YGR204W;YJL052W;YKL067W;YLL018C;YPL218W,6,0.9961603879928589
Complex_452,YAL016W;YDL134C;YOR014W,3,0.9954540729522705
Complex_453,YBR105C;YCL039W;YDR255C;YGL227W;YIL017C;YIL097W;YMR135C,7,0.9998865127563477
Complex_454,YDR341C;YHR128W;YKL067W;YPL218W,4,0.9906156659126282
Complex_455,YFL039C;YIL034C;YKL007W;YNL271C;YOR239W,5,0.9935526847839355
Complex_456,YAL043C;YDL108W;YFR027W,3,0.890854001045227
Complex_457,YJL031C;YOR370C;YPR176C,3,0.9985566735267639
Complex_458,YBL007C;YBR200W;YBR234C;YCL040W;YCR088W;YDL029W;YDL178W;YDR129C;YDR388W;YGR080W;YHR179W;YIL034C;YIL138C;YIR006C;YKL007W;YLL050C;YLR319C;YLR337C;YLR429W;YMR092C;YNL079C;YNL138W;YNL243W;YOR122C;YOR181W,25,0.9997672438621521
Complex_459,YIL022W;YJL104W;YJR045C;YKR065C;YLR008C;YNL328C;YOR232W,7,0.8555185198783875
Complex_460,YBR265W;YEL017W;YEL062W;YGL060W;YGR111W;YGR154C;YKL117W,7,0.9598367810249329
Complex_461,YBR279W;YER164W;YGL207W;YGL244W;YGR063C;YGR116W;YLR418C;YML010W;YNL230C;YOL145C;YOR123C;YPL046C;YPR133C,13,0.999258816242218
Complex_462,YBL075C;YCL037C;YMR186W;YNL064C,4,0.999775230884552
Complex_463,YBR154C;YDL108W;YDR156W;YDR311W;YDR460W;YER171W;YHR143W-A;YIL143C;YJR063W;YLR005W;YNL113W;YNL248C;YOR210W;YOR224C;YOR340C;YOR341W;YPL122C;YPR010C;YPR025C;YPR056W;YPR110C;YPR187W,22,0.9859039187431335
Complex_464,YBR024W;YBR202W;YER094C;YLR206W,4,0.9757001996040344
Complex_465,YDR516C;YKL119C;YLR447C,3,0.9912927746772766
Complex_466,YAL034W-A;YBR211C;YIR010W,3,0.9999855756759644
Complex_467,YAL008W;YIL151C;YJL024C,3,0.8130216598510742
Complex_468,YDR224C;YER030W;YOL012C,3,0.99298495054245
Complex_469,YBR087W;YER173W;YJR068W;YNL290W;YOL094C,5,0.9940935969352722
Complex_470,YBL093C;YBR193C;YBR253W;YCR081W;YDL005C;YDR308C;YDR443C;YER022W;YGL025C;YGL127C;YGL151W;YGR104C;YHR041C;YHR058C;YLR071C;YMR112C;YNL025C;YNL236W;YNR010W;YOL051W;YOL135C;YOR174W;YPL042C;YPR070W;YPR168W,25,0.9995519518852234
Complex_471,YAL044C;YDR019C;YFL018C;YMR189W,4,0.9973574280738831
Complex_472,YCR034W;YGR032W;YGR143W;YLR342W;YPR159W,5,0.9993712306022644
Complex_473,YBL041W;YBR082C;YDL007W;YDL020C;YDL097C;YDL147W;YDR069C;YDR177W;YDR363W-A;YDR394W;YDR427W;YEL037C;YER012W;YER021W;YER094C;YFL007W;YFR004W;YFR010W;YFR050C;YFR052W;YGL011C;YGL048C;YGL058W;YGR135W;YGR184C;YGR232W;YGR253C;YHL030W;YHR027C;YHR052W;YHR200W;YIL075C;YJL001W;YKL145W;YLR421C;YML092C;YMR314W;YOL038W;YOR117W;YOR157C;YOR259C;YOR261C;YOR362C;YPR103W;YPR108W,45,0.9916240572929382
Complex_474,YDR252W;YFL028C;YKR036C;YNL278W,4,0.9993717074394226
Complex_475,YBR060C;YHR118C;YLL004W;YML065W;YNL261W;YPR162C,6,0.989237904548645
Complex_476,YDR137W;YDR211W;YGR083C;YKR026C;YLR039C;YLR291C;YOR260W,7,0.9975458979606628
Complex_477,YMR263W;YNL330C;YOL004W,3,0.9999786615371704
Complex_478,YIR017C;YJR060W;YNL103W,3,0.9844471216201782
Complex_479,YDR181C;YMR127C;YOR213C,3,0.998143196105957
Complex_480,YDR356W;YDR383C;YGL093W,3,0.986152172088623
Complex_481,YDR118W;YDR392W;YPL018W,3,0.8883689045906067
Complex_482,YBL080C;YBR120C;YDL069C;YDR197W;YER153C;YGR222W;YLR067C;YLR203C;YMR023C;YMR064W;YMR257C;YMR282C;YNR045W;YPL029W,14,0.9924862384796143
Complex_483,YAL030W;YGR009C;YPL232W,3,0.9998393058776855
Complex_484,YDL003W;YDR180W;YFL008W;YIL026C;YJL074C;YPR007C,6,0.9885218143463135
Complex_485,YCR034W;YGR032W;YLR342W,3,0.9999492168426514
Complex_486,YDR422C;YDR477W;YER027C;YGL115W;YGL208W;YJL089W,6,0.9852645993232727
Complex_487,YBL045C;YDL074C;YDL189W;YPR191W,4,0.9931569695472717
Complex_488,YGR081C;YLL021W;YMR308C;YPL020C,4,0.9997881054878235
Complex_489,YBR087W;YCL016C;YHR191C;YJR068W;YMR078C;YNL290W;YOL094C,7,0.9991305470466614
Complex_490,YDR469W;YLR095C;YOL124C,3,0.8580500483512878
Complex_491,YBR154C;YDL140C;YDR404C;YGL070C;YHR143W-A;YIL021W;YJL140W;YOL005C;YOR151C;YOR210W;YOR224C;YPR187W,12,0.9256287813186646
Complex_492,YDR190C;YGR099W;YHR099W;YJR136C;YKL033W;YPL235W;YPR085C,7,0.9836316108703613
Complex_493,YBR234C;YDL029W;YIL062C;YJR065C;YKL013C;YLR370C;YLR429W;YNR035C,8,0.9924498796463013
Complex_494,YBR196C;YHR189W;YOR113W,3,0.9810166954994202
Complex_495,YBR126C;YDR074W;YER155C;YMR261C,4,0.9718211889266968
Complex_496,YEL003W;YFL023W;YGR078C;YJL179W;YLR200W;YML094W;YNL153C,7,0.9821288585662842
Complex_497,YBL023C;YBR060C;YBR202W;YEL032W;YGL201C;YHR118C;YJL194W;YLL004W;YLR103C;YLR274W;YML065W;YNL261W;YPR019W;YPR162C,14,0.9879993200302124
Complex_498,YBR265W;YDR283C;YGR225W,3,0.910552442073822
Complex_499,YBR293W;YDR142C;YOL049W,3,0.9042862057685852
Complex_500,YKL135C;YLR170C;YPL259C;YPR029C,4,0.9924702644348145
Complex_501,YBR097W;YBR128C;YLR240W;YPL120W,4,0.9940939545631409
Complex_502,YEL027W;YHR026W;YLR447C;YMR054W;YOR270C;YPL234C,6,0.9959653615951538
Complex_503,YDR228C;YGL044C;YMR061W;YOR250C,4,0.9968749284744263
Complex_504,YAL029C;YBR130C;YGL106W;YKL130C,4,0.9994396567344666
Complex_505,YBR195C;YML102W;YPR018W,3,0.9939939379692078
Complex_506,YDL108W;YDR311W;YDR460W;YER171W;YGR258C;YIL143C;YLR005W;YPL122C;YPR025C,9,0.9937586784362793
Complex_507,YBL016W;YDL159W;YDR103W;YLR362W,4,0.9999957084655762
Complex_508,YBR183W;YGR006W;YKL168C;YLR431C;YMR022W,5,0.8003985285758972
Complex_509,YDR295C;YNL021W;YPR179C,3,0.9864965081214905
Complex_510,YBR108W;YDR497C;YIL071C,3,0.9601752161979675
Complex_511,YDR324C;YEL055C;YGR128C;YHR196W;YJL109C;YMR093W;YPL126W,7,0.9994503855705261
Complex_512,YBR188C;YDR416W;YGR129W;YJR050W;YLL036C;YLR117C;YMR213W;YPR101W,8,0.9994262456893921
Complex_513,YEL003W;YGR078C;YLR200W;YML094W;YNL153C,5,0.9603898525238037
Complex_514,YBL014C;YJL025W;YML043C,3,0.9941532015800476
Complex_515,YAL002W;YDR495C;YLR148W;YLR396C;YMR231W;YPL045W,6,0.9807542562484741
Complex_516,YBL063W;YEL061C;YGL005C;YGL216W;YHR156C;YMR198W;YPL155C;YPR141C,8,0.9983304142951965
Complex_517,YAL034W-A;YIR010W;YJR112W;YPL233W,4,0.9999604225158691
Complex_518,YFL024C;YHR090C;YOR244W,3,0.8478295803070068
Complex_519,YDR266C;YDR506C;YJR138W;YPL189W,4,0.974575936794281
Complex_520,YDR279W;YLR154C;YNL072W,3,0.9906505346298218
Complex_521,YDL003W;YFL008W;YIL026C;YJL074C,4,0.9758375287055969
Complex_522,YDR330W;YER115C;YJL053W,3,0.9392275810241699
Complex_523,YDL030W;YDL043C;YJL203W,3,0.9738401174545288
Complex_524,YBL041W;YER012W;YER094C;YFR050C;YJL001W;YOR157C;YPR103W,7,0.9944905042648315
Complex_525,YCL037C;YPL007C;YPR081C,3,0.8671206831932068
Complex_526,YBL079W;YDL088C;YMR153W,3,0.9995911717414856
Complex_527,YDL076C;YIL084C;YMR263W;YNL330C;YOL004W;YPL139C;YPL181W,7,0.9975771307945251
Complex_528,YBL017C;YDR432W;YPL049C,3,0.9839513301849365
Complex_529,YBL023C;YBR060C;YBR202W;YEL032W;YGL113W;YGL201C;YHR118C;YJL090C;YJL194W;YLL004W;YLR103C;YLR274W;YML065W;YNL261W;YPR019W;YPR162C,16,0.90384840965271
Complex_530,YBL074C;YDR243C;YER029C;YER172C;YFL017W-A;YGR074W;YHR156C;YHR165C;YKL173W;YLR147C;YLR275W;YOR159C;YPR082C;YPR182W,14,0.9992421865463257
Complex_531,YCR092C;YDR097C;YMR167W;YNL082W;YOL090W,5,0.9980917572975159
Complex_532,YBR205W;YDR346C;YPR118W,3,0.981278121471405
Complex_533,YBR055C;YBR152W;YDR473C;YGR091W;YOR308C;YPR178W,6,0.9337671399116516
Complex_534,YIL033C;YJL164C;YKL166C;YPL203W,4,0.9984644651412964
Complex_535,YDL030W;YDL043C;YER029C;YFL017W-A;YGR074W;YIR005W;YJL106W;YJL203W;YLR147C;YLR275W;YML049C;YMR240C;YMR288W;YNL286W;YOL133W;YOR319W;YPL213W;YPR182W,18,0.9949694275856018
Complex_536,YKL190W;YLR433C;YML057W,3,0.9995189905166626
Complex_537,YBL007C;YIR006C;YNL084C,3,0.9880770444869995
Complex_538,YDL022W;YDR035W;YKR014C;YLR446W;YML028W;YPR093C,6,0.8836258053779602
Complex_539,YBL023C;YBR060C;YBR202W;YDR013W;YDR489W;YEL032W;YGL113W;YGL201C;YHR118C;YJL072C;YJL090C;YJL194W;YKL108W;YLL004W;YLR103C;YLR274W;YML065W;YNL261W;YOL146W;YPR019W;YPR162C,21,0.8889525532722473
Complex_540,YBL037W;YDL145C;YDL195W;YDR238C;YDR517W;YER122C;YFR051C;YGL137W;YGL206C;YGR057C;YGR167W;YHL019C;YHR035W;YHR098C;YIL076W;YIL109C;YJL207C;YJR005W;YJR058C;YJR125C;YKL135C;YKL176C;YLR170C;YLR208W;YNL049C;YNL287W;YOL062C;YPL010W;YPL085W;YPL218W;YPL259C;YPR029C;YPR181C,33,0.9972639083862305
Complex_541,YBL035C;YIR008C;YKL045W;YNL102W,4,0.9997214674949646
Complex_542,YJL050W;YLR430W;YMR125W;YNL251C;YPL190C,5,0.9995669722557068
Complex_543,YBL079W;YDL116W;YDL148C;YDR192C;YER105C;YER107C;YFR002W;YGL092W;YGL100W;YGL172W;YGR119C;YIL115C;YJL041W;YJL061W;YJR042W;YKL057C;YKL068W;YKR082W;YLR208W;YLR335W;YML103C;YMR047C;YMR129W;YOR098C,24,0.9981677532196045
Complex_544,YBR154C;YDL140C;YDR404C;YGL070C;YGR005C;YHR143W-A;YIL021W;YJL140W;YML010W;YOL005C;YOR151C;YOR210W;YOR224C;YPR187W,14,0.9851749539375305
Complex_545,YBL034C;YBL078C;YCL029C;YER016W;YJL042W;YLR045C;YLR175W;YMR138W;YNL126W;YNL223W;YOR058C;YOR265W;YOR272W;YPL241C,14,0.9951047897338867
Complex_546,YCR095C;YNL032W;YNL099C,3,0.9605839848518372
Complex_547,YGL018C;YIL160C;YNL132W,3,0.9609307050704956
Complex_548,YER123W;YHR135C;YNL154C;YPL204W,4,0.9999997615814209
Complex_549,YAL007C;YAL030W;YAL042W;YAR002C-A;YBL037W;YBL050W;YBL078C;YBR080C;YBR097W;YBR254C;YBR288C;YDL029W;YDL145C;YDL192W;YDL195W;YDR108W;YDR170C;YDR238C;YDR246W;YDR407C;YDR468C;YDR472W;YDR498C;YER157W;YFR051C;YGL005C;YGL137W;YGL200C;YGL206C;YGL212W;YGL223C;YGR120C;YGR166W;YGR167W;YGR261C;YHL019C;YHL031C;YHR012W;YIL004C;YIL062C;YIL076W;YIL109C;YJL024C;YJL053W;YJL154C;YJR005W;YJR058C;YJR065C;YKL013C;YKL041W;YKL135C;YKL196C;YKR068C;YLR025W;YLR026C;YLR078C;YLR093C;YLR148W;YLR170C;YLR208W;YLR268W;YLR370C;YLR396C;YML012W;YML071C;YML077W;YMR183C;YMR197C;YMR218C;YMR231W;YNL041C;YNL051W;YNL223W;YNL287W;YNR035C;YOL018C;YOL062C;YOR036W;YOR069W;YOR075W;YOR106W;YOR115C;YOR132W;YOR327C;YPL010W;YPL045W;YPL085W;YPL195W;YPL218W;YPL232W;YPL259C;YPR029C;YPR105C;YPR173C;YPR181C,95,0.9819326996803284
Complex_550,YBR170C;YDL126C;YGR048W,3,0.9991962313652039
Complex_551,YDL014W;YLR197W;YOR310C,3,0.9999614953994751
Complex_552,YBR081C;YBR198C;YCL010C;YDR145W;YDR167W;YDR176W;YDR392W;YDR448W;YEL056W;YGL066W;YGL112C;YGR252W;YHR099W;YLR055C;YMR236W;YOL148C;YOR244W;YPL001W;YPL254W,19,0.9982049465179443
Complex_553,YDL232W;YEL002C;YGL022W;YGL226C-A;YJL002C;YML019W;YMR149W;YOR085W;YOR103C,9,0.9978238344192505
Complex_554,YAL005C;YDL143W;YDR171W;YDR188W;YDR212W;YIL142W;YJL008C;YJL014W;YJL111W;YJR064W;YLL024C,11,0.8008493185043335
Complex_555,YER012W;YER021W;YER094C;YHR200W;YKL145W;YOR117W;YOR259C;YPR103W;YPR108W,9,0.9992338418960571
Complex_556,YHR004C;YNL010W;YNL092W,3,0.9016920328140259
Complex_557,YBR114W;YEL037C;YER162C;YJR052W,4,0.9963521957397461
Complex_558,YDL014W;YDR324C;YDR398W;YDR432W;YDR449C;YDR478W;YER082C;YGR128C;YGR159C;YHL034C;YHR065C;YHR089C;YHR196W;YJL109C;YKL099C;YLL008W;YLR222C;YLR223C;YMR239C;YMR302C;YNL221C;YNR052C;YOR048C,23,0.8977168202400208
Complex_559,YBL084C;YDL008W;YDR118W;YDR260C;YFR036W;YGL003C;YGL116W;YGL240W;YHR166C;YIR025W;YKL022C;YLR102C;YLR127C;YNL172W;YOR249C,15,0.993363618850708
Complex_560,YDL213C;YDR365C;YNR043W;YOR078W;YPL217C,5,0.9979698061943054
Complex_561,YBL045C;YDR529C;YEL024W;YFR033C;YJL166W;YOR065W;YPR191W,7,0.9993855953216553
Complex_562,YBL093C;YBR193C;YBR253W;YDL005C;YDR308C;YER022W;YER179W;YGL025C;YGL151W;YGR104C;YHR041C;YHR058C;YLR071C;YMR112C;YNL236W;YNR010W;YOL051W;YOL135C;YOR174W;YPL129W;YPR168W,21,0.9999326467514038
Complex_563,YER018C;YIL144W;YMR117C;YOL069W,4,1.0
Complex_564,YAL035W;YBL007C;YGR224W,3,0.8059045672416687
Complex_565,YBR154C;YDL140C;YDR404C;YGL070C;YHR143W-A;YIL021W;YJL140W;YLR418C;YOL005C;YOR151C;YOR210W;YOR224C;YPR187W,13,0.841912567615509
Complex_566,YDL216C;YDR179C;YIL071C;YJR084W;YMR025W;YOL117W,6,0.9937964677810669
Complex_567,YDL047W;YIL153W;YMR028W,3,0.9805712103843689
Complex_568,YER149C;YLL021W;YLR313C;YLR319C;YNL271C,5,0.9997492432594299
Complex_569,YDL077C;YDR080W;YLR148W;YLR396C;YMR231W;YPL045W,6,0.9984292387962341
Complex_570,YAL043C;YDR228C;YDR301W;YGL044C;YLR115W;YLR277C;YMR061W;YOL123W;YOR250C,9,0.9838969707489014
Complex_571,YDR341C;YDR457W;YGL238W;YGR204W;YJL052W,5,0.9996559619903564
Complex_572,YIR001C;YLL010C;YLR003C,3,0.9070006012916565
Complex_573,YIL009W;YIL062C;YMR117C;YPR083W,4,0.8834853172302246
Complex_574,YBL038W;YCL014W;YLR189C;YLR439W;YNL284C;YOR150W;YPR100W,7,0.9993842840194702
Complex_575,YAL030W;YDR468C;YDR498C;YGL212W;YHL031C;YIL004C;YKL196C;YLR026C;YLR078C;YLR093C;YLR268W;YMR183C;YMR197C;YOL018C;YOR036W;YOR075W;YOR106W;YOR327C;YPL232W,19,0.9993115663528442
Complex_576,YDR311W;YLR005W;YPR056W,3,0.9137505888938904
Complex_577,YCR018C;YDL014W;YDR324C;YDR398W;YDR432W;YDR449C;YDR478W;YER082C;YGR128C;YGR159C;YHL034C;YHR065C;YHR089C;YHR196W;YJL109C;YKL099C;YLL008W;YLR222C;YLR223C;YMR239C;YMR302C;YNL221C;YNR052C;YOR048C,24,0.9114333987236023
Complex_578,YBR112C;YCR084C;YNL167C,3,0.9999974966049194
Complex_579,YBR201W;YJL164C;YKL117W,3,0.987552285194397
Complex_580,YBR188C;YDL209C;YDR416W;YGR129W;YJR050W;YLL036C;YLR117C;YMR213W;YPL151C;YPR101W,10,0.9641872048377991
Complex_581,YHR172W;YLR212C;YNL126W,3,0.9999991655349731
Complex_582,YBL074C;YDR243C;YER029C;YER172C;YFL017W-A;YGR006W;YGR074W;YHR156C;YHR165C;YKL173W;YLR147C;YLR275W;YOR159C;YPR082C;YPR182W,15,0.9997178912162781
Complex_583,YDR176W;YDR448W;YGR252W;YHR099W;YOL148C;YPL254W,6,0.9987058639526367
Complex_584,YBL037W;YJR005W;YJR058C;YOL062C,4,0.9999845027923584
Complex_585,YAL033W;YBL018C;YBR167C;YBR257W;YDR478W;YGR030C;YHR062C;YLR145W;YNL221C;YNL282W,10,0.9939395189285278
Complex_586,YFL037W;YLR212C;YML085C;YML124C,4,0.9999744892120361
Complex_587,YER157W;YGL005C;YGL223C;YGR120C;YML071C;YNL041C;YNL051W;YPR105C,8,0.9620818495750427
Complex_588,YER165W;YGR162W;YOL139C,3,0.9999549388885498
Complex_589,YDR060W;YDR496C;YMR049C;YOL077C;YOR206W;YPL043W,6,0.999922513961792
Complex_590,YAL021C;YCR093W;YDL165W;YER068W;YGR134W;YIL038C;YNL288W;YNR052C;YPR072W,9,0.9985061287879944
Complex_591,YDL165W;YGL209W;YGR077C,3,0.8325449228286743
Complex_592,YBR081C;YBR198C;YCL010C;YDR145W;YDR167W;YDR176W;YDR392W;YDR448W;YGL066W;YGL112C;YGR252W;YHR099W;YLR055C;YMR236W;YOL148C;YOR244W;YPL254W,17,0.9911192059516907
Complex_593,YBL022C;YER017C;YMR089C;YPR024W,4,0.9999696016311646
Complex_594,YDL116W;YGL092W;YGL100W;YJR042W;YKL057C;YKR082W;YLR208W,7,0.9999998807907104
Complex_595,YBR154C;YDL140C;YDR404C;YGL070C;YGR186W;YHR143W-A;YIL021W;YJL140W;YOL005C;YOR151C;YOR210W;YOR224C;YPR187W,13,0.9477003216743469
Complex_596,YDR148C;YFL018C;YIL125W,3,0.9999580383300781
Complex_597,YDR422C;YDR477W;YER027C;YGL115W;YGL208W,5,0.949264645576477
Complex_598,YDL051W;YDR395W;YKR060W,3,0.9975578784942627
Complex_599,YMR075W;YNL330C;YOL004W;YPL139C;YPR023C,5,0.9999028444290161
Complex_600,YMR053C;YNL309W;YOL004W,3,0.9999769926071167
Complex_601,YIL079C;YJL050W;YOL115W,3,0.9988892674446106
Complex_602,YBR265W;YDL072C;YDR087C,3,0.92389315366745
Complex_603,YDR496C;YLL034C;YLR449W;YNL175C,4,0.9997997879981995
Complex_604,YGR200C;YHR187W;YLR384C;YMR312W;YPL086C;YPL101W,6,0.9994284510612488
Complex_605,YHR129C;YMR294W;YPL174C,3,0.9884110689163208
Complex_606,YAR008W;YBL074C;YBR055C;YBR142W;YBR152W;YBR188C;YBR237W;YCR018C;YDL014W;YDL030W;YDL043C;YDL048C;YDL209C;YDR088C;YDR163W;YDR243C;YDR324C;YDR364C;YDR398W;YDR432W;YDR449C;YDR463W;YDR473C;YDR478W;YDR482C;YER013W;YER082C;YER112W;YER172C;YGL120C;YGL128C;YGR006W;YGR074W;YGR075C;YGR091W;YGR128C;YGR159C;YGR278W;YHL034C;YHR006W;YHR065C;YHR089C;YHR165C;YHR196W;YIL061C;YJL087C;YJL109C;YJL203W;YKL012W;YKL074C;YKL078W;YKL099C;YKL205W;YKR086W;YLL008W;YLL036C;YLR105C;YLR147C;YLR222C;YLR223C;YLR298C;YLR375W;YML046W;YMR059W;YMR125W;YMR239C;YMR268C;YMR302C;YNL221C;YNR011C;YNR052C;YOL102C;YOR048C;YOR148C;YOR159C;YPL083C;YPL178W;YPR057W;YPR101W;YPR178W,80,0.8882505297660828
Complex_607,YBL035C;YIR008C;YKL045W;YNL102W;YNR052C,5,0.9999316930770874
Complex_608,YDL030W;YDL043C;YIR005W;YIR009W;YJL203W;YML049C;YMR240C;YMR288W;YNL286W;YOR319W;YPL213W;YPR094W,12,0.9926848411560059
Complex_609,YBR119W;YDL087C;YDR235W;YDR240C;YGR013W;YHR086W;YIL061C;YKL012W;YLR298C;YML046W,10,0.9982228875160217
Complex_610,YBR198C;YGR274C;YML015C;YMR005W;YPL011C,5,0.946651041507721
Complex_611,YDL003W;YDR180W;YFL008W;YIL026C;YJL074C,5,0.9163895845413208
Complex_612,YDL116W;YGL092W;YGL100W;YJR042W;YKL057C;YLR208W,6,1.0
Complex_613,YCR002C;YDL225W;YHR107C;YJR076C;YJR092W;YLR314C,6,0.9995681643486023
Complex_614,YER123W;YGL019W;YHR135C;YIL035C;YNL154C;YOR039W;YOR061W;YPL204W,8,0.9999982118606567
Complex_615,YDR166C;YER008C;YGL233W;YIL068C;YJL085W;YLR166C;YPR055W,7,0.990304172039032
Complex_616,YDR477W;YER027C;YGL115W,3,0.9993207454681396
Complex_617,YBL074C;YBR055C;YBR142W;YBR152W;YBR237W;YDL030W;YDL043C;YDL209C;YDR088C;YDR163W;YDR243C;YDR364C;YER013W;YER112W;YER172C;YGL120C;YGL128C;YGR006W;YGR074W;YGR075C;YGR091W;YGR278W;YHR165C;YIL061C;YJL203W;YKL012W;YKL074C;YKL078W;YKR086W;YLL036C;YLR147C;YLR298C;YML046W;YMR125W;YMR268C;YNR011C;YOR148C;YOR159C;YPL178W;YPR057W;YPR101W;YPR178W,42,0.9794169068336487
Complex_618,YAL034W-A;YBR107C;YBR211C;YCL029C;YDL028C;YDR016C;YDR201W;YDR254W;YDR318W;YEL061C;YER018C;YER106W;YGL061C;YGR113W;YGR140W;YGR179C;YGR188C;YIL144W;YIR010W;YJL030W;YJR089W;YJR112W;YJR135C;YKL052C;YKL089W;YKR037C;YKR083C;YLR045C;YLR381W;YMR094W;YMR117C;YMR168C;YOL069W;YOR026W;YOR195W;YPL018W;YPL209C;YPL233W;YPR046W,39,0.9970369338989258
Complex_619,YBR201W;YDR057W;YLR207W;YML029W;YOL013C,5,0.9939656853675842
Complex_620,YDR328C;YGR140W;YJR060W;YKL049C;YKL089W;YMR094W;YMR168C,7,0.8005854487419128
Complex_621,YDL092W;YDR292C;YKL122C;YML105C;YPL210C;YPL243W;YPR088C,7,0.9997835755348206
Complex_622,YDL007W;YDL097C;YDL147W;YDR363W-A;YDR394W;YDR427W;YER021W;YFR004W;YFR010W;YFR052W;YGL048C;YGR232W;YHL030W;YHR027C;YHR200W;YIL075C;YKL145W;YLR421C;YOR117W;YOR259C;YOR261C;YPR108W,22,0.999423623085022
Complex_623,YER070W;YGR180C;YJL026W,3,0.9748811721801758
Complex_624,YAL029C;YBR172C;YHR023W;YKL079W;YKL129C;YMR109W;YOR326W,7,0.9999984502792358
Complex_625,YAL015C;YBR293W;YHR131C,3,0.9399460554122925
Complex_626,YAL034C;YBR198C;YCR042C;YDR145W;YDR167W;YGL112C;YGR274C;YML015C;YML098W;YML114C;YMR005W;YMR227C;YMR236W;YPL011C;YPL129W,15,0.9432497620582581
Complex_627,YBR135W;YBR160W;YGR155W;YLR079W;YPL256C,5,0.9968200922012329
Complex_628,YDR359C;YEL018W;YFL024C;YFL039C;YGR002C;YHR090C;YHR099W;YJL081C;YJR082C;YNL107W;YNL136W;YOR244W;YPR023C,13,0.9769302606582642
Complex_629,YBL041W;YDL097C;YDL147W;YDR363W-A;YDR427W;YER012W;YER021W;YER094C;YFR004W;YFR050C;YFR052W;YGL011C;YGL048C;YGR135W;YGR253C;YHR027C;YHR200W;YIL075C;YJL001W;YKL145W;YLR148W;YLR421C;YML092C;YMR314W;YOL038W;YOR117W;YOR157C;YOR259C;YOR261C;YOR362C;YPR103W;YPR108W,32,0.9997054934501648
Complex_630,YBR126C;YDR074W;YML100W;YMR261C,4,0.998059093952179
Complex_631,YDL145C;YDR238C;YFR051C;YGL137W;YIL076W;YNL287W;YPL010W,7,0.9999990463256836
Complex_632,YDR155C;YMR075W;YMR263W;YNL097C;YNL330C;YOR279C;YPR068C,7,0.9865493178367615
Complex_633,YDR298C;YKL016C;YPL078C,3,0.9320520162582397
Complex_634,YDR328C;YGR140W;YMR094W;YMR168C,4,0.9521336555480957
Complex_635,YGR005C;YGR186W;YPL129W,3,0.9974057078361511
Complex_636,YBR097W;YLR240W;YPL120W,3,0.9931504130363464
Complex_637,YBR195C;YDL042C;YDR227W;YKR101W;YLR442C,5,0.9999711513519287
Complex_638,YBR275C;YDL042C;YDL220C;YDR082W;YDR227W;YGR099W;YLR010C;YLR150W;YLR442C;YLR453C;YNL216W,11,0.9998210072517395
Complex_639,YBR091C;YDL217C;YEL020W-A;YGR082W;YHR005C-A;YHR117W;YIL022W;YJL054W;YJL143W;YJR045C;YMR060C;YMR203W;YNL070W;YNL121C;YNL131W;YNR017W;YOR045W;YPR133W-A,18,0.999786913394928
Complex_640,YBL022C;YER017C;YHR024C;YLR163C;YMR035W;YMR089C;YMR150C;YPR024W,8,0.9999830722808838
Complex_641,YBR087W;YJR068W;YNL290W;YOL094C;YOR217W,5,0.999377965927124
Complex_642,YDL087C;YDR235W;YER029C;YFL017W-A;YGR074W;YIL061C;YJL106W;YKL012W;YLR147C;YLR275W;YLR298C;YML046W;YPR182W,13,0.9999599456787109
Complex_643,YBR060C;YDL017W;YDR052C;YHR118C;YLL004W;YML065W;YNL261W;YPR162C,8,0.9994538426399231
Complex_644,YJR132W;YML029W;YOR160W,3,0.9999978542327881
Complex_645,YBL095W;YKL151C;YPR139C,3,0.8174262642860413
Complex_646,YBR156C;YEL061C;YFL037W;YGR113W;YML085C;YML124C;YPL209C,7,0.9980717897415161
Complex_647,YBR221C;YDR430C;YER178W;YFL018C;YGR193C;YNL071W,6,0.9973989725112915
Complex_648,YDL169C;YEL039C;YGL087C,3,0.9917609691619873
Complex_649,YDR335W;YIL149C;YKR095W;YNL189W,4,0.942015528678894
Complex_650,YER107C;YFR002W;YIL115C;YJL041W;YJL061W;YMR047C,6,0.9928970336914062
Complex_651,YBR154C;YDR156W;YHR143W-A;YJL148W;YJR063W;YNL113W;YNL248C;YOR210W;YOR224C;YOR340C;YOR341W;YPR010C;YPR110C;YPR187W,14,0.9539006352424622
Complex_652,YCR072C;YER006W;YER126C;YGR245C;YHR197W;YKR081C;YLR074C;YNL182C;YNR053C;YPL093W,10,0.833917498588562
Complex_653,YBR087W;YNL290W;YOL094C;YOR144C;YOR217W,5,0.999881386756897
Complex_654,YCR046C;YKL142W;YNL137C,3,0.9497987031936646
Complex_655,YJR135C;YLR381W;YPR046W,3,0.9999997615814209
Complex_656,YER107C;YIL115C;YJL041W;YJL061W;YMR047C,5,0.9997987151145935
Complex_657,YCR092C;YNL082W;YOL090W,3,0.9995384216308594
Complex_658,YDR311W;YER171W;YGR258C;YIL143C;YLR005W;YPL122C;YPR056W,7,0.9890270233154297
Complex_659,YAL033W;YBL018C;YBR167C;YBR257W;YGR030C;YHR062C;YIR015W;YNL221C;YNL282W,9,0.9980294108390808
Complex_660,YCR002C;YDL225W;YHR107C;YJR076C;YLR314C,5,0.9999903440475464
Complex_661,Q0120;YBR120C;YDL044C;YDR194C;YGR222W;YHR005C-A;YIR021W;YJL133W;YKR052C;YLR382C;YMR023C;YMR287C;YOR334W;YPL029W;YPR134W,15,0.9953208565711975
Complex_662,YBR217W;YMR159C;YPL149W,3,0.9999412298202515
Complex_663,YDR498C;YGL098W;YGL145W;YLR440C;YNL258C;YOR075W,6,0.9878910779953003
Complex_664,YBR079C;YDR429C;YLR192C;YMR012W;YMR146C;YMR309C;YOR361C,7,0.9860370755195618
Complex_665,YBR091C;YDL217C;YEL020W-A;YHR005C-A;YIL022W;YJL054W;YJL143W;YJR045C;YNR017W,9,0.999972939491272
Complex_666,YAR003W;YBR175W;YBR258C;YDR469W;YHR119W;YKL018W;YLR015W;YPL138C,8,0.9131336212158203
Complex_667,YAL043C;YDR228C;YDR301W;YGL044C;YJR093C;YKL059C;YLR115W;YLR277C;YMR061W;YOL123W;YOR250C,11,0.9953922033309937
Complex_668,YHR012W;YJL053W;YJL154C;YOR069W;YOR132W,5,0.9245157241821289
Complex_669,YDL047W;YGL197W;YJL098W;YLR310C;YOR267C,5,0.9994432330131531
Complex_670,YBR102C;YDR166C;YER008C;YIL068C;YLR166C;YPR055W,6,0.9187599420547485
Complex_671,YER019C-A;YGR225W;YIL138C,3,0.9547116160392761
Complex_672,YBR082C;YDR059C;YDR069C;YDR177W;YEL037C;YFR010W;YGL141W;YHL030W;YHR052W;YHR200W,10,0.950206995010376
Complex_673,YBR289W;YDR073W;YHL025W;YJL176C;YMR033W;YNR023W;YOR290C;YPL016W;YPL129W;YPR034W,10,0.994792640209198
Complex_674,YBL084C;YDL008W;YDR118W;YFR036W;YGL240W;YHR166C;YKL022C;YLR102C;YLR127C;YNL172W;YOR249C,11,0.9978843331336975
Complex_675,YJL164C;YKL166C;YPL203W,3,0.9514329433441162
Complex_676,YDR365C;YHR169W;YNR043W,3,0.9775179028511047
Complex_677,YBL023C;YLR152C;YPR143W,3,0.8557419180870056
Complex_678,YBR265W;YKR027W;YNL279W,3,0.8122439980506897
Complex_679,YDL175C;YJL050W;YOL115W,3,0.9979040622711182
