YAL001C	P34111	0
YAL007C	P39704	1
YAL008W	P18411	2
YAL010C	P18409	3
YAL012W	P31373	4
YAL013W	P31385	5
YAL015C	P31378	6
YAL016W	P31383	7
YAL017W	P31374	8
YAL018C	P31379	9
YAL019W	P31380	10
YAL021C	P31384	11
YAL022C	P31381	12
YAL023C	P31382	13
YAL024C	P07866	14
YAL026C	P39524	15
YAL027W	P39735	16
YAL028W	P39734	17
YAL029C	P32492	18
YAL031C	P39732	19
YAL032C	P28004	20
YAL033W	P28005	21
YAL034C	P28003	22
YAL034W-A	P39731	23
YAL036C	P39729	24
YAL041W	P11433	25
YAL042W	P39727	26
YAL043C	Q01329	27
YAL044C	P39726	28
YAL046C	P39724	29
YAL047C	P39723	30
YAL048C	P39722	31
YAL051W	P39720	32
YAL053W	P39719	33
YAL054C	Q01574	34
YAL059W	P39715	35
YAL060W	P39714	36
YAL061W	P39713	37
YAL062W	P39708	38
YAL063C	P39712	39
YAL067C	P39709	40
YAR002C-A	Q05359	41
YAR002W	P39705	42
YAR003W	P39706	43
YAR007C	P22336	44
YAR014C	P27637	45
YAR015W	P27616	46
YAR019C	P27636	47
YAR035W	P80235	48
YAR042W	P35845	49
YAR053W	P39559	50
YAR060C	P0CX88	51
YAR062W	P0CI66	52
YAR070C	P39566	53
YAR071W	P35842	54
YAR075W	O42831	55
YBL002W	P02294	56
YBL003C	P04912	57
YBL004W	P35194	58
YBL005W	Q12490	59
YBL006C	P38210	60
YBL007C	P32790	61
YBL008W	P32479	62
YBL009W	P32789	63
YBL010C	P32788	64
YBL011W	P32784	65
YBL013W	P32785	66
YBL014C	P32786	67
YBL015W	P32316	68
YBL016W	P16892	69
YBL017C	P32319	70
YBL019W	P38207	71
YBL020W	P38206	72
YBL022C	P36775	73
YBL023C	P29469	74
YBL024W	P38205	75
YBL026W	P38203	76
YBL030C	P18239	77
YBL032W	P38199	78
YBL035C	P38121	79
YBL036C	P38197	80
YBL037W	P38065	81
YBL038W	P38064	82
YBL039C	P28274	83
YBL041W	P23724	84
YBL043W	P38195	85
YBL044W	P38194	86
YBL045C	P07256	87
YBL046W	P38193	88
YBL047C	P34216	89
YBL048W	P38192	90
YBL052C	P34218	91
YBL053W	P38190	92
YBL054W	P34219	93
YBL055C	P34220	94
YBL056W	P34221	95
YBL057C	P34222	96
YBL058W	P34223	97
YBL059W	P34224	98
YBL060W	P34225	99
YBL062W	P38189	100
YBL066C	P34228	101
YBL067C	P38187	102
YBL071C	P38185	103
YBL074C	P32357	104
YBL075C	P09435	105
YBL076C	P09436	106
YBL077W	P38183	107
YBL078C	P38182	108
YBL079W	P38181	109
YBL081W	P38180	110
YBL082C	P38179	111
YBL084C	P38042	112
YBL085W	P38041	113
YBL086C	P38177	114
YBL087C	P0CX41	115
YBL088C	P38110	116
YBL089W	P38176	117
YBL090W	P38175	118
YBL091C	P38174	119
YBL093C	P25046	120
YBL094C	P38173	121
YBL097W	P38170	122
YBL098W	P38169	123
YBL099W	P07251	124
YBL101C	P38167	125
YBL103C	P38165	126
YBL104C	P38164	127
YBL105C	P24583	128
YBL106C	P38163	129
YBL109W	P89495	130
YBR001C	P35172	131
YBR006W	P38067	132
YBR010W	P61830	133
YBR011C	P00817	134
YBR017C	P38217	135
YBR019C	P04397	136
YBR020W	P04385	137
YBR023C	P29465	138
YBR024W	P38072	139
YBR025C	P38219	140
YBR026C	P38071	141
YBR027C	P38220	142
YBR028C	P38070	143
YBR029C	P38221	144
YBR030W	P38222	145
YBR034C	P38074	146
YBR039W	P38077	147
YBR041W	P38225	148
YBR044C	P38228	149
YBR045C	P38229	150
YBR047W	P38231	151
YBR049C	P21538	152
YBR050C	P38232	153
YBR054W	P38079	154
YBR055C	P19735	155
YBR057C	P38236	156
YBR058C	P38237	157
YBR059C	P38080	158
YBR060C	P32833	159
YBR061C	P38238	160
YBR062C	P38239	161
YBR065C	P38241	162
YBR066C	P38082	163
YBR069C	P38085	164
YBR072W	P15992	165
YBR073W	P38086	166
YBR078W	P38248	167
YBR079C	P38249	168
YBR080C	P18759	169
YBR081C	P35177	170
YBR082C	P15731	171
YBR083W	P18412	172
YBR084W	P09440	173
YBR087W	P38251	174
YBR088C	P15873	175
YBR089W	P38252	176
YBR093C	P00635	177
YBR094W	P38254	178
YBR095C	P38255	179
YBR097W	P22219	180
YBR098W	P38257	181
YBR101C	P38260	182
YBR103W	P38262	183
YBR104W	P38087	184
YBR105C	P38263	185
YBR107C	P38265	186
YBR108W	P38266	187
YBR109C	P06787	188
YBR112C	P14922	189
YBR115C	P07702	190
YBR117C	P33315	191
YBR119W	P32605	192
YBR121C	P38088	193
YBR122C	P36531	194
YBR123C	P32367	195
YBR125C	P38089	196
YBR126C	Q00764	197
YBR127C	P16140	198
YBR128C	P38270	199
YBR130C	P38272	200
YBR131W	P38273	201
YBR133C	P38274	202
YBR135W	P20486	203
YBR136W	P38111	204
YBR137W	P38276	205
YBR139W	P38109	206
YBR140C	P18963	207
YBR142W	P38112	208
YBR143C	P12385	209
YBR146W	P38120	210
YBR148W	P38280	211
YBR149W	P38115	212
YBR150C	P38114	213
YBR151W	P38281	214
YBR152W	P38282	215
YBR154C	P20434	216
YBR155W	P33313	217
YBR156C	P38283	218
YBR159W	P38286	219
YBR160W	P00546	220
YBR161W	P38287	221
YBR162C	P38288	222
YBR166C	P20049	223
YBR167C	P38291	224
YBR169C	P32590	225
YBR170C	P33755	226
YBR171W	P33754	227
YBR172C	P32909	228
YBR173C	P38293	229
YBR175W	P38123	230
YBR176W	P38122	231
YBR180W	P38125	232
YBR185C	P38300	233
YBR186W	P38126	234
YBR187W	P38301	235
YBR188C	P38302	236
YBR189W	P05755	237
YBR193C	P38304	238
YBR194W	P38305	239
YBR195C	P13712	240
YBR196C	P12709	241
YBR197C	P38306	242
YBR198C	P38129	243
YBR203W	P38308	244
YBR207W	P38310	245
YBR208C	P32528	246
YBR211C	P38313	247
YBR212W	P32831	248
YBR214W	P38314	249
YBR215W	Q01448	250
YBR218C	P32327	251
YBR220C	P38318	252
YBR221C	P32473	253
YBR223C	P38319	254
YBR225W	P38321	255
YBR227C	P38323	256
YBR228W	P38324	257
YBR229C	P38138	258
YBR231C	P38326	259
YBR234C	P38328	260
YBR235W	P38329	261
YBR236C	P32783	262
YBR237W	P21372	263
YBR238C	P38330	264
YBR239C	P38140	265
YBR241C	P38142	266
YBR245C	P38144	267
YBR247C	P38333	268
YBR248C	P33734	269
YBR249C	P32449	270
YBR251W	P33759	271
YBR253W	P32570	272
YBR254C	P38334	273
YBR255W	P38335	274
YBR257W	P38336	275
YBR258C	P38337	276
YBR259W	P38338	277
YBR260C	P38339	278
YBR264C	P38146	279
YBR267W	P38344	280
YBR268W	P36532	281
YBR269C	P38345	282
YBR270C	P38346	283
YBR273C	P38349	284
YBR274W	P38147	285
YBR275C	P29539	286
YBR276C	P38148	287
YBR278W	P27344	288
YBR279W	P38351	289
YBR280C	P38352	290
YBR282W	P36526	291
YBR283C	P38353	292
YBR288C	P38153	293
YBR289W	P18480	294
YBR296C	P38361	295
YBR299W	P38158	296
YCL004W	P25578	297
YCL008C	P25604	298
YCL009C	P25605	299
YCL010C	P25554	300
YCL011C	P25555	301
YCL014W	P25558	302
YCL016C	P25559	303
YCL017C	P25374	304
YCL018W	P04173	305
YCL024W	P25389	306
YCL028W	P25367	307
YCL029C	P11709	308
YCL030C	P00815	309
YCL031C	P25368	310
YCL032W	P25344	311
YCL035C	P25373	312
YCL036W	P25370	313
YCL038C	P25568	314
YCL039W	P25569	315
YCL040W	P17709	316
YCL043C	P17967	317
YCL044C	P25573	318
YCL045C	P25574	319
YCL047C	P25576	320
YCL050C	P16550	321
YCL054W	P25582	322
YCL057W	P25375	323
YCL059C	P25586	324
YCL061C	P25588	325
YCL064C	P25379	326
YCL068C	P25593	327
YCL074W	P25600	328
YCR002C	P25342	329
YCR003W	P25348	330
YCR005C	P08679	331
YCR008W	P25333	332
YCR009C	P25343	333
YCR011C	P25371	334
YCR013C	P25614	335
YCR014C	P25615	336
YCR016W	P25617	337
YCR020C-A	P23059	338
YCR020W-B	Q9URQ5	339
YCR024C	P25345	340
YCR026C	P25353	341
YCR030C	P25623	342
YCR032W	P25356	343
YCR033W	P25357	344
YCR035C	P25359	345
YCR038C	P25300	346
YCR042C	P23255	347
YCR043C	P25361	348
YCR047C	P25627	349
YCR048W	P25628	350
YCR052W	P25632	351
YCR053W	P16120	352
YCR057C	P25635	353
YCR060W	P25638	354
YCR063W	P25337	355
YCR065W	P25364	356
YCR066W	P10862	357
YCR067C	P25365	358
YCR071C	P25642	359
YCR072C	P25382	360
YCR073C	P25390	361
YCR073W-A	P37262	362
YCR076C	P25659	363
YCR077C	P25644	364
YCR079W	P25646	365
YCR081W	P25648	366
YCR082W	P25649	367
YCR084C	P16649	368
YCR086W	P25651	369
YCR089W	P25653	370
YCR090C	P25654	371
YCR092C	P25336	372
YCR093W	P25655	373
YCR095C	P25366	374
YCR102C	P25608	375
YCR105W	P25377	376
YDL002C	Q03435	377
YDL003W	Q12158	378
YDL004W	Q12165	379
YDL005C	Q12124	380
YDL006W	P35182	381
YDL007W	P40327	382
YDL008W	Q12157	383
YDL013W	P32828	384
YDL014W	P15646	385
YDL015C	Q99190	386
YDL017W	P06243	387
YDL019C	Q12451	388
YDL020C	Q03465	389
YDL022W	Q00055	390
YDL025C	Q12100	391
YDL027C	Q07349	392
YDL028C	P54199	393
YDL029W	P32381	394
YDL030W	P19736	395
YDL031W	Q12389	396
YDL035C	Q12361	397
YDL036C	Q12069	398
YDL038C	Q12459	399
YDL040C	P12945	400
YDL042C	P06700	401
YDL043C	Q07350	402
YDL044C	P10849	403
YDL045W-A	O75012	404
YDL047W	P20604	405
YDL048C	Q07351	406
YDL051W	P33399	407
YDL052C	P33333	408
YDL053C	Q07362	409
YDL054C	Q07376	410
YDL055C	P41940	411
YDL056W	P39678	412
YDL058W	P25386	413
YDL059C	Q12223	414
YDL060W	Q07381	415
YDL062W	Q07410	416
YDL063C	Q07395	417
YDL065C	Q07418	418
YDL066W	P21954	419
YDL068W	Q07435	420
YDL069C	P14066	421
YDL070W	Q07442	422
YDL073W	Q07454	423
YDL074C	Q07457	424
YDL076C	Q07458	425
YDL077C	Q07468	426
YDL078C	P32419	427
YDL080C	Q07471	428
YDL081C	P05318	429
YDL084W	Q07478	430
YDL085W	Q07500	431
YDL087C	Q07508	432
YDL088C	Q05166	433
YDL090C	P22007	434
YDL092W	P38985	435
YDL095W	P33775	436
YDL097C	Q12377	437
YDL099W	Q12191	438
YDL100C	Q12154	439
YDL101C	P39009	440
YDL102W	P15436	441
YDL103C	P43123	442
YDL105W	P43124	443
YDL108W	P06242	444
YDL109C	Q12103	445
YDL110C	Q12513	446
YDL111C	Q12277	447
YDL112W	Q07527	448
YDL115C	Q07532	449
YDL116W	P52891	450
YDL117W	Q07533	451
YDL121C	Q07541	452
YDL122W	P25037	453
YDL125C	Q04344	454
YDL126C	P25694	455
YDL130W	P10622	456
YDL130W-A	P01098	457
YDL131W	Q12122	458
YDL132W	Q12018	459
YDL134C	P23594	460
YDL135C	Q12434	461
YDL137W	P19146	462
YDL138W	Q12300	463
YDL139C	Q12334	464
YDL140C	P04050	465
YDL141W	P48445	466
YDL143W	P39078	467
YDL144C	Q07589	468
YDL145C	P53622	469
YDL147W	Q12250	470
YDL148C	Q99207	471
YDL150W	P25441	472
YDL153C	Q12136	473
YDL154W	Q12175	474
YDL155W	P24870	475
YDL156W	Q12510	476
YDL157C	Q12082	477
YDL160C	P39517	478
YDL161W	Q12518	479
YDL164C	P04819	480
YDL166C	Q12055	481
YDL168W	P32771	482
YDL171C	Q12680	483
YDL173W	Q12515	484
YDL175C	Q12476	485
YDL176W	Q12027	486
YDL179W	Q12477	487
YDL181W	P01097	488
YDL182W	P48570	489
YDL185W	P17255	490
YDL188C	P23595	491
YDL190C	P54860	492
YDL193W	Q12063	493
YDL194W	P10870	494
YDL195W	P38968	495
YDL197C	P32448	496
YDL199C	Q12407	497
YDL201W	Q12009	498
YDL202W	P36521	499
YDL203C	Q07622	500
YDL206W	Q12424	501
YDL208W	P32495	502
YDL209C	Q12046	503
YDL210W	P32837	504
YDL215C	P33327	505
YDL216C	Q12468	506
YDL220C	P32797	507
YDL221W	Q07649	508
YDL223C	Q07653	509
YDL224C	Q07655	510
YDL225W	Q07657	511
YDL226C	P35197	512
YDL233W	Q07684	513
YDL234C	P48365	514
YDL235C	Q07688	515
YDL236W	P19881	516
YDL239C	Q07732	517
YDL240W	P35688	518
YDL241W	Q07738	519
YDL247W	P0CD99	520
YDR001C	P32356	521
YDR004W	P25301	522
YDR005C	P41910	523
YDR006C	P40317	524
YDR007W	P00912	525
YDR009W	P13045	526
YDR011W	P32568	527
YDR013W	Q12488	528
YDR016C	Q12248	529
YDR017C	Q12494	530
YDR018C	Q12185	531
YDR020C	Q12084	532
YDR021W	Q12099	533
YDR022C	Q12421	534
YDR023W	P07284	535
YDR026C	Q12457	536
YDR027C	Q12071	537
YDR028C	Q00816	538
YDR032C	Q12335	539
YDR033W	Q12117	540
YDR034C	Q12472	541
YDR035W	P14843	542
YDR036C	P28817	543
YDR037W	P15180	544
YDR038C	Q12691	545
YDR041W	Q03201	546
YDR044W	P11353	547
YDR045C	Q04307	548
YDR046C	P41815	549
YDR047W	P32347	550
YDR049W	Q04311	551
YDR051C	Q99288	552
YDR052C	P32325	553
YDR053W	Q07790	554
YDR054C	P14682	555
YDR055W	Q12355	556
YDR058C	P54857	557
YDR059C	P15732	558
YDR060W	Q12176	559
YDR063W	Q12156	560
YDR069C	P32571	561
YDR071C	Q12447	562
YDR073W	P38956	563
YDR074W	P31688	564
YDR075W	P32345	565
YDR080W	P38959	566
YDR081C	P32896	567
YDR083W	P38961	568
YDR087C	P35178	569
YDR088C	Q02775	570
YDR089W	P38966	571
YDR091C	Q03195	572
YDR092W	P52490	573
YDR093W	Q12675	574
YDR096W	Q03833	575
YDR097C	Q03834	576
YDR098C	Q03835	577
YDR099W	P34730	578
YDR101C	Q03862	579
YDR103W	P32917	580
YDR104C	Q03868	581
YDR105C	Q12116	582
YDR107C	Q04562	583
YDR108W	P46944	584
YDR109C	Q04585	585
YDR110W	O13329	586
YDR111C	P52892	587
YDR113C	P40316	588
YDR116C	Q04599	589
YDR117C	Q04600	590
YDR118W	Q04601	591
YDR120C	P15565	592
YDR121W	Q04603	593
YDR122W	P13185	594
YDR123C	P26798	595
YDR124W	Q04608	596
YDR127W	P08566	597
YDR128W	Q03897	598
YDR129C	P32599	599
YDR132C	Q03900	600
YDR136C	Q03913	601
YDR137W	P16664	602
YDR138W	P17629	603
YDR139C	Q03919	604
YDR141C	Q03921	605
YDR142C	P39108	606
YDR143C	P22470	607
YDR145W	Q03761	608
YDR146C	P08153	609
YDR147W	Q03764	610
YDR148C	P19262	611
YDR150W	Q00402	612
YDR152W	Q03768	613
YDR153C	Q03769	614
YDR156W	P50106	615
YDR157W	A0A023PZE8	616
YDR158W	P13663	617
YDR159W	P46674	618
YDR160W	Q03770	619
YDR162C	Q12163	620
YDR164C	P30619	621
YDR165W	Q03774	622
YDR166C	P89102	623
YDR167W	Q12030	624
YDR168W	P06101	625
YDR169C	Q12427	626
YDR170C	P11075	627
YDR171W	Q12329	628
YDR172W	P05453	629
YDR173C	P07250	630
YDR174W	Q03973	631
YDR175C	Q03976	632
YDR176W	P32494	633
YDR177W	P21734	634
YDR179C	Q03981	635
YDR180W	Q04002	636
YDR181C	Q04003	637
YDR183W	Q04004	638
YDR184C	Q04005	639
YDR186C	Q04007	640
YDR188W	P39079	641
YDR189W	P22213	642
YDR190C	Q03940	643
YDR191W	P53688	644
YDR192C	P49686	645
YDR194C	P15424	646
YDR195W	P42073	647
YDR198C	Q03942	648
YDR199W	A0A023PXB9	649
YDR200C	Q03944	650
YDR201W	Q03954	651
YDR202C	Q03956	652
YDR204W	O13525	653
YDR207C	P39001	654
YDR208W	P38994	655
YDR211W	P32501	656
YDR212W	P12612	657
YDR213W	Q12151	658
YDR214W	Q12449	659
YDR217C	P14737	660
YDR218C	Q04921	661
YDR219C	Q04922	662
YDR221W	Q04924	663
YDR222W	Q04925	664
YDR223W	Q04930	665
YDR224C	P02293	666
YDR225W	P04911	667
YDR226W	P07170	668
YDR227W	P11978	669
YDR229W	Q04934	670
YDR232W	P09950	671
YDR233C	Q04947	672
YDR234W	P49367	673
YDR235W	Q03776	674
YDR237W	P36519	675
YDR238C	P41810	676
YDR239C	Q03780	677
YDR240C	Q03782	678
YDR243C	P23394	679
YDR245W	P50108	680
YDR246W	Q03784	681
YDR247W	Q03785	682
YDR248C	Q03786	683
YDR251W	P37304	684
YDR252W	P40314	685
YDR254W	P38907	686
YDR255C	Q12508	687
YDR256C	P15202	688
YDR258C	P33416	689
YDR262W	Q12331	690
YDR263C	Q12086	691
YDR264C	P39010	692
YDR266C	Q05580	693
YDR267C	Q05583	694
YDR270W	P38995	695
YDR272W	Q05584	696
YDR273W	Q05610	697
YDR275W	Q05611	698
YDR279W	Q05635	699
YDR280W	Q05636	700
YDR283C	P15442	701
YDR285W	P31111	702
YDR287W	Q05533	703
YDR288W	Q05541	704
YDR289C	Q05543	705
YDR291W	Q05549	706
YDR293C	P24276	707
YDR294C	Q05567	708
YDR295C	Q06629	709
YDR299W	Q06631	710
YDR300C	P32264	711
YDR301W	Q06632	712
YDR303C	Q06639	713
YDR304C	P35176	714
YDR306C	Q06640	715
YDR308C	P47822	716
YDR310C	P46676	717
YDR311W	P32776	718
YDR312W	Q12153	719
YDR313C	Q06651	720
YDR314C	Q06665	721
YDR317W	Q06674	722
YDR318W	Q06675	723
YDR319C	Q06676	724
YDR320C	P69851	725
YDR322C-A	P81449	726
YDR322W	Q06678	727
YDR324C	Q06679	728
YDR325W	Q06680	729
YDR326C	Q06681	730
YDR328C	P52286	731
YDR330W	Q06682	732
YDR332W	Q06683	733
YDR334W	Q05471	734
YDR335W	P52918	735
YDR336W	Q05473	736
YDR337W	P21771	737
YDR341C	Q05506	738
YDR342C	P39004	739
YDR345C	P32466	740
YDR346C	Q05515	741
YDR347W	P10662	742
YDR348C	Q05518	743
YDR353W	P29509	744
YDR354W	P07285	745
YDR357C	Q06333	746
YDR358W	Q06336	747
YDR359C	Q06337	748
YDR361C	Q06338	749
YDR362C	Q06339	750
YDR363W	O94742	751
YDR363W-A	O94742	752
YDR364C	P40968	753
YDR365C	Q06344	754
YDR368W	Q12458	755
YDR369C	P33301	756
YDR370C	Q06349	757
YDR372C	Q06385	758
YDR374C	Q06390	759
YDR377W	Q06405	760
YDR378C	Q06406	761
YDR379W	Q06407	762
YDR381W	Q12159	763
YDR383C	Q12493	764
YDR386W	Q04149	765
YDR388W	P39743	766
YDR390C	P52488	767
YDR391C	Q04170	768
YDR392W	P06844	769
YDR394W	P33298	770
YDR395W	Q04175	771
YDR396W	O13522	772
YDR397C	Q92317	773
YDR398W	Q04177	774
YDR400W	Q04179	775
YDR404C	P34087	776
YDR405W	P32387	777
YDR406W	Q04182	778
YDR407C	Q04183	779
YDR408C	P04161	780
YDR409W	Q04195	781
YDR412W	Q04031	782
YDR415C	Q04033	783
YDR416W	Q04048	784
YDR419W	Q04049	785
YDR420W	P41809	786
YDR422C	P32578	787
YDR424C	Q02647	788
YDR425W	Q04053	789
YDR427W	Q04062	790
YDR429C	Q04067	791
YDR430C	P32898	792
YDR436W	P33329	793
YDR439W	Q04087	794
YDR440W	Q04089	795
YDR443C	P38931	796
YDR444W	Q04093	797
YDR448W	Q02336	798
YDR449C	Q02354	799
YDR451C	Q04116	800
YDR452W	Q04119	801
YDR453C	Q04120	802
YDR454C	P15454	803
YDR457W	Q03280	804
YDR459C	Q03289	805
YDR460W	Q03290	806
YDR462W	P36527	807
YDR463W	Q00947	808
YDR464W	P38904	809
YDR466W	Q03306	810
YDR469W	Q03323	811
YDR470C	Q03327	812
YDR472W	Q03337	813
YDR473C	Q03338	814
YDR475C	Q03361	815
YDR477W	P06782	816
YDR478W	P40993	817
YDR480W	Q03373	818
YDR481C	P11491	819
YDR482C	Q03375	820
YDR484W	P39904	821
YDR485C	Q03388	822
YDR486C	Q03390	823
YDR488C	P40960	824
YDR489W	Q03406	825
YDR490C	Q03407	826
YDR491C	Q03418	827
YDR494W	Q03430	828
YDR495C	P23643	829
YDR496C	Q04373	830
YDR498C	P28791	831
YDR500C	P51402	832
YDR501W	Q04383	833
YDR502C	P19358	834
YDR505C	P50896	835
YDR506C	Q04399	836
YDR507C	Q12263	837
YDR508C	P48813	838
YDR510W	Q12306	839
YDR513W	P17695	840
YDR515W	Q12034	841
YDR516C	Q04409	842
YDR517W	Q04410	843
YDR519W	P32472	844
YDR520C	Q04411	845
YDR523C	P08458	846
YDR533C	Q04432	847
YDR535C	Q04434	848
YDR537C	P87261	849
YDR538W	P33751	850
YEL001C	P40006	851
YEL002C	P33767	852
YEL003W	P40005	853
YEL005C	P40003	854
YEL012W	P28263	855
YEL013W	P39968	856
YEL015W	P39998	857
YEL016C	P39997	858
YEL017W	P39996	859
YEL018W	P39995	860
YEL019C	P38632	861
YEL021W	P03962	862
YEL022W	P39993	863
YEL023C	P39992	864
YEL024W	P08067	865
YEL026W	P39990	866
YEL030W	P39987	867
YEL031W	P39986	868
YEL032W	P24279	869
YEL034W	P23301	870
YEL037C	P32628	871
YEL039C	P00045	872
YEL040W	P32623	873
YEL041W	P32622	874
YEL042W	P32621	875
YEL043W	P32618	876
YEL044W	P32617	877
YEL046C	P37303	878
YEL048C	P32613	879
YEL050C	P32611	880
YEL051W	P32610	881
YEL052W	P32317	882
YEL053C	Q02197	883
YEL054C	P0CX53	884
YEL055C	P39985	885
YEL056W	P39984	886
YEL057C	P39983	887
YEL058W	P38628	888
YEL060C	P09232	889
YEL061C	P27895	890
YEL062W	P39923	891
YEL071W	P39976	892
YER001W	P39106	893
YER002W	P40007	894
YER003C	P29952	895
YER004W	P40008	896
YER005W	P40009	897
YER006W	P40010	898
YER007W	P39937	899
YER008C	P33332	900
YER011W	P10863	901
YER012W	P22141	902
YER013W	P24384	903
YER015W	P39518	904
YER016W	P40013	905
YER017C	P39925	906
YER018C	P40014	907
YER020W	P10823	908
YER021W	P40016	909
YER022W	P32569	910
YER023W	P32263	911
YER025W	P32481	912
YER027C	Q04739	913
YER029C	P40018	914
YER030W	P40019	915
YER032W	P40020	916
YER033C	P40021	917
YER035W	P40023	918
YER040W	P18494	919
YER041W	P40028	920
YER043C	P39954	921
YER044C-A	P29467	922
YER047C	P39955	923
YER048C	P39101	924
YER049W	P40032	925
YER050C	P40033	926
YER052C	P10869	927
YER053C	P40035	928
YER054C	P40036	929
YER059W	P40038	930
YER060W	P40039	931
YER061C	P39525	932
YER062C	P40106	933
YER063W	P40040	934
YER064C	P40041	935
YER065C	P28240	936
YER067W	P40043	937
YER068W	P34909	938
YER069W	Q01217	939
YER070W	P21524	940
YER071C	P40045	941
YER073W	P40047	942
YER075C	P40048	943
YER076C	P40049	944
YER078C	P40051	945
YER081W	P40054	946
YER082C	P40055	947
YER083C	P40056	948
YER086W	P00927	949
YER088C	P40059	950
YER089C	P39966	951
YER090W	P00899	952
YER091C	P05694	953
YER092W	P40060	954
YER094C	P25451	955
YER095W	P25454	956
YER097W	P40062	957
YER098W	P39967	958
YER099C	P38620	959
YER104W	P40063	960
YER105C	P40064	961
YER107C	P40066	962
YER109C	P40068	963
YER110C	P40069	964
YER111C	P25302	965
YER112W	P40070	966
YER116C	P40072	967
YER120W	P40075	968
YER122C	P38682	969
YER124C	P40077	970
YER125W	P39940	971
YER126C	P40078	972
YER127W	P40079	973
YER129W	P38990	974
YER131W	P39939	975
YER132C	P32634	976
YER133W	P32598	977
YER136W	P39958	978
YER139C	P40084	979
YER142C	P22134	980
YER143W	P40087	981
YER144C	P39944	982
YER145C	P40088	983
YER146W	P40089	984
YER147C	P40090	985
YER148W	P13393	986
YER149C	P40091	987
YER151C	Q01477	988
YER152C	P10356	989
YER153C	P10355	990
YER155C	P39960	991
YER157W	P40094	992
YER159C	P40096	993
YER161C	P06843	994
YER162C	P14736	995
YER164W	P32657	996
YER166W	P32660	997
YER167W	P33306	998
YER168C	P21269	999
YER171W	P06839	1000
YER172C	P32639	1001
YER174C	P32642	1002
YER177W	P29311	1003
YER178W	P16387	1004
YER179W	P25453	1005
YER184C	P39961	1006
YFL001W	P31115	1007
YFL002C	P25808	1008
YFL004W	P43585	1009
YFL007W	P43583	1010
YFL008W	P32908	1011
YFL009W	P07834	1012
YFL010C	P43582	1013
YFL013C	P43579	1014
YFL014W	P22943	1015
YFL016C	P35191	1016
YFL017C	P43577	1017
YFL017W-A	P40204	1018
YFL018C	P09624	1019
YFL021W	P43574	1020
YFL022C	P15625	1021
YFL024C	P43572	1022
YFL026W	D6VTK4	1023
YFL027C	P43570	1024
YFL029C	P43568	1025
YFL033C	P43565	1026
YFL034W	P43564	1027
YFL037W	P02557	1028
YFL038C	P01123	1029
YFL041W	P43561	1030
YFL042C	P43560	1031
YFL044C	P43558	1032
YFL045C	P07283	1033
YFL048C	P43555	1034
YFL049W	P43554	1035
YFL052W	P43551	1036
YFL053W	P43550	1037
YFL054C	P43549	1038
YFR001W	P43586	1039
YFR002W	P34077	1040
YFR003C	P43587	1041
YFR004W	P43588	1042
YFR007W	P43591	1043
YFR008W	P43592	1044
YFR009W	P43535	1045
YFR010W	P43593	1046
YFR011C	P43594	1047
YFR013W	P43596	1048
YFR014C	P27466	1049
YFR015C	P23337	1050
YFR016C	P43597	1051
YFR017C	P43598	1052
YFR019W	P34756	1053
YFR021W	P43601	1054
YFR022W	P43602	1055
YFR024C-A	P43603	1056
YFR025C	P38635	1057
YFR028C	Q00684	1058
YFR029W	P43606	1059
YFR030W	P39692	1060
YFR031C	P0CX45	1061
YFR032C	P05747	1062
YFR034C	P07270	1063
YFR036W	P14724	1064
YFR037C	P43609	1065
YFR040W	P43612	1066
YFR043C	P43615	1067
YFR044C	P43616	1068
YFR046C	P43618	1069
YFR048W	P43620	1070
YFR049W	P19955	1071
YFR050C	P30657	1072
YFR051C	P43621	1073
YFR052W	P32496	1074
YFR053C	P04806	1075
YFR055W	P43623	1076
YGL004C	P53196	1077
YGL005C	P53195	1078
YGL006W	P38929	1079
YGL008C	P05030	1080
YGL009C	P07264	1081
YGL011C	P21243	1082
YGL013C	P12383	1083
YGL014W	P25339	1084
YGL016W	P32767	1085
YGL017W	P16639	1086
YGL019W	P43639	1087
YGL020C	P53192	1088
YGL021W	P43633	1089
YGL022W	P39007	1090
YGL024W	P53190	1091
YGL025C	P40356	1092
YGL026C	P00931	1093
YGL027C	P53008	1094
YGL033W	P53187	1095
YGL035C	P27705	1096
YGL036W	P53185	1097
YGL037C	P53184	1098
YGL039W	P53183	1099
YGL040C	P05373	1100
YGL043W	P07273	1101
YGL044C	P25299	1102
YGL045W	P53179	1103
YGL048C	Q01939	1104
YGL049C	P39936	1105
YGL050W	P53177	1106
YGL055W	P21147	1107
YGL056C	P53172	1108
YGL057C	P53171	1109
YGL058W	P06104	1110
YGL060W	P53169	1111
YGL061C	P53168	1112
YGL062W	P11154	1113
YGL063W	P53167	1114
YGL064C	P53166	1115
YGL066W	P53165	1116
YGL067W	P53164	1117
YGL068W	P53163	1118
YGL070C	P27999	1119
YGL071W	P22149	1120
YGL073W	P10961	1121
YGL078C	P20447	1122
YGL079W	P53158	1123
YGL081W	P53156	1124
YGL082W	P53155	1125
YGL086W	P40957	1126
YGL087C	P53152	1127
YGL090W	P53150	1128
YGL092W	P49687	1129
YGL094C	P53010	1130
YGL095C	P38932	1131
YGL096W	P53147	1132
YGL097W	P21827	1133
YGL099W	P53145	1134
YGL100W	P53011	1135
YGL105W	P46672	1136
YGL106W	P53141	1137
YGL107C	P53140	1138
YGL108C	P53139	1139
YGL110C	P53137	1140
YGL111W	P53136	1141
YGL112C	P53040	1142
YGL113W	P53135	1143
YGL115W	P12904	1144
YGL116W	P26309	1145
YGL120C	P53131	1146
YGL121C	P53130	1147
YGL122C	P32505	1148
YGL124C	P53129	1149
YGL125W	P53128	1150
YGL127C	P38633	1151
YGL128C	P52868	1152
YGL129C	Q01163	1153
YGL130W	Q01159	1154
YGL131C	P53127	1155
YGL133W	P53125	1156
YGL134W	P53124	1157
YGL136C	P53123	1158
YGL137W	P41811	1159
YGL140C	P53120	1160
YGL148W	P28777	1161
YGL150C	P53115	1162
YGL151W	P53114	1163
YGL155W	P18898	1164
YGL156W	P22855	1165
YGL157W	P53111	1166
YGL158W	P38622	1167
YGL161C	P53108	1168
YGL164C	P53107	1169
YGL166W	P15315	1170
YGL167C	P13586	1171
YGL170C	P45819	1172
YGL171W	P45818	1173
YGL172W	Q02199	1174
YGL173C	P22147	1175
YGL174W	P46947	1176
YGL175C	P46946	1177
YGL176C	P46945	1178
YGL178W	P39016	1179
YGL179C	P43637	1180
YGL180W	P53104	1181
YGL181W	P40956	1182
YGL185C	P53100	1183
YGL187C	P04037	1184
YGL190C	Q00362	1185
YGL195W	P33892	1186
YGL197W	P53094	1187
YGL200C	P32803	1188
YGL201C	P53091	1189
YGL203C	P09620	1190
YGL205W	P13711	1191
YGL206C	P22137	1192
YGL207W	P32558	1193
YGL208W	P34164	1194
YGL212W	P32912	1195
YGL213C	Q02793	1196
YGL220W	P53082	1197
YGL223C	P53079	1198
YGL224C	P53078	1199
YGL225W	P40107	1200
YGL227W	P53076	1201
YGL229C	P53036	1202
YGL231C	P53073	1203
YGL232W	P53072	1204
YGL233W	P22224	1205
YGL234W	P07244	1206
YGL237C	P06774	1207
YGL238W	P33307	1208
YGL240W	P53068	1209
YGL241W	P53067	1210
YGL242C	P53066	1211
YGL244W	P53064	1212
YGL245W	P46655	1213
YGL246C	P53063	1214
YGL251C	P51979	1215
YGL252C	P32608	1216
YGL253W	P04807	1217
YGL255W	P32804	1218
YGR002C	P53201	1219
YGR003W	P53202	1220
YGR005C	P41896	1221
YGR006W	P33411	1222
YGR008C	P16965	1223
YGR009C	P40357	1224
YGR010W	P53204	1225
YGR012W	P53206	1226
YGR013W	P53207	1227
YGR014W	P32334	1228
YGR015C	P53208	1229
YGR017W	P53210	1230
YGR019W	P17649	1231
YGR020C	P39111	1232
YGR021W	P53212	1233
YGR023W	P53214	1234
YGR024C	P53215	1235
YGR025W	P53216	1236
YGR030C	P53218	1237
YGR031W	P53219	1238
YGR032W	P40989	1239
YGR033C	P53220	1240
YGR037C	P31787	1241
YGR040W	P14681	1242
YGR041W	P53226	1243
YGR043C	P53228	1244
YGR047C	P33339	1245
YGR048W	P53044	1246
YGR050C	P53231	1247
YGR054W	P53235	1248
YGR056W	P53236	1249
YGR059W	P41901	1250
YGR061C	P38972	1251
YGR062C	P53239	1252
YGR063C	P32914	1253
YGR067C	P53243	1254
YGR070W	P53046	1255
YGR071C	P53246	1256
YGR072W	P48412	1257
YGR074W	Q02260	1258
YGR075C	Q00723	1259
YGR076C	P23369	1260
YGR078C	P48363	1261
YGR080W	P53250	1262
YGR081C	P53251	1263
YGR083C	P12754	1264
YGR084C	P12686	1265
YGR086C	P53252	1266
YGR087C	P26263	1267
YGR090W	P53254	1268
YGR091W	P49704	1269
YGR092W	P22204	1270
YGR093W	P53255	1271
YGR094W	P07806	1272
YGR095C	P53256	1273
YGR097W	P48361	1274
YGR098C	Q03018	1275
YGR103W	P53261	1276
YGR104C	P32585	1277
YGR106C	P53262	1278
YGR108W	P24868	1279
YGR111W	P53265	1280
YGR113W	P53267	1281
YGR115C	P53269	1282
YGR116W	P23615	1283
YGR119C	P48837	1284
YGR120C	P53271	1285
YGR123C	P53043	1286
YGR124W	P49090	1287
YGR125W	P53273	1288
YGR126W	P53274	1289
YGR128C	P53276	1290
YGR129W	P53277	1291
YGR130C	P53278	1292
YGR133W	P29340	1293
YGR134W	P53280	1294
YGR135W	P23638	1295
YGR136W	P53281	1296
YGR137W	P53282	1297
YGR138C	P53283	1298
YGR140W	P32504	1299
YGR142W	P53286	1300
YGR144W	P32318	1301
YGR145W	P48234	1302
YGR149W	P48236	1303
YGR155W	P32582	1304
YGR156W	P39927	1305
YGR158C	P48240	1306
YGR161C	Q12316	1307
YGR162W	P39935	1308
YGR165W	P53292	1309
YGR166W	P32893	1310
YGR167W	P17891	1311
YGR170W	P53037	1312
YGR171C	P22438	1313
YGR173W	P53295	1314
YGR177C	P53296	1315
YGR179C	P53298	1316
YGR180C	P49723	1317
YGR184C	P19812	1318
YGR185C	P36421	1319
YGR186W	P41895	1320
YGR187C	P48362	1321
YGR188C	P41695	1322
YGR191W	P06775	1323
YGR193C	P16451	1324
YGR195W	P46948	1325
YGR196C	P46949	1326
YGR197C	P46950	1327
YGR198W	P46951	1328
YGR200C	P42935	1329
YGR202C	P13259	1330
YGR204W	P07245	1331
YGR206W	P42939	1332
YGR207C	P42940	1333
YGR209C	P22803	1334
YGR211W	P53303	1335
YGR215W	P53305	1336
YGR216C	P53306	1337
YGR217W	P50077	1338
YGR218W	P30822	1339
YGR220C	P31334	1340
YGR222W	P10834	1341
YGR223C	P50079	1342
YGR224W	P50080	1343
YGR225W	P50082	1344
YGR228W	P53308	1345
YGR229C	P32566	1346
YGR231C	P50085	1347
YGR232W	P50086	1348
YGR233C	P17442	1349
YGR235C	P50087	1350
YGR237C	P50089	1351
YGR238C	P50090	1352
YGR239C	P50091	1353
YGR240C	P16861	1354
YGR241C	P53309	1355
YGR243W	P53311	1356
YGR244C	P53312	1357
YGR245C	P53313	1358
YGR246C	P29056	1359
YGR247W	P53314	1360
YGR248W	P53315	1361
YGR250C	P53316	1362
YGR251W	P53317	1363
YGR252W	Q03330	1364
YGR253C	P32379	1365
YGR255C	P53318	1366
YGR256W	P53319	1367
YGR258C	P07276	1368
YGR261C	P46682	1369
YGR262C	P53323	1370
YGR263C	P53324	1371
YGR264C	P00958	1372
YGR266W	P53326	1373
YGR267C	P51601	1374
YGR271W	P53327	1375
YGR272C	Q3E705	1376
YGR274C	P46677	1377
YGR275W	P53330	1378
YGR278W	P53333	1379
YGR281W	P53049	1380
YGR283C	P53336	1381
YGR284C	P53337	1382
YGR285C	P32527	1383
YGR286C	P32451	1384
YHL002W	P38753	1385
YHL004W	P32902	1386
YHL007C	Q03497	1387
YHL008C	P38750	1388
YHL009C	P38749	1389
YHL013C	P38747	1390
YHL014C	P38746	1391
YHL019C	P38700	1392
YHL022C	P23179	1393
YHL023C	P38742	1394
YHL024W	P38741	1395
YHL025W	P18888	1396
YHL027W	P33400	1397
YHL029C	P38738	1398
YHL030W	P38737	1399
YHL032C	P32190	1400
YHL034C	P10080	1401
YHL035C	P38735	1402
YHL038C	P03874	1403
YHL039W	P38732	1404
YHR001W	P37299	1405
YHR004C	P38757	1406
YHR007C	P10614	1407
YHR008C	P00447	1408
YHR009C	P38758	1409
YHR011W	P38705	1410
YHR012W	P38759	1411
YHR013C	P07347	1412
YHR015W	P38760	1413
YHR016C	P32793	1414
YHR018C	P04076	1415
YHR019C	P38707	1416
YHR020W	P38708	1417
YHR023W	P08964	1418
YHR024C	P11914	1419
YHR025W	P17423	1420
YHR027C	P38764	1421
YHR029C	P38765	1422
YHR030C	Q00772	1423
YHR033W	P38690	1424
YHR034C	P38768	1425
YHR035W	P38769	1426
YHR036W	P38770	1427
YHR039C	P48836	1428
YHR040W	P38772	1429
YHR041C	P34162	1430
YHR042W	P16603	1431
YHR046C	P38710	1432
YHR051W	P00427	1433
YHR052W	P38779	1434
YHR054C	P38780	1435
YHR058C	P38782	1436
YHR061C	P38785	1437
YHR062C	P38786	1438
YHR063C	P38787	1439
YHR064C	P38788	1440
YHR065C	P38712	1441
YHR066W	P38789	1442
YHR067W	P38790	1443
YHR068W	P38791	1444
YHR069C	P38792	1445
YHR070W	P38793	1446
YHR073W	P38713	1447
YHR074W	P38795	1448
YHR076W	P38797	1449
YHR077C	P38798	1450
YHR078W	P38799	1451
YHR079C	P32361	1452
YHR081W	P38801	1453
YHR082C	P38691	1454
YHR084W	P13574	1455
YHR085W	P38803	1456
YHR086W	Q00539	1457
YHR087W	P38804	1458
YHR088W	P38805	1459
YHR089C	P28007	1460
YHR090C	P38806	1461
YHR091C	P38714	1462
YHR097C	P38809	1463
YHR099W	P38811	1464
YHR102W	P38692	1465
YHR103W	P38814	1466
YHR104W	P38715	1467
YHR106W	P38816	1468
YHR107C	P32468	1469
YHR108W	P38817	1470
YHR111W	P38820	1471
YHR114W	P38822	1472
YHR115C	P38823	1473
YHR117W	P38825	1474
YHR118C	P38826	1475
YHR119W	P38827	1476
YHR121W	P38828	1477
YHR122W	P38829	1478
YHR124W	P38830	1479
YHR127W	P38833	1480
YHR130C	P38834	1481
YHR131C	P38835	1482
YHR135C	P23291	1483
YHR137W	P38840	1484
YHR138C	P38841	1485
YHR139C	P13130	1486
YHR140W	P38842	1487
YHR143W-A	P40422	1488
YHR146W	P38845	1489
YHR148W	P32899	1490
YHR154W	P38850	1491
YHR155W	P38851	1492
YHR156C	P38852	1493
YHR158C	P38853	1494
YHR160C	P38855	1495
YHR161C	P38856	1496
YHR164C	P38859	1497
YHR165C	P33334	1498
YHR166C	P16522	1499
YHR167W	O13539	1500
YHR168W	P38860	1501
YHR169W	P38719	1502
YHR170W	P38861	1503
YHR172W	P38863	1504
YHR179W	Q03558	1505
YHR182W	P38870	1506
YHR183W	P38720	1507
YHR184W	P38871	1508
YHR185C	P38872	1509
YHR186C	P38873	1510
YHR187W	P38874	1511
YHR190W	P29704	1512
YHR191C	P38877	1513
YHR193C	P38879	1514
YHR194W	P38880	1515
YHR196W	P38882	1516
YHR198C	P38884	1517
YHR200W	P38886	1518
YHR201C	P38698	1519
YHR202W	P38887	1520
YHR204W	P38888	1521
YHR205W	P11792	1522
YHR206W	P38889	1523
YHR208W	P38891	1524
YHR209W	P38892	1525
YHR216W	P38697	1526
YIL002C	P40559	1527
YIL006W	P40556	1528
YIL007C	P40555	1529
YIL008W	P40554	1530
YIL014W	P40549	1531
YIL015W	P12630	1532
YIL016W	P40548	1533
YIL017C	P40547	1534
YIL020C	P40545	1535
YIL021W	P16370	1536
YIL022W	Q01852	1537
YIL026C	P40541	1538
YIL030C	P40318	1539
YIL031W	P40537	1540
YIL032C	P40536	1541
YIL033C	P07278	1542
YIL034C	P13517	1543
YIL035C	P15790	1544
YIL036W	P40535	1545
YIL037C	P40534	1546
YIL038C	P06102	1547
YIL039W	P40533	1548
YIL041W	P40531	1549
YIL043C	P38626	1550
YIL045W	P40187	1551
YIL046W	P39014	1552
YIL047C	P40528	1553
YIL050W	P40186	1554
YIL051C	P40185	1555
YIL056W	P40522	1556
YIL057C	P40188	1557
YIL061C	Q00916	1558
YIL062C	P40518	1559
YIL063C	P40517	1560
YIL066C	P21672	1561
YIL067C	P40514	1562
YIL068C	P32844	1563
YIL070C	P40513	1564
YIL071C	P40512	1565
YIL072W	P20050	1566
YIL075C	P32565	1567
YIL076W	P40509	1568
YIL078W	P04801	1569
YIL079C	P40507	1570
YIL084C	P40505	1571
YIL088C	P40501	1572
YIL090W	P40499	1573
YIL091C	P40498	1574
YIL093C	P40496	1575
YIL094C	P40495	1576
YIL095W	P40494	1577
YIL096C	P40493	1578
YIL097W	P40492	1579
YIL098C	P40491	1580
YIL099W	P08019	1581
YIL101C	P40489	1582
YIL104C	P40486	1583
YIL105C	P40485	1584
YIL106W	P40484	1585
YIL107C	P40433	1586
YIL108W	P40483	1587
YIL109C	P40482	1588
YIL110W	P40481	1589
YIL111W	P00425	1590
YIL112W	P40480	1591
YIL115C	P40477	1592
YIL116W	P07172	1593
YIL121W	P40474	1594
YIL123W	P40472	1595
YIL125W	P20967	1596
YIL126W	P32597	1597
YIL127C	P40470	1598
YIL128W	P40469	1599
YIL129C	P40468	1600
YIL131C	P40466	1601
YIL134W	P40464	1602
YIL135C	P40463	1603
YIL137C	P40462	1604
YIL142W	P39076	1605
YIL143C	Q00578	1606
YIL144W	P40460	1607
YIL146C	P40458	1608
YIL147C	P39928	1609
YIL148W	P0CH08	1610
YIL149C	P40457	1611
YIL150C	P32354	1612
YIL151C	P40456	1613
YIL152W	P40455	1614
YIL153W	P40454	1615
YIL156W	P40453	1616
YIL159W	P40450	1617
YIL161W	P40449	1618
YIL162W	P00724	1619
YIL166C	P40445	1620
YIL167W	P0CF22	1621
YIL177C	P40434	1622
YIR001C	P40561	1623
YIR002C	P40562	1624
YIR003W	P40563	1625
YIR004W	P40564	1626
YIR006C	P32521	1627
YIR007W	P40566	1628
YIR008C	P10363	1629
YIR010W	P40568	1630
YIR012W	P35184	1631
YIR015W	P40571	1632
YIR019C	P08640	1633
YIR021W	P07266	1634
YIR022W	P15367	1635
YIR023W	P21657	1636
YIR025W	P40577	1637
YIR026C	Q02256	1638
YIR028W	Q04895	1639
YIR029W	P25335	1640
YIR030C	P32460	1641
YIR033W	P40578	1642
YIR035C	P40579	1643
YIR037W	P40581	1644
YIR039C	P40583	1645
YJL001W	P38624	1646
YJL005W	P08678	1647
YJL006C	P46962	1648
YJL008C	P47079	1649
YJL011C	P47076	1650
YJL013C	P47074	1651
YJL019W	P47069	1652
YJL020C	P47068	1653
YJL023C	P47065	1654
YJL024C	P47064	1655
YJL025W	P40992	1656
YJL026W	P09938	1657
YJL029C	P47061	1658
YJL030W	P40958	1659
YJL033W	P20448	1660
YJL034W	P16474	1661
YJL035C	P47058	1662
YJL036W	P47057	1663
YJL039C	P47054	1664
YJL041W	P14907	1665
YJL042W	P43638	1666
YJL044C	P32806	1667
YJL047C	P47050	1668
YJL048C	P47049	1669
YJL050W	P47047	1670
YJL051W	P47046	1671
YJL052W	P00360	1672
YJL053W	P40335	1673
YJL056C	P47043	1674
YJL059W	P47040	1675
YJL061W	P40368	1676
YJL063C	P22353	1677
YJL065C	P40366	1678
YJL066C	P40364	1679
YJL067W	P40365	1680
YJL068C	P40363	1681
YJL069C	P40362	1682
YJL070C	P40361	1683
YJL072C	P40359	1684
YJL073W	P40358	1685
YJL074C	P47037	1686
YJL076W	P47035	1687
YJL078C	P47033	1688
YJL080C	P06105	1689
YJL081C	P80428	1690
YJL082W	P47031	1691
YJL084C	P47029	1692
YJL087C	P09880	1693
YJL088W	P05150	1694
YJL089W	P46954	1695
YJL091C	P47026	1696
YJL092W	P12954	1697
YJL093C	P40310	1698
YJL094C	P40309	1699
YJL095W	Q01389	1700
YJL098W	P40856	1701
YJL099W	P40955	1702
YJL101C	P32477	1703
YJL102W	P39677	1704
YJL107C	P42947	1705
YJL108C	P42946	1706
YJL109C	P42945	1707
YJL110C	P42944	1708
YJL111W	P42943	1709
YJL112W	P47025	1710
YJL115W	P32447	1711
YJL117W	P46956	1712
YJL118W	P47022	1713
YJL122W	P47019	1714
YJL123C	P47018	1715
YJL124C	P47017	1716
YJL125C	P46959	1717
YJL128C	P08018	1718
YJL129C	P12685	1719
YJL130C	P07259	1720
YJL131C	P47015	1721
YJL132W	P47014	1722
YJL137C	P47011	1723
YJL138C	P10081	1724
YJL140W	P20433	1725
YJL141C	P14680	1726
YJL144W	P47009	1727
YJL145W	P47008	1728
YJL146W	P46958	1729
YJL147C	P47007	1730
YJL148W	P47006	1731
YJL154C	P34110	1732
YJL155C	P32604	1733
YJL157C	P21268	1734
YJL159W	P32478	1735
YJL162C	P46997	1736
YJL163C	P46996	1737
YJL164C	P06244	1738
YJL165C	P38970	1739
YJL168C	P46995	1740
YJL169W	P46994	1741
YJL171C	P46992	1742
YJL173C	P26755	1743
YJL176C	P32591	1744
YJL179W	P46988	1745
YJL180C	P22135	1746
YJL184W	P46984	1747
YJL187C	P32944	1748
YJL192C	P39543	1749
YJL194W	P09119	1750
YJL195C	P39541	1751
YJL197W	P39538	1752
YJL199C	P39534	1753
YJL200C	P39533	1754
YJL201W	P32525	1755
YJL202C	P39532	1756
YJL203W	P32524	1757
YJL204C	P39531	1758
YJL206C	P39529	1759
YJL207C	P39526	1760
YJL209W	P07252	1761
YJL214W	P40886	1762
YJL217W	P40893	1763
YJL219W	P40885	1764
YJR001W	P47082	1765
YJR002W	P47083	1766
YJR004C	P20840	1767
YJR005W	P27351	1768
YJR006W	P46957	1769
YJR007W	P20459	1770
YJR008W	P47085	1771
YJR009C	P00358	1772
YJR010C-A	P46965	1773
YJR010W	P08536	1774
YJR011C	P47086	1775
YJR012C	P47087	1776
YJR014W	P47089	1777
YJR015W	P47090	1778
YJR017C	P22696	1779
YJR022W	P47093	1780
YJR025C	P47096	1781
YJR031C	P47102	1782
YJR032W	P47103	1783
YJR033C	P47104	1784
YJR035W	P40352	1785
YJR036C	P40985	1786
YJR041C	P47108	1787
YJR042W	P46673	1788
YJR043C	P47110	1789
YJR045C	P0CS90	1790
YJR046W	P47112	1791
YJR047C	P19211	1792
YJR050W	P21374	1793
YJR051W	P21375	1794
YJR052W	P06779	1795
YJR053W	P47113	1796
YJR056C	P47115	1797
YJR058C	Q00381	1798
YJR059W	P47116	1799
YJR060W	P17106	1800
YJR062C	P40354	1801
YJR063W	P32529	1802
YJR064W	P40413	1803
YJR065C	P47117	1804
YJR066W	P35169	1805
YJR067C	P47118	1806
YJR068W	P40348	1807
YJR069C	P47119	1808
YJR070C	P47120	1809
YJR072C	P47122	1810
YJR076C	P32458	1811
YJR080C	P47127	1812
YJR082C	P47128	1813
YJR083C	P47129	1814
YJR084W	P47130	1815
YJR089W	P47134	1816
YJR090C	P24814	1817
YJR091C	P47135	1818
YJR092W	P47136	1819
YJR093C	P45976	1820
YJR094W-A	P0CX26	1821
YJR096W	P47137	1822
YJR097W	P47138	1823
YJR098C	P47139	1824
YJR099W	P35127	1825
YJR101W	P47141	1826
YJR102C	P47142	1827
YJR103W	P38627	1828
YJR104C	P00445	1829
YJR105W	P47143	1830
YJR106W	P47144	1831
YJR107W	P47145	1832
YJR109C	P03965	1833
YJR110W	P47147	1834
YJR112W	P47149	1835
YJR113C	P47150	1836
YJR114W	P47151	1837
YJR119C	P47156	1838
YJR120W	P47157	1839
YJR121W	P00830	1840
YJR122W	P47158	1841
YJR124C	P47159	1842
YJR125C	P47160	1843
YJR126C	P47161	1844
YJR127C	P46974	1845
YJR129C	P47163	1846
YJR130C	P47164	1847
YJR131W	P32906	1848
YJR132W	P46970	1849
YJR134C	P47166	1850
YJR135C	P47167	1851
YJR136C	P47168	1852
YJR138W	P47170	1853
YJR139C	P31116	1854
YJR140C	P47171	1855
YJR143C	P46971	1856
YJR144W	P32787	1857
YJR147W	P47175	1858
YJR148W	P47176	1859
YJR149W	P47177	1860
YJR152W	P15365	1861
YJR154W	P47181	1862
YJR156C	P47183	1863
YJR162C	P47188	1864
YKL003C	P28778	1865
YKL004W	P36107	1866
YKL005C	P36106	1867
YKL007W	P28495	1868
YKL009W	P33201	1869
YKL010C	P33202	1870
YKL012W	P33203	1871
YKL013C	P33204	1872
YKL014C	P34241	1873
YKL015W	P25502	1874
YKL016C	P30902	1875
YKL017C	P34243	1876
YKL018W	P36104	1877
YKL019W	P29703	1878
YKL020C	P35210	1879
YKL022C	P09798	1880
YKL023W	P36103	1881
YKL024C	P15700	1882
YKL025C	P36102	1883
YKL027W	P36101	1884
YKL028W	P36100	1885
YKL029C	P36013	1886
YKL032C	P33417	1887
YKL035W	P32861	1888
YKL037W	P32858	1889
YKL038W	P32862	1890
YKL040C	P32860	1891
YKL041W	P36095	1892
YKL046C	P36091	1893
YKL047W	P36090	1894
YKL048C	P32801	1895
YKL050C	P35736	1896
YKL052C	P35734	1897
YKL054C	P35732	1898
YKL056C	P35691	1899
YKL057C	P35729	1900
YKL058W	P32774	1901
YKL059C	P35728	1902
YKL061W	P35727	1903
YKL067W	P36010	1904
YKL069W	P36088	1905
YKL072W	P36085	1906
YKL074C	P36084	1907
YKL075C	P36083	1908
YKL077W	P36081	1909
YKL078W	P36009	1910
YKL079W	P32364	1911
YKL080W	P31412	1912
YKL081W	P36008	1913
YKL082C	P36080	1914
YKL087C	Q00873	1915
YKL088W	P36076	1916
YKL089W	P35201	1917
YKL091C	P33324	1918
YKL092C	P33314	1919
YKL093W	P23493	1920
YKL095W	P28320	1921
YKL098W	P34246	1922
YKL100C	P34248	1923
YKL101W	P34244	1924
YKL103C	P14904	1925
YKL104C	P14742	1926
YKL105C	P34250	1927
YKL108W	P34252	1928
YKL110C	P34253	1929
YKL112W	P14164	1930
YKL113C	P26793	1931
YKL114C	P22936	1932
YKL116C	P28708	1933
YKL117W	P28707	1934
YKL121W	P32330	1935
YKL122C	P32342	1936
YKL124W	P32343	1937
YKL127W	P33401	1938
YKL128C	P36069	1939
YKL129C	P36006	1940
YKL130C	P36068	1941
YKL132C	P36001	1942
YKL134C	P35999	1943
YKL135C	P36000	1944
YKL139W	Q03957	1945
YKL142W	P35719	1946
YKL143W	P34078	1947
YKL144C	P35718	1948
YKL145W	P33299	1949
YKL149C	P24309	1950
YKL151C	P36059	1951
YKL154W	P36057	1952
YKL155C	P36056	1953
YKL157W	P32454	1954
YKL159C	P36054	1955
YKL160W	P36053	1956
YKL164C	Q03178	1957
YKL165C	P36051	1958
YKL167C	P32388	1959
YKL172W	P36049	1960
YKL173W	P36048	1961
YKL176C	P34239	1962
YKL179C	P34237	1963
YKL182W	P07149	1964
YKL183W	P34234	1965
YKL185W	P34233	1966
YKL186C	P34232	1967
YKL187C	P34231	1968
YKL188C	P34230	1969
YKL190W	P25296	1970
YKL191W	P32461	1971
YKL192C	P32463	1972
YKL193C	P36047	1973
YKL194C	P07236	1974
YKL195W	P36046	1975
YKL197C	P24004	1976
YKL198C	P36002	1977
YKL201C	P36044	1978
YKL203C	P32600	1979
YKL204W	P36041	1980
YKL206C	P36040	1981
YKL207W	P36039	1982
YKL210W	P22515	1983
YKL211C	P00937	1984
YKL212W	P32368	1985
YKL213C	P36037	1986
YKL214C	P36036	1987
YKL215C	P28273	1988
YKL216W	P28272	1989
YKL217W	P36035	1990
YKL221W	P36032	1991
YKR001C	P21576	1992
YKR003W	Q02201	1993
YKR006C	Q02204	1994
YKR008W	Q02206	1995
YKR009C	Q02207	1996
YKR010C	Q02208	1997
YKR014C	P36018	1998
YKR015C	P36111	1999
YKR018C	P36114	2000
YKR019C	P36115	2001
YKR022C	P36118	2002
YKR023W	P36119	2003
YKR024C	P36120	2004
YKR025W	P36121	2005
YKR026C	P14741	2006
YKR027W	P36122	2007
YKR028W	P36123	2008
YKR029C	P36124	2009
YKR031C	P36126	2010
YKR035W-A	P69771	2011
YKR036C	P36130	2012
YKR037C	P36131	2013
YKR038C	P36132	2014
YKR042W	P36135	2015
YKR043C	P36136	2016
YKR046C	P36139	2017
YKR047W	P36140	2018
YKR048C	P25293	2019
YKR049C	P36141	2020
YKR050W	P28584	2021
YKR054C	P36022	2022
YKR056W	P33753	2023
YKR058W	P36143	2024
YKR062W	P36145	2025
YKR063C	P36146	2026
YKR064W	P36023	2027
YKR067W	P36148	2028
YKR068C	P36149	2029
YKR070W	P36151	2030
YKR071C	P36152	2031
YKR072C	P36024	2032
YKR077W	P36157	2033
YKR078W	P36158	2034
YKR079C	P36159	2035
YKR081C	P36160	2036
YKR082W	P36161	2037
YKR083C	P36162	2038
YKR084C	P32769	2039
YKR085C	P22354	2040
YKR086W	P15938	2041
YKR089C	P36165	2042
YKR092C	P32583	2043
YKR093W	P32901	2044
YKR095W	Q02455	2045
YKR098C	P36026	2046
YKR099W	P22035	2047
YKR101W	P21691	2048
YKR103W	P0CE68	2049
YLL001W	P54861	2050
YLL002W	Q07794	2051
YLL003W	Q12369	2052
YLL004W	P54790	2053
YLL005C	Q07798	2054
YLL007C	Q07799	2055
YLL008W	P32892	2056
YLL010C	Q07800	2057
YLL011W	P33750	2058
YLL013C	Q07807	2059
YLL018C	P04802	2060
YLL019C	P32350	2061
YLL021W	P23201	2062
YLL022C	Q12373	2063
YLL023C	Q12164	2064
YLL026W	P31539	2065
YLL027W	Q07821	2066
YLL029W	Q07825	2067
YLL032C	Q07834	2068
YLL033W	Q07843	2069
YLL034C	Q07844	2070
YLL036C	P32523	2071
YLL040C	Q07878	2072
YLL043W	P23900	2073
YLL048C	P32386	2074
YLL050C	Q03048	2075
YLL052C	P0CD90	2076
YLL055W	Q12235	2077
YLL056C	Q12177	2078
YLL057C	Q12358	2079
YLL058W	Q12198	2080
YLL060C	Q12390	2081
YLL061W	Q12372	2082
YLL062C	Q12525	2083
YLL063C	Q12226	2084
YLR001C	Q07895	2085
YLR002C	Q07896	2086
YLR005W	Q04673	2087
YLR006C	Q07084	2088
YLR011W	Q07923	2089
YLR014C	P07272	2090
YLR015W	P43132	2091
YLR016C	Q07930	2092
YLR017W	Q07938	2093
YLR019W	Q07949	2094
YLR021W	Q07951	2095
YLR022C	Q07953	2096
YLR023C	Q07959	2097
YLR024C	Q07963	2098
YLR025W	P39929	2099
YLR026C	Q01590	2100
YLR027C	P23542	2101
YLR028C	P54113	2102
YLR032W	P32849	2103
YLR033W	Q07979	2104
YLR034C	Q12078	2105
YLR035C	Q12088	2106
YLR036C	Q07986	2107
YLR039C	P40395	2108
YLR043C	P22217	2109
YLR045C	P46675	2110
YLR048W	P46654	2111
YLR049C	Q12110	2112
YLR050C	Q12155	2113
YLR051C	Q12035	2114
YLR052W	Q12345	2115
YLR055C	P38915	2116
YLR057W	Q12205	2117
YLR058C	P37291	2118
YLR060W	P15624	2119
YLR064W	Q12144	2120
YLR066W	Q12133	2121
YLR069C	P25039	2122
YLR071C	P19263	2123
YLR072W	Q08001	2124
YLR074C	Q08004	2125
YLR075W	P41805	2126
YLR079W	P38634	2127
YLR082C	Q12020	2128
YLR083C	P32802	2129
YLR085C	Q12509	2130
YLR086W	Q12267	2131
YLR087C	Q12150	2132
YLR089C	P52893	2133
YLR090W	P39102	2134
YLR091W	Q12393	2135
YLR092W	Q12325	2136
YLR094C	Q12418	2137
YLR095C	Q12072	2138
YLR096W	P13186	2139
YLR097C	Q12347	2140
YLR100W	Q12452	2141
YLR102C	Q12107	2142
YLR106C	Q12019	2143
YLR107W	Q12090	2144
YLR109W	P38013	2145
YLR113W	P32485	2146
YLR114C	Q12500	2147
YLR115W	Q12102	2148
YLR116W	Q12186	2149
YLR117C	Q12309	2150
YLR118C	Q12354	2151
YLR119W	Q99176	2152
YLR120C	P32329	2153
YLR121C	Q12303	2154
YLR125W	Q12138	2155
YLR127C	Q12440	2156
YLR129W	Q12220	2157
YLR131C	P21192	2158
YLR132C	Q12208	2159
YLR133W	P20485	2160
YLR134W	P16467	2161
YLR135W	Q12098	2162
YLR138W	Q99271	2163
YLR139C	P42900	2164
YLR142W	P09368	2165
YLR143W	Q12429	2166
YLR144C	Q12168	2167
YLR145W	Q12530	2168
YLR146C	Q12455	2169
YLR147C	P43321	2170
YLR148W	P27801	2171
YLR149C	P0C5P8	2172
YLR150W	P39015	2173
YLR152C	P54072	2174
YLR153C	P52910	2175
YLR154C	Q12338	2176
YLR163C	P10507	2177
YLR167W	P05759	2178
YLR168C	P35200	2179
YLR170C	P35181	2180
YLR171W	O13562	2181
YLR172C	P32469	2182
YLR173W	Q06247	2183
YLR175W	P33322	2184
YLR176C	P48743	2185
YLR177W	Q06251	2186
YLR178C	P14306	2187
YLR179C	Q06252	2188
YLR180W	P10659	2189
YLR181C	Q06263	2190
YLR182W	P09959	2191
YLR185W	P49166	2192
YLR186W	Q06287	2193
YLR187W	Q06315	2194
YLR189C	Q06321	2195
YLR190W	Q06324	2196
YLR192C	Q05775	2197
YLR196W	P21304	2198
YLR197W	Q12460	2199
YLR199C	Q05778	2200
YLR200W	P52553	2201
YLR203C	P32335	2202
YLR206W	Q05785	2203
YLR207W	Q05787	2204
YLR208W	Q04491	2205
YLR210W	P24871	2206
YLR211C	Q05789	2207
YLR212C	P53378	2208
YLR215C	Q05791	2209
YLR216C	P53691	2210
YLR218C	Q05809	2211
YLR219W	Q05812	2212
YLR221C	Q05942	2213
YLR223C	P39520	2214
YLR225C	Q05948	2215
YLR226W	Q05949	2216
YLR227C	Q05955	2217
YLR231C	Q05979	2218
YLR233C	P17214	2219
YLR239C	Q06005	2220
YLR240W	P22543	2221
YLR241W	Q06538	2222
YLR243W	Q06543	2223
YLR244C	Q01662	2224
YLR246W	Q06551	2225
YLR247C	Q06554	2226
YLR248W	P38623	2227
YLR249W	P16521	2228
YLR253W	Q06567	2229
YLR256W	P0C2I7	2230
YLR257W	Q06146	2231
YLR258W	P27472	2232
YLR259C	P19882	2233
YLR260W	Q06147	2234
YLR262C	Q99260	2235
YLR265C	Q06148	2236
YLR266C	Q06149	2237
YLR269C	O13550	2238
YLR270W	Q06151	2239
YLR271W	Q06152	2240
YLR272C	Q06156	2241
YLR273C	Q06216	2242
YLR274W	P29496	2243
YLR275W	Q06217	2244
YLR276C	Q06218	2245
YLR277C	Q06224	2246
YLR278C	Q05854	2247
YLR287C	P0CX33	2248
YLR288C	Q02574	2249
YLR290C	Q05892	2250
YLR291C	P32502	2251
YLR292C	P39742	2252
YLR293C	P32835	2253
YLR295C	Q12349	2254
YLR298C	Q05900	2255
YLR299W	Q05902	2256
YLR303W	P06106	2257
YLR304C	P19414	2258
YLR305C	P37297	2259
YLR309C	Q06704	2260
YLR310C	P04821	2261
YLR312C	Q06159	2262
YLR312W-A	P36523	2263
YLR313C	Q06160	2264
YLR314C	P32457	2265
YLR315W	Q06162	2266
YLR318W	Q06163	2267
YLR319C	P41697	2268
YLR320W	Q06164	2269
YLR323C	P53769	2270
YLR325C	P49167	2271
YLR328W	Q06178	2272
YLR330W	Q12114	2273
YLR332W	P36027	2274
YLR333C	P0C0T4	2275
YLR335W	P32499	2276
YLR336C	Q06132	2277
YLR337C	P37370	2278
YLR341W	Q06134	2279
YLR342W	P38631	2280
YLR343W	Q06135	2281
YLR345W	Q06137	2282
YLR347C	Q06142	2283
YLR350W	Q06144	2284
YLR353W	P41698	2285
YLR354C	P15019	2286
YLR355C	P06168	2287
YLR356W	Q06485	2288
YLR357W	Q06488	2289
YLR358C	O13565	2290
YLR359W	Q05911	2291
YLR360W	Q05919	2292
YLR362W	P23561	2293
YLR369W	Q05931	2294
YLR370C	Q05933	2295
YLR371W	P51862	2296
YLR373C	Q05934	2297
YLR374C	O13545	2298
YLR375W	Q05937	2299
YLR377C	P09201	2300
YLR380W	Q06705	2301
YLR381W	Q12748	2302
YLR382C	P11325	2303
YLR383W	Q12749	2304
YLR384C	Q06706	2305
YLR385C	Q06707	2306
YLR386W	Q06708	2307
YLR387C	Q06709	2308
YLR388W	P41057	2309
YLR392C	P18634	2310
YLR396C	P20795	2311
YLR398C	P35207	2312
YLR399C	P35817	2313
YLR401C	Q06053	2314
YLR403W	P32432	2315
YLR405W	Q06063	2316
YLR407W	Q06070	2317
YLR408C	Q06071	2318
YLR409C	Q06078	2319
YLR410W	P0C2J3	2320
YLR411W	Q06686	2321
YLR413W	Q06689	2322
YLR417W	Q06696	2323
YLR418C	Q06697	2324
YLR419W	Q06698	2325
YLR421C	O13563	2326
YLR423C	Q06410	2327
YLR424W	Q06411	2328
YLR425W	Q06412	2329
YLR426W	Q06417	2330
YLR427W	Q06436	2331
YLR429W	Q06440	2332
YLR430W	Q00416	2333
YLR432W	P50095	2334
YLR433C	P23287	2335
YLR434C	O13576	2336
YLR435W	Q06672	2337
YLR436C	Q06673	2338
YLR438C-A	P57743	2339
YLR438W	P07991	2340
YLR439W	P36517	2341
YLR442C	P06701	2342
YLR447C	P32366	2343
YLR452C	P11972	2344
YLR454W	Q06179	2345
YLR455W	Q06188	2346
YML001W	P32939	2347
YML002W	P0CF17	2348
YML004C	P50107	2349
YML005W	Q04235	2350
YML006C	Q04233	2351
YML007W	P19880	2352
YML008C	P25087	2353
YML010W	P27692	2354
YML011C	Q04231	2355
YML012W	P54837	2356
YML014W	P49957	2357
YML015C	Q04226	2358
YML016C	P26570	2359
YML017W	P50109	2360
YML021C	P12887	2361
YML024W	P02407	2362
YML025C	P51998	2363
YML027W	P34161	2364
YML028W	P34760	2365
YML029W	Q03714	2366
YML031W	P32500	2367
YML032C	P06778	2368
YML034W	Q03707	2369
YML035C	P15274	2370
YML036W	Q03705	2371
YML041C	Q03433	2372
YML042W	P32796	2373
YML043C	Q04712	2374
YML046W	P39682	2375
YML047C	Q04705	2376
YML049C	Q04693	2377
YML051W	P04387	2378
YML052W	P54003	2379
YML055W	Q04969	2380
YML056C	P50094	2381
YML057W	P14747	2382
YML058W	Q04964	2383
YML059C	Q04958	2384
YML060W	P53397	2385
YML061C	P07271	2386
YML062C	P33441	2387
YML064C	P38987	2388
YML065W	P54784	2389
YML066C	Q04658	2390
YML069W	Q04636	2391
YML070W	P54838	2392
YML071C	Q04632	2393
YML072C	Q03640	2394
YML076C	Q03631	2395
YML078W	P25719	2396
YML079W	Q03629	2397
YML085C	P09733	2398
YML091C	Q02773	2399
YML092C	P23639	2400
YML093W	Q04500	2401
YML094W	Q04493	2402
YML095C	P06838	2403
YML096W	Q04489	2404
YML097C	P54787	2405
YML098W	P11747	2406
YML100W	P38427	2407
YML101C	Q04201	2408
YML102W	Q04199	2409
YML103C	P52593	2410
YML104C	Q01846	2411
YML105C	P29478	2412
YML106W	P13298	2413
YML107C	Q03760	2414
YML109W	P54786	2415
YML111W	Q03758	2416
YML112W	P46963	2417
YML114C	Q03750	2418
YML116W	P13090	2419
YML117W	Q03735	2420
YML119W	Q03208	2421
YML121W	Q00582	2422
YML124C	P09734	2423
YML125C	Q12746	2424
YML126C	P54839	2425
YML127W	Q03124	2426
YML128C	Q03104	2427
YML131W	Q03102	2428
YMR001C	P32562	2429
YMR004W	P40959	2430
YMR005W	P50105	2431
YMR007W	Q03675	2432
YMR008C	P39105	2433
YMR010W	Q03687	2434
YMR012W	Q03690	2435
YMR014W	Q04347	2436
YMR016C	P53438	2437
YMR019W	P50104	2438
YMR020W	P50264	2439
YMR021C	P35192	2440
YMR023C	P32559	2441
YMR024W	P36516	2442
YMR025W	Q04368	2443
YMR028W	Q04372	2444
YMR029C	Q05040	2445
YMR031C	Q05050	2446
YMR032W	Q05080	2447
YMR033W	Q05123	2448
YMR034C	Q05131	2449
YMR035W	P46972	2450
YMR037C	P33748	2451
YMR038C	P40202	2452
YMR041C	Q04212	2453
YMR043W	P11746	2454
YMR044W	Q04213	2455
YMR047C	Q02630	2456
YMR048W	Q04659	2457
YMR049C	Q04660	2458
YMR053C	P46679	2459
YMR054W	P37296	2460
YMR061W	P25298	2461
YMR063W	Q04734	2462
YMR064W	P32493	2463
YMR066W	Q04748	2464
YMR067C	P54730	2465
YMR068W	Q04749	2466
YMR070W	P54785	2467
YMR071C	Q04767	2468
YMR072W	Q02486	2469
YMR074C	Q04773	2470
YMR075W	Q04779	2471
YMR076C	Q04264	2472
YMR078C	P49956	2473
YMR079W	P24280	2474
YMR080C	P30771	2475
YMR083W	P07246	2476
YMR085W	P0CF18	2477
YMR086W	Q04279	2478
YMR089C	P40341	2479
YMR091C	P32832	2480
YMR092C	P46680	2481
YMR093W	Q04305	2482
YMR097C	Q03151	2483
YMR098C	Q03153	2484
YMR099C	Q03161	2485
YMR100W	Q03162	2486
YMR101C	Q03175	2487
YMR102C	Q03177	2488
YMR104C	P18961	2489
YMR105C	P37012	2490
YMR108W	P07342	2491
YMR109W	Q04439	2492
YMR110C	Q04458	2493
YMR111C	Q04461	2494
YMR112C	Q99278	2495
YMR113W	Q12676	2496
YMR114C	Q04471	2497
YMR116C	P38011	2498
YMR117C	Q04477	2499
YMR118C	Q04487	2500
YMR120C	P38009	2501
YMR123W	Q03880	2502
YMR124W	P39523	2503
YMR125W	P34160	2504
YMR128W	Q04217	2505
YMR131C	Q04225	2506
YMR132C	P40206	2507
YMR133W	P32841	2508
YMR134W	P40207	2509
YMR135C	P40208	2510
YMR137C	P30620	2511
YMR139W	P38615	2512
YMR140W	P40210	2513
YMR144W	P40214	2514
YMR145C	P40215	2515
YMR146C	P40217	2516
YMR149W	Q02795	2517
YMR153W	Q03790	2518
YMR154C	Q03792	2519
YMR157C	Q03798	2520
YMR158W	Q03799	2521
YMR159C	Q03818	2522
YMR161W	P48353	2523
YMR163C	Q03824	2524
YMR165C	P32567	2525
YMR167W	P38920	2526
YMR169C	P54114	2527
YMR170C	P47771	2528
YMR172W	Q03213	2529
YMR173W	P18899	2530
YMR176W	Q03214	2531
YMR180C	Q03220	2532
YMR183C	P39926	2533
YMR186W	P15108	2534
YMR187C	Q03236	2535
YMR188C	Q03246	2536
YMR190C	P35187	2537
YMR191W	P42933	2538
YMR192W	Q04322	2539
YMR193W	P36525	2540
YMR196W	Q04336	2541
YMR198W	Q01649	2542
YMR200W	Q03691	2543
YMR201C	P28519	2544
YMR205C	P16862	2545
YMR207C	P32874	2546
YMR209C	Q03648	2547
YMR210W	Q03649	2548
YMR212C	Q03653	2549
YMR213W	Q03654	2550
YMR214W	P25303	2551
YMR216C	Q03656	2552
YMR218C	Q03660	2553
YMR219W	Q03661	2554
YMR221C	Q04991	2555
YMR222C	Q05015	2556
YMR223W	P50102	2557
YMR224C	P32829	2558
YMR227C	Q05021	2559
YMR228W	P14908	2560
YMR229C	Q05022	2561
YMR230W	P46784	2562
YMR232W	Q05670	2563
YMR234W	Q04740	2564
YMR236W	Q05027	2565
YMR237W	Q05029	2566
YMR239C	Q02555	2567
YMR240C	Q02554	2568
YMR246W	P47912	2569
YMR247C	Q04781	2570
YMR250W	Q04792	2571
YMR255W	Q04839	2572
YMR257C	P08468	2573
YMR258C	Q04847	2574
YMR259C	Q03496	2575
YMR260C	P38912	2576
YMR261C	P38426	2577
YMR263W	P38429	2578
YMR266W	Q03516	2579
YMR267W	P28239	2580
YMR268C	P49960	2581
YMR271C	P30402	2582
YMR272C	Q03529	2583
YMR275C	P48524	2584
YMR276W	P48510	2585
YMR277W	Q03254	2586
YMR280C	P39113	2587
YMR282C	P22136	2588
YMR284W	P32807	2589
YMR287C	P39112	2590
YMR288W	P49955	2591
YMR289W	Q03266	2592
YMR290C	Q03532	2593
YMR291W	Q03533	2594
YMR295C	Q03559	2595
YMR297W	P00729	2596
YMR300C	P04046	2597
YMR301C	P40416	2598
YMR302C	P32843	2599
YMR304W	P50101	2600
YMR307W	P22146	2601
YMR308C	P32337	2602
YMR309C	P32497	2603
YMR310C	Q04867	2604
YMR311C	P41818	2605
YMR312W	Q04868	2606
YMR313C	P40308	2607
YMR314W	P40302	2608
YMR315W	Q04869	2609
YMR317W	Q04893	2610
YMR319C	P40988	2611
YMR321C	Q04898	2612
YMR322C	Q04902	2613
YMR323W	P42222	2614
YNL002C	P40693	2615
YNL004W	P38922	2616
YNL005C	P12687	2617
YNL009W	P53982	2618
YNL014W	P53978	2619
YNL015W	P0CT04	2620
YNL020C	P53974	2621
YNL021W	P53973	2622
YNL022C	P53972	2623
YNL023C	P53971	2624
YNL024C	Q8TGJ3	2625
YNL025C	P47821	2626
YNL026W	P53969	2627
YNL027W	P53968	2628
YNL030W	P02309	2629
YNL031C	P61830	2630
YNL032W	P53965	2631
YNL035C	P53962	2632
YNL037C	P28834	2633
YNL039W	P46678	2634
YNL041C	P53959	2635
YNL042W	P53958	2636
YNL044W	P53633	2637
YNL045W	Q10740	2638
YNL047C	P53955	2639
YNL048W	P53954	2640
YNL049C	P53953	2641
YNL050C	P53952	2642
YNL051W	P53951	2643
YNL052W	P00424	2644
YNL053W	P38590	2645
YNL054W	P53950	2646
YNL055C	P04840	2647
YNL056W	P53949	2648
YNL059C	P53946	2649
YNL061W	P40991	2650
YNL062C	P41814	2651
YNL065W	P53943	2652
YNL067W	P51401	2653
YNL068C	P41813	2654
YNL071W	P12695	2655
YNL072W	P53942	2656
YNL073W	P32048	2657
YNL075W	P53941	2658
YNL076W	P34072	2659
YNL077W	P53940	2660
YNL078W	P53939	2661
YNL079C	P17536	2662
YNL081C	P53937	2663
YNL082W	P14242	2664
YNL083W	D6W196	2665
YNL084C	P39013	2666
YNL085W	P40850	2667
YNL086W	P48232	2668
YNL087W	P48231	2669
YNL088W	P06786	2670
YNL091W	P53935	2671
YNL092W	P53934	2672
YNL094W	P53933	2673
YNL097C	P50947	2674
YNL098C	P01120	2675
YNL099C	P50946	2676
YNL102W	P13382	2677
YNL103W	P32389	2678
YNL104C	P06208	2679
YNL106C	P50942	2680
YNL107W	P53930	2681
YNL110C	P53927	2682
YNL111C	P40312	2683
YNL112W	P24783	2684
YNL113W	P28000	2685
YNL115C	P53925	2686
YNL117W	P30952	2687
YNL118C	P53550	2688
YNL119W	P53923	2689
YNL122C	P53921	2690
YNL123W	P53920	2691
YNL125C	P53918	2692
YNL126W	P53540	2693
YNL127W	P53917	2694
YNL130C	P17898	2695
YNL132W	P53914	2696
YNL134C	P53912	2697
YNL135C	P20081	2698
YNL136W	P53911	2699
YNL137C	P27929	2700
YNL138W	P17555	2701
YNL140C	P53910	2702
YNL147W	P53905	2703
YNL149C	P53903	2704
YNL150W	P53902	2705
YNL151C	P17890	2706
YNL153C	P53900	2707
YNL154C	P23292	2708
YNL155W	P53899	2709
YNL161W	P53894	2710
YNL162W	P0CX27	2711
YNL163C	P53893	2712
YNL164C	P53892	2713
YNL165W	P53891	2714
YNL167C	Q02100	2715
YNL168C	P53889	2716
YNL169C	P39006	2717
YNL170W	P53888	2718
YNL172W	P53886	2719
YNL175C	P53883	2720
YNL176C	P53882	2721
YNL177C	P53881	2722
YNL181W	P53878	2723
YNL182C	P53877	2724
YNL183C	P22211	2725
YNL185C	P53875	2726
YNL186W	P53874	2727
YNL188W	P11927	2728
YNL193W	P53870	2729
YNL197C	P34761	2730
YNL199C	Q01722	2731
YNL201C	P40164	2732
YNL202W	P32573	2733
YNL206C	P40161	2734
YNL207W	P40160	2735
YNL208W	P40159	2736
YNL209W	P40150	2737
YNL215W	P40154	2738
YNL216W	P11938	2739
YNL218W	P40151	2740
YNL220W	P80210	2741
YNL221C	P41812	2742
YNL222W	P53538	2743
YNL223W	P53867	2744
YNL224C	P53866	2745
YNL225C	P53865	2746
YNL227C	P53863	2747
YNL229C	P23202	2748
YNL230C	P53861	2749
YNL232W	P53859	2750
YNL233W	P53858	2751
YNL234W	P53857	2752
YNL236W	P32259	2753
YNL238W	P13134	2754
YNL239W	Q01532	2755
YNL240C	P23503	2756
YNL243W	P33338	2757
YNL244C	P32911	2758
YNL246W	P53853	2759
YNL247W	P53852	2760
YNL248C	Q01080	2761
YNL250W	P12753	2762
YNL251C	P53617	2763
YNL252C	P36528	2764
YNL253W	P53851	2765
YNL254C	P53850	2766
YNL255C	P53849	2767
YNL256W	P53848	2768
YNL257C	P38717	2769
YNL260C	P53846	2770
YNL261W	P50874	2771
YNL262W	P21951	2772
YNL263C	P53845	2773
YNL264C	P53844	2774
YNL265C	P53843	2775
YNL267W	P39104	2776
YNL268W	P32487	2777
YNL269W	P53841	2778
YNL271C	P41832	2779
YNL272C	P17065	2780
YNL273W	P53840	2781
YNL274C	P53839	2782
YNL275W	P53838	2783
YNL277W	P08465	2784
YNL278W	P53836	2785
YNL281W	P53834	2786
YNL282W	P53833	2787
YNL284C	Q12112	2788
YNL286W	P53830	2789
YNL287W	P32074	2790
YNL288W	P53829	2791
YNL290W	P38629	2792
YNL291C	P41821	2793
YNL292W	P48567	2794
YNL293W	P48566	2795
YNL294C	P48565	2796
YNL297C	P48563	2797
YNL299W	P48561	2798
YNL304W	P48559	2799
YNL306W	P42847	2800
YNL307C	P21965	2801
YNL308C	P42846	2802
YNL310C	P42844	2803
YNL311C	P42843	2804
YNL312W	P26754	2805
YNL313C	P42842	2806
YNL315C	P32453	2807
YNL317W	P42841	2808
YNL318C	P42833	2809
YNL321W	P42839	2810
YNL325C	P42837	2811
YNL326C	P42836	2812
YNL327W	P42835	2813
YNL329C	P33760	2814
YNL330C	P32561	2815
YNR001C	P00890	2816
YNR003C	P32910	2817
YNR006W	P40343	2818
YNR007C	P40344	2819
YNR010W	P33308	2820
YNR011C	P20095	2821
YNR013C	P27514	2822
YNR014W	P53719	2823
YNR016C	Q00955	2824
YNR021W	P53723	2825
YNR022C	P53724	2826
YNR023W	P53628	2827
YNR024W	P53725	2828
YNR030W	P53730	2829
YNR031C	P53599	2830
YNR033W	P37254	2831
YNR034W	P50278	2832
YNR035C	P53731	2833
YNR036C	P53732	2834
YNR037C	P53733	2835
YNR038W	P53734	2836
YNR039C	P53735	2837
YNR043W	P32377	2838
YNR045W	P07390	2839
YNR046W	P53738	2840
YNR047W	P53739	2841
YNR050C	P38999	2842
YNR051C	P53741	2843
YNR052C	P39008	2844
YNR053C	P53742	2845
YNR054C	P53743	2846
YNR056C	P53744	2847
YNR058W	P50277	2848
YNR060W	P53746	2849
YNR062C	P53748	2850
YNR067C	P53753	2851
YNR068C	P53754	2852
YNR074C	P52923	2853
YOL001W	P20052	2854
YOL004W	P22579	2855
YOL005C	P38902	2856
YOL006C	P04786	2857
YOL008W	Q08058	2858
YOL010W	Q08096	2859
YOL011W	Q08108	2860
YOL012C	Q12692	2861
YOL013C	Q08109	2862
YOL016C	P22517	2863
YOL017W	Q08119	2864
YOL018C	Q08144	2865
YOL021C	Q08162	2866
YOL022C	P25040	2867
YOL023W	P25038	2868
YOL024W	Q08172	2869
YOL025W	Q92325	2870
YOL027C	Q08179	2871
YOL028C	Q08182	2872
YOL030W	Q08193	2873
YOL033W	P48525	2874
YOL034W	Q08204	2875
YOL038W	P40303	2876
YOL041C	Q08208	2877
YOL043C	Q08214	2878
YOL045W	Q08217	2879
YOL047C	Q08218	2880
YOL051W	P19659	2881
YOL052C	P21182	2882
YOL054W	Q12161	2883
YOL057W	Q08225	2884
YOL058W	P22768	2885
YOL059W	P41911	2886
YOL061W	Q12265	2887
YOL062C	Q99186	2888
YOL063C	Q08226	2889
YOL064C	P32179	2890
YOL065C	Q08227	2891
YOL067C	P32607	2892
YOL068C	P53685	2893
YOL069W	P33895	2894
YOL070C	Q08229	2895
YOL072W	Q08231	2896
YOL076W	Q12387	2897
YOL077C	Q08235	2898
YOL078W	Q08236	2899
YOL081W	P19158	2900
YOL083W	Q12292	2901
YOL087C	Q99247	2902
YOL088C	Q99316	2903
YOL090W	P25847	2904
YOL092W	Q12010	2905
YOL093W	Q12400	2906
YOL094C	P40339	2907
YOL097C	Q12109	2908
YOL098C	Q12496	2909
YOL100W	Q12236	2910
YOL101C	Q99393	2911
YOL103W	Q12273	2912
YOL108C	P13902	2913
YOL109W	Q08245	2914
YOL111C	Q12285	2915
YOL113W	Q12469	2916
YOL114C	Q12322	2917
YOL115W	P53632	2918
YOL117W	Q12348	2919
YOL118C	Q08259	2920
YOL120C	P0CX49	2921
YOL122C	P38925	2922
YOL124C	Q12463	2923
YOL126C	P22133	2924
YOL133W	Q08273	2925
YOL135C	Q08278	2926
YOL136C	Q12471	2927
YOL138C	Q08281	2928
YOL139C	P07260	2929
YOL142W	Q08285	2930
YOL143C	P50861	2931
YOL144W	Q08287	2932
YOL145C	P89105	2933
YOL146W	Q12146	2934
YOL148C	P50875	2935
YOL149W	Q12517	2936
YOL152W	Q12333	2937
YOL154W	Q12512	2938
YOL155C	Q05164	2939
YOL159C	Q08300	2940
YOL164W	Q08347	2941
YOR001W	Q12149	2942
YOR002W	Q12001	2943
YOR003W	P25036	2944
YOR004W	Q12339	2945
YOR007C	Q12118	2946
YOR009W	Q12218	2947
YOR013W	Q12479	2948
YOR014W	P38903	2949
YOR017W	P32606	2950
YOR018W	Q02805	2951
YOR019W	Q99248	2952
YOR021C	Q12314	2953
YOR022C	Q12204	2954
YOR023C	Q12433	2955
YOR025W	P53687	2956
YOR026W	P26449	2957
YOR027W	P15705	2958
YOR028C	P40917	2959
YOR030W	Q99234	2960
YOR033C	P39875	2961
YOR035C	P51534	2962
YOR036W	P32854	2963
YOR038C	P32480	2964
YOR039W	P38930	2965
YOR040W	Q12320	2966
YOR042W	Q08412	2967
YOR043W	P12611	2968
YOR046C	P20449	2969
YOR048C	Q02792	2970
YOR049C	Q08417	2971
YOR051C	Q08421	2972
YOR052C	Q08422	2973
YOR054C	Q08438	2974
YOR056C	Q08444	2975
YOR057W	Q08446	2976
YOR058C	P50275	2977
YOR060C	Q08457	2978
YOR061W	P19454	2979
YOR064C	Q08465	2980
YOR066W	Q08471	2981
YOR069W	Q92331	2982
YOR070C	Q08484	2983
YOR073W	Q08490	2984
YOR074C	P06785	2985
YOR075W	P41834	2986
YOR076C	Q08491	2987
YOR078W	Q08492	2988
YOR080W	Q08496	2989
YOR081C	Q12043	2990
YOR083W	Q12416	2991
YOR086C	Q12466	2992
YOR087W	Q12324	2993
YOR089C	P36017	2994
YOR090C	Q12511	2995
YOR091W	Q12000	2996
YOR092W	Q99252	2997
YOR093C	Q12275	2998
YOR097C	Q12274	2999
YOR098C	P20676	3000
YOR100C	Q12289	3001
YOR101W	P01119	3002
YOR108W	Q12166	3003
YOR110W	Q12415	3004
YOR111W	Q99210	3005
YOR112W	Q12453	3006
YOR113W	P41696	3007
YOR115C	Q99394	3008
YOR116C	P04051	3009
YOR117W	P33297	3010
YOR118W	Q12108	3011
YOR119C	Q12196	3012
YOR123C	P38439	3013
YOR124C	Q01476	3014
YOR127W	P39083	3015
YOR128C	P21264	3016
YOR132W	P32913	3017
YOR133W	P32324	3018
YOR136W	P28241	3019
YOR137C	Q12212	3020
YOR138C	Q12242	3021
YOR140W	P20134	3022
YOR141C	Q12386	3023
YOR142W	P53598	3024
YOR145C	Q99216	3025
YOR148C	Q02521	3026
YOR151C	P08518	3027
YOR153W	P33302	3028
YOR154W	Q12232	3029
YOR156C	Q12216	3030
YOR157C	P25043	3031
YOR158W	P17558	3032
YOR159C	Q12330	3033
YOR161C	Q12412	3034
YOR162C	Q12172	3035
YOR164C	Q12125	3036
YOR168W	P13188	3037
YOR171C	Q12246	3038
YOR172W	Q12340	3039
YOR173W	Q12123	3040
YOR174W	Q12343	3041
YOR176W	P16622	3042
YOR177C	Q08550	3043
YOR179C	Q08553	3044
YOR181W	Q12446	3045
YOR184W	P33330	3046
YOR185C	P32836	3047
YOR188W	P21339	3048
YOR189W	Q08561	3049
YOR191W	Q08562	3050
YOR192C	Q12113	3051
YOR193W	Q08580	3052
YOR194C	P32773	3053
YOR195W	Q08581	3054
YOR196C	P32875	3055
YOR197W	Q08601	3056
YOR198C	P38934	3057
YOR201C	P25270	3058
YOR206W	P39744	3059
YOR207C	P22276	3060
YOR209C	P39683	3061
YOR210W	P22139	3062
YOR211C	P32266	3063
YOR212W	P18851	3064
YOR213C	Q99314	3065
YOR216C	Q12234	3066
YOR217W	P38630	3067
YOR219C	P33894	3068
YOR220W	Q12044	3069
YOR223W	Q12015	3070
YOR224C	P20436	3071
YOR227W	Q12276	3072
YOR230W	Q12363	3073
YOR231W	P32490	3074
YOR233W	Q01919	3075
YOR236W	P07807	3076
YOR238W	Q08634	3077
YOR241W	Q08645	3078
YOR242C	Q08646	3079
YOR243C	Q08647	3080
YOR244W	Q08649	3081
YOR249C	Q08683	3082
YOR250C	Q08685	3083
YOR252W	Q08687	3084
YOR253W	Q08689	3085
YOR254C	P14906	3086
YOR257W	P06704	3087
YOR259C	P53549	3088
YOR260W	P09032	3089
YOR261C	Q08723	3090
YOR262W	Q08726	3091
YOR265W	P48606	3092
YOR267C	Q08732	3093
YOR269W	P39946	3094
YOR270C	P32563	3095
YOR272W	Q12024	3096
YOR275C	Q12033	3097
YOR276W	P12962	3098
YOR279C	Q12192	3099
YOR281C	Q12017	3100
YOR284W	Q12134	3101
YOR287C	Q12481	3102
YOR289W	Q12012	3103
YOR290C	P22082	3104
YOR291W	Q12697	3105
YOR293W	Q08745	3106
YOR296W	Q08748	3107
YOR299W	Q08754	3108
YOR303W	P07258	3109
YOR304W	Q08773	3110
YOR305W	Q08774	3111
YOR308C	Q12420	3112
YOR310C	Q12499	3113
YOR315W	Q12507	3114
YOR316C	P32798	3115
YOR319W	Q99181	3116
YOR320C	Q12096	3117
YOR321W	P47190	3118
YOR323C	P54885	3119
YOR324C	Q99332	3120
YOR326W	P19524	3121
YOR328W	P51533	3122
YOR329C	P34758	3123
YOR330C	P15801	3124
YOR334W	Q01926	3125
YOR335C	P40825	3126
YOR336W	P22023	3127
YOR340C	P46669	3128
YOR341W	P10964	3129
YOR342C	Q12182	3130
YOR346W	P12689	3131
YOR347C	P52489	3132
YOR348C	P15380	3133
YOR352W	Q08816	3134
YOR353C	Q08817	3135
YOR355W	P41913	3136
YOR356W	Q08822	3137
YOR358W	Q02516	3138
YOR359W	Q08831	3139
YOR360C	P06776	3140
YOR361C	P06103	3141
YOR362C	P21242	3142
YOR363C	P52960	3143
YOR365C	Q08844	3144
YOR367W	Q08873	3145
YOR368W	P48581	3146
YOR370C	P32864	3147
YOR371C	Q08886	3148
YOR372C	Q08887	3149
YOR374W	P46367	3150
YOR375C	P07262	3151
YOR380W	Q08904	3152
YOR381W	Q08905	3153
YOR386W	P05066	3154
YOR389W	Q08912	3155
YPL001W	Q12341	3156
YPL002C	Q12483	3157
YPL003W	Q12059	3158
YPL004C	Q12230	3159
YPL005W	Q12089	3160
YPL006W	Q12200	3161
YPL007C	Q12308	3162
YPL008W	P22516	3163
YPL009C	Q12532	3164
YPL010W	P53600	3165
YPL011C	Q12297	3166
YPL012W	Q12754	3167
YPL013C	Q02608	3168
YPL016W	P09547	3169
YPL018W	Q02732	3170
YPL020C	Q02724	3171
YPL022W	P06777	3172
YPL023C	P46151	3173
YPL024W	Q02685	3174
YPL028W	P41338	3175
YPL031C	P17157	3176
YPL032C	Q03088	3177
YPL033C	Q03085	3178
YPL035C	O13521	3179
YPL037C	Q02642	3180
YPL040C	P48526	3181
YPL042C	P39073	3182
YPL043W	P37838	3183
YPL046C	Q03071	3184
YPL047W	Q03067	3185
YPL048W	P29547	3186
YPL049C	Q03063	3187
YPL051W	Q02804	3188
YPL055C	Q02796	3189
YPL057C	P33300	3190
YPL058C	Q02785	3191
YPL059W	Q02784	3192
YPL061W	P54115	3193
YPL063W	Q02776	3194
YPL064C	Q02770	3195
YPL065W	Q02767	3196
YPL066W	Q12194	3197
YPL069C	Q12051	3198
YPL070W	Q02866	3199
YPL074W	P40328	3200
YPL075W	P07261	3201
YPL077C	Q02831	3202
YPL078C	P05626	3203
YPL081W	O13516	3204
YPL082C	P32333	3205
YPL084W	P48582	3206
YPL085W	P48415	3207
YPL086C	Q02908	3208
YPL088W	Q02895	3209
YPL089C	Q12224	3210
YPL090C	P0CX37	3211
YPL091W	P41921	3212
YPL093W	Q02892	3213
YPL095C	Q02891	3214
YPL096W	Q02890	3215
YPL099C	Q02888	3216
YPL101W	Q02884	3217
YPL103C	Q02883	3218
YPL105C	Q02875	3219
YPL108W	Q02872	3220
YPL110C	Q02979	3221
YPL111W	P00812	3222
YPL115C	P32873	3223
YPL116W	Q02959	3224
YPL117C	P15496	3225
YPL118W	Q02950	3226
YPL119C	P24784	3227
YPL120W	Q02948	3228
YPL122C	Q02939	3229
YPL126W	Q02931	3230
YPL127C	P53551	3231
YPL128C	Q02457	3232
YPL129W	P35189	3233
YPL133C	P19541	3234
YPL136W	O13519	3235
YPL137C	Q03016	3236
YPL138C	Q03012	3237
YPL139C	Q03010	3238
YPL140C	P32491	3239
YPL141C	Q03002	3240
YPL144W	Q12245	3241
YPL145C	P35844	3242
YPL146C	Q12080	3243
YPL147W	P41909	3244
YPL150W	Q12152	3245
YPL151C	Q12417	3246
YPL152W	Q12461	3247
YPL153C	P22216	3248
YPL154C	P07267	3249
YPL155C	P28743	3250
YPL158C	Q99299	3251
YPL160W	P26637	3252
YPL161C	P39011	3253
YPL166W	Q12092	3254
YPL167C	P14284	3255
YPL168W	Q12467	3256
YPL169C	Q99257	3257
YPL170W	Q12091	3258
YPL172C	P21592	3259
YPL173W	P36534	3260
YPL174C	P33420	3261
YPL177C	P41817	3262
YPL178W	Q08920	3263
YPL179W	P32945	3264
YPL181W	Q08923	3265
YPL183C	Q08924	3266
YPL188W	Q06892	3267
YPL190C	P38996	3268
YPL191C	Q08930	3269
YPL194W	Q08949	3270
YPL195W	Q08951	3271
YPL197C	Q08953	3272
YPL199C	Q08954	3273
YPL201C	Q08956	3274
YPL203W	P06245	3275
YPL206C	Q08959	3276
YPL207W	Q08960	3277
YPL208W	Q08961	3278
YPL209C	P38991	3279
YPL210C	P38688	3280
YPL211W	Q08962	3281
YPL212C	Q12211	3282
YPL213W	Q08963	3283
YPL216W	Q08964	3284
YPL217C	Q08965	3285
YPL218W	P20606	3286
YPL219W	Q08966	3287
YPL220W	P0CX43	3288
YPL222W	Q08968	3289
YPL224C	Q08970	3290
YPL225W	Q08971	3291
YPL226W	Q08972	3292
YPL227C	P40350	3293
YPL228W	O13297	3294
YPL230W	Q12132	3295
YPL231W	P19097	3296
YPL233W	Q12143	3297
YPL235W	Q12464	3298
YPL236C	Q12003	3299
YPL239W	P46683	3300
YPL240C	P02829	3301
YPL242C	Q12280	3302
YPL243W	P38687	3303
YPL244C	Q12520	3304
YPL245W	Q12179	3305
YPL247C	Q12523	3306
YPL248C	P04386	3307
YPL249C	Q12344	3308
YPL249C-A	O14455	3309
YPL254W	Q12060	3310
YPL255W	Q12365	3311
YPL259C	Q00776	3312
YPL260W	Q08977	3313
YPL263C	Q08979	3314
YPL268W	P32383	3315
YPL270W	P33311	3316
YPR001W	P43635	3317
YPR002W	Q12428	3318
YPR003C	P53394	3319
YPR004C	Q12480	3320
YPR005C	Q01766	3321
YPR007C	Q12188	3322
YPR008W	Q12753	3323
YPR010C	P22138	3324
YPR014C	Q6B0W2	3325
YPR018W	Q12495	3326
YPR019W	P30665	3327
YPR021C	Q12482	3328
YPR023C	Q12432	3329
YPR025C	P37366	3330
YPR028W	Q12402	3331
YPR029C	Q12028	3332
YPR030W	Q12734	3333
YPR031W	Q12311	3334
YPR033C	P07263	3335
YPR034W	Q12406	3336
YPR035W	P32288	3337
YPR036W	P41807	3338
YPR037C	Q12284	3339
YPR041W	P38431	3340
YPR042C	Q12221	3341
YPR045C	Q12049	3342
YPR046W	Q12262	3343
YPR048W	Q12181	3344
YPR049C	Q12527	3345
YPR051W	Q03503	3346
YPR052C	P11632	3347
YPR054W	P41808	3348
YPR055W	P32855	3349
YPR056W	Q12004	3350
YPR057W	Q99177	3351
YPR058W	P32331	3352
YPR060C	P32178	3353
YPR061C	Q12350	3354
YPR062W	Q12178	3355
YPR065W	P25042	3356
YPR067W	Q12425	3357
YPR068C	Q12214	3358
YPR069C	Q12074	3359
YPR070W	Q12321	3360
YPR072W	Q12514	3361
YPR073C	P40347	3362
YPR074C	P23254	3363
YPR075C	Q06810	3364
YPR078C	Q06813	3365
YPR079W	Q06815	3366
YPR080W	P02994	3367
YPR081C	Q06817	3368
YPR083W	Q06820	3369
YPR086W	P29055	3370
YPR088C	P20424	3371
YPR089W	O13585	3372
YPR093C	Q06834	3373
YPR095C	Q06836	3374
YPR101W	Q06091	3375
YPR103W	P30656	3376
YPR106W	Q06098	3377
YPR107C	Q06102	3378
YPR108W	Q06103	3379
YPR110C	P07703	3380
YPR112C	Q06106	3381
YPR114W	Q06107	3382
YPR115W	Q06108	3383
YPR116W	Q06109	3384
YPR117W	Q06116	3385
YPR118W	Q06489	3386
YPR119W	P24869	3387
YPR120C	P30283	3388
YPR127W	Q06494	3389
YPR131C	Q06504	3390
YPR133C	Q06505	3391
YPR134W	P08593	3392
YPR135W	Q01454	3393
YPR137W	Q06506	3394
YPR138C	P53390	3395
YPR140W	Q06510	3396
YPR141C	P17119	3397
YPR143W	Q06511	3398
YPR144C	Q06512	3399
YPR151C	Q06524	3400
YPR152C	Q06525	3401
YPR154W	Q06449	3402
YPR158W	P0C2J0	3403
YPR160W	P06738	3404
YPR161C	P23293	3405
YPR162C	P54791	3406
YPR163C	P34167	3407
YPR164W	Q06211	3408
YPR165W	P06780	3409
YPR166C	P10663	3410
YPR167C	P18408	3411
YPR168W	Q06213	3412
YPR169W	Q06214	3413
YPR171W	Q06604	3414
YPR172W	Q06608	3415
YPR173C	P52917	3416
YPR175W	P24482	3417
YPR178W	P20053	3418
YPR179C	Q06623	3419
YPR180W	Q06624	3420
YPR181C	P15303	3421
YPR182W	P54999	3422
YPR183W	P14020	3423
YPR184W	Q06625	3424
YPR186C	P39933	3425
YPR187W	P20435	3426
YPR188C	Q06580	3427
YPR189W	P17883	3428
YPR190C	P32349	3429
YPR191W	P07257	3430
YPR194C	Q06593	3431
YPR196W	Q06595	3432
YPR201W	Q06598	3433
